timestamp,temperature,distance,battery,humidity
01-09-2025 00:00,22.53774407,182.7774021,23.03979755,56.47402143
01-09-2025 00:01,27.13275642,170.7493228,30.40639038,55.82625441
01-09-2025 00:02,23.59841379,66.68221228,41.99636895,43.76664419
01-09-2025 00:03,14.51736969,99.77926059,27.38949765,66.15674888
01-09-2025 00:04,32.26294416,185.5720183,40.7515037,57.97391703
01-09-2025 00:05,21.85787369,138.1502492,73.17246592,66.44854725
01-09-2025 00:06,24.82419648,140.7810925,83.03810056,47.48449694
01-09-2025 00:07,29.5743408,79.6498624,46.71985291,66.06162691
01-09-2025 00:08,26.18726215,84.11905755,54.74494544,55.39262389
01-09-2025 00:09,24.09204342,53.61387244,50.52704382,42.1588788
01-09-2025 00:10,24.76864285,194.8723229,86.42072794,44.93788917
01-09-2025 00:11,26.88160839,188.6389411,61.00283875,64.20725926
01-09-2025 00:12,22.79397209,122.6518079,17.31953362,37.01841064
01-09-2025 00:13,28.92533962,100.6109335,23.07662537,41.8755701
01-09-2025 00:14,23.8330417,192.7301121,64.77968704,35.91171827
01-09-2025 00:15,23.63722715,173.6265939,90.25086123,72.27825255
01-09-2025 00:16,26.70573748,158.7777109,66.63822682,38.37244696
01-09-2025 00:17,35.25617116,102.7752388,89.75265044,41.14360359
01-09-2025 00:18,27.27808385,122.6203065,32.08354442,61.17639774
01-09-2025 00:19,28.55371144,62.00851854,24.67408879,33.38328681
01-09-2025 00:20,29.36626101,91.02637917,64.82318597,50.04762197
01-09-2025 00:21,27.73277694,114.2625811,57.12895686,34.24924248
01-09-2025 00:22,26.64577965,112.6196838,21.48406634,45.50527384
01-09-2025 00:23,27.25348768,195.4872539,23.14526298,48.25627909
01-09-2025 00:24,27.11411587,196.847317,42.33189405,22.50922588
01-09-2025 00:25,32.57771478,68.59472345,24.88461262,65.73053227
01-09-2025 00:26,20.16494823,125.0796027,30.34138164,65.82693886
01-09-2025 00:27,30.72014136,186.3012442,95.65346335,55.49932565
01-09-2025 00:28,22.17061831,177.1043934,57.97269959,53.22167769
01-09-2025 00:29,26.45125993,61.07145868,16.69078556,45.04351113
01-09-2025 00:30,18.73918056,161.8739683,45.79502434,67.02916884
01-09-2025 00:31,25.44650255,70.21631689,15.34479033,21.9490026
01-09-2025 00:32,20.54987346,53.39469042,42.43031501,78.05675662
01-09-2025 00:33,30.85490312,93.0818723,75.54307614,75.39910146
01-09-2025 00:34,26.41702596,147.2679472,82.14226884,75.08987127
01-09-2025 00:35,32.56842893,178.7320347,68.61090431,45.73663499
01-09-2025 00:36,29.32586573,124.511228,68.39605253,44.92947519
01-09-2025 00:37,23.67579116,106.5583422,67.35435422,41.70410485
01-09-2025 00:38,27.18243995,182.2711046,99.99695748,23.98449084
01-09-2025 00:39,21.77486991,73.75076927,96.79801101,62.89875507
01-09-2025 00:40,18.8149367,151.5319456,71.5256544,29.62007072
01-09-2025 00:41,34.38349906,143.5147446,93.07428763,43.50205751
01-09-2025 00:42,22.5332454,81.27079622,16.72315877,75.72037749
01-09-2025 00:43,30.40372504,56.59578201,40.77025833,76.33779085
01-09-2025 00:44,20.25555229,109.4825609,61.52824375,49.75475868
01-09-2025 00:45,12.83968756,113.2602813,77.67776298,29.44791416
01-09-2025 00:46,24.20578298,115.8712935,51.15983198,39.03841418
01-09-2025 00:47,29.6320181,51.28474795,65.68730903,22.29018806
01-09-2025 00:48,33.11338924,184.8264566,59.39018574,34.93944481
01-09-2025 00:49,30.27793573,196.6366036,23.99906876,73.16011827
01-09-2025 00:50,18.42576276,86.78584095,72.5371247,57.06049098
01-09-2025 00:51,22.80510682,177.149232,42.40317603,35.60481634
01-09-2025 00:52,23.39810422,63.27961346,31.64049691,31.44362695
01-09-2025 00:53,26.44581965,98.36891468,11.32289364,45.3579839
01-09-2025 00:54,30.23721,95.17623611,22.94029351,69.2304423
01-09-2025 00:55,24.92222181,60.74745989,45.80796262,47.83117713
01-09-2025 00:56,23.40805791,121.1662209,59.41348902,50.14179148
01-09-2025 00:57,28.64012827,197.6628923,64.92090992,35.69212253
01-09-2025 00:58,21.28749013,160.3385754,51.2825635,64.35812858
01-09-2025 00:59,18.81705128,150.5489718,51.8047838,41.61420614
01-09-2025 01:00,26.87891516,124.3082386,38.09950331,36.32127576
01-09-2025 01:01,25.65912986,140.9013248,23.81613311,53.09458241
01-09-2025 01:02,19.28831968,87.40373425,11.14817264,60.90308499
01-09-2025 01:03,36.07954015,118.935788,99.42019274,47.44685213
01-09-2025 01:04,33.874153,75.33604615,74.18952178,22.73128219
01-09-2025 01:05,24.97733502,134.3047258,47.00169126,28.75528251
01-09-2025 01:06,22.9163498,92.42704748,48.07355283,49.92431042
01-09-2025 01:07,36.30013193,68.36261251,28.42518795,56.63779233
01-09-2025 01:08,20.74344364,65.42796676,12.36660697,63.56987987
01-09-2025 01:09,24.15162254,179.9322247,41.44784933,22.6993761
01-09-2025 01:10,22.85029704,192.1281964,45.39991801,77.9255494
01-09-2025 01:11,27.5204411,121.9819679,30.38542128,48.66270533
01-09-2025 01:12,27.95322267,152.5723609,54.73667367,50.25023947
01-09-2025 01:13,20.58054727,178.0415788,88.2480423,32.12020189
01-09-2025 01:14,26.86803038,121.9255976,94.70296547,31.46234419
01-09-2025 01:15,23.61667813,62.71184441,51.31928616,36.61055455
01-09-2025 01:16,18.88815846,166.8895106,36.53471251,68.54038609
01-09-2025 01:17,25.7064271,159.4170556,75.22105961,38.47612046
01-09-2025 01:18,25.61298519,117.120433,82.02505312,53.82021793
01-09-2025 01:19,33.8846268,100.1349227,80.46248263,31.5472091
01-09-2025 01:20,28.19484602,141.3671826,27.38296321,69.48317159
01-09-2025 01:21,26.99039764,179.8296976,21.88231847,63.18436695
01-09-2025 01:22,17.59105004,165.849491,24.66492753,79.84951672
01-09-2025 01:23,26.3379174,76.09760142,46.09394319,28.16132087
01-09-2025 01:24,34.08733816,81.54758321,66.2755622,31.20455213
01-09-2025 01:25,38.49151914,154.8255894,75.12760425,27.27198604
01-09-2025 01:26,28.45144728,72.2711007,51.62301284,62.27330047
01-09-2025 01:27,35.68480817,62.7150615,98.78877225,63.29091851
01-09-2025 01:28,29.61003598,80.63806108,32.55746633,77.23917988
01-09-2025 01:29,28.52032098,73.42028123,69.55349545,42.70654627
01-09-2025 01:30,27.9577581,141.6017115,89.16651722,21.04544573
01-09-2025 01:31,19.86524857,73.95720736,41.41231112,45.96717899
01-09-2025 01:32,24.26933035,198.2857746,57.77898497,79.10853628
01-09-2025 01:33,26.33966828,157.5632884,85.24549014,67.28741875
01-09-2025 01:34,26.53570481,87.45300652,64.51407099,53.50606333
01-09-2025 01:35,35.44542969,169.7179924,46.27310268,41.46993729
01-09-2025 01:36,31.34967564,161.3156918,80.05657927,75.49413276
01-09-2025 01:37,27.29843511,122.4322187,68.06571019,59.44097672
01-09-2025 01:38,19.91343579,59.45349313,55.26514713,66.89536341
01-09-2025 01:39,29.92818669,176.7027567,91.00837365,49.63063518
01-09-2025 01:40,30.09765569,53.77326327,91.90572748,39.49479575
01-09-2025 01:41,20.54804279,174.3153108,19.05163021,75.57906316
01-09-2025 01:42,29.20178394,96.33963023,66.55180908,36.09890358
01-09-2025 01:43,31.4377005,170.8371311,12.53784193,28.074635
01-09-2025 01:44,27.37801368,69.8327302,67.98234067,73.5321645
01-09-2025 01:45,13.82948048,168.1570599,97.04036751,66.19142906
01-09-2025 01:46,18.33980726,178.0542267,39.24058476,29.25298908
01-09-2025 01:47,22.24674733,176.6303487,85.28756779,42.78818018
01-09-2025 01:48,21.64227248,94.61783416,84.66024777,32.56431937
01-09-2025 01:49,34.08096026,133.2728195,31.51484072,40.39729698
01-09-2025 01:50,24.60031499,130.3377743,83.7791276,49.18912867
01-09-2025 01:51,24.36872921,154.804827,85.48003663,32.21100867
01-09-2025 01:52,24.19136458,196.0767801,48.53371717,51.98368065
01-09-2025 01:53,22.06874833,135.9850983,38.74691978,40.64902156
01-09-2025 01:54,16.14495567,105.4814556,91.27979337,64.53662247
01-09-2025 01:55,21.6483123,173.558575,58.39957747,62.53762485
01-09-2025 01:56,28.2054671,166.9038368,67.77108305,21.24350301
01-09-2025 01:57,26.47293535,171.5119826,21.14003927,53.01863275
01-09-2025 01:58,29.69790693,76.59574977,72.54799946,20.39417213
01-09-2025 01:59,19.25907763,150.9887787,67.39554839,77.37472076
01-09-2025 02:00,15.18790892,83.40111854,35.17705406,72.69613185
01-09-2025 02:01,24.03540176,186.7540236,37.46568157,69.83650791
01-09-2025 02:02,24.64491232,83.8162553,51.91407011,72.78956169
01-09-2025 02:03,34.78914401,117.6968374,98.81859697,73.62256644
01-09-2025 02:04,29.68801656,65.31212208,91.68589639,21.20699664
01-09-2025 02:05,22.41330637,81.82220884,16.08827463,43.09157317
01-09-2025 02:06,26.67699508,94.82914044,67.93817422,74.662029
01-09-2025 02:07,32.24844203,127.7624295,90.10482959,26.57718701
01-09-2025 02:08,26.60243021,170.408543,50.05841895,68.77042927
01-09-2025 02:09,26.64688333,155.3016964,46.45764074,79.33576768
01-09-2025 02:10,25.13740854,184.9932304,97.61662217,54.65489612
01-09-2025 02:11,18.65194856,127.8434496,11.75085373,67.77810785
01-09-2025 02:12,25.63529974,95.0934245,77.41636479,61.93503515
01-09-2025 02:13,27.09905049,76.30528652,85.70579942,68.75215341
01-09-2025 02:14,23.96590148,102.4010844,47.4208027,54.55672542
01-09-2025 02:15,29.64578503,120.3005536,50.15527528,30.4763205
01-09-2025 02:16,26.47865697,189.4409595,67.45178732,78.14555127
01-09-2025 02:17,19.94616456,177.425852,12.84607454,52.31993722
01-09-2025 02:18,24.66960364,182.0197338,59.00678033,50.48973718
01-09-2025 02:19,31.97592974,114.1787353,39.71198577,48.87019759
01-09-2025 02:20,31.04593507,89.3240778,57.15705113,72.97172218
01-09-2025 02:21,28.69604758,172.2375893,63.25829463,73.43699941
01-09-2025 02:22,27.97840705,174.9288847,94.49673946,69.41541475
01-09-2025 02:23,17.68193339,183.8128631,11.93315372,78.13829883
01-09-2025 02:24,36.12383875,141.2135936,32.59178986,64.64600159
01-09-2025 02:25,31.67893735,69.27166887,68.77614015,41.60162986
01-09-2025 02:26,13.40451042,100.961539,64.03665582,76.04706945
01-09-2025 02:27,24.79991875,191.9416304,77.19935535,33.0263183
01-09-2025 02:28,24.49113032,158.078424,97.76809509,24.43397771
01-09-2025 02:29,33.54259609,160.9368907,41.86608357,73.28654021
01-09-2025 02:30,29.75438686,105.4574651,15.4728759,75.62848967
01-09-2025 02:31,35.33949596,108.0407993,83.55869844,31.66329713
01-09-2025 02:32,25.52974623,127.7190607,33.99548642,73.7837592
01-09-2025 02:33,29.53676149,194.1148131,42.54312761,39.19025338
01-09-2025 02:34,15.92823841,182.60756,16.83830851,48.48279595
01-09-2025 02:35,18.24140211,176.2611948,58.62172215,70.42896582
01-09-2025 02:36,26.88871608,97.8345397,18.44919889,33.78818882
01-09-2025 02:37,16.10238348,90.66591424,10.31185868,24.78900472
01-09-2025 02:38,20.3823442,88.4337695,21.52504814,59.89633801
01-09-2025 02:39,25.03579201,165.5258467,19.77177804,56.80311618
01-09-2025 02:40,22.85317865,146.3908683,95.86622941,27.90790878
01-09-2025 02:41,18.98969309,154.6547904,85.44163393,51.14943758
01-09-2025 02:42,26.28181327,181.9085392,98.37569353,39.10288502
01-09-2025 02:43,26.99289753,189.626893,39.38819987,49.22245613
01-09-2025 02:44,26.8232757,136.4693469,50.17012404,34.81253632
01-09-2025 02:45,19.05849882,132.3233342,61.29174497,29.48571902
01-09-2025 02:46,26.78553692,132.2670861,99.24019764,36.74029735
01-09-2025 02:47,16.04716412,186.0340443,82.73820528,70.45819425
01-09-2025 02:48,22.25725097,103.1059477,58.99976878,50.22056152
01-09-2025 02:49,20.0050468,198.9970173,90.6419667,76.79754564
01-09-2025 02:50,27.10748976,110.0525387,12.14198029,41.41700552
01-09-2025 02:51,34.97998005,75.88676287,99.86556088,24.5079603
01-09-2025 02:52,27.94423145,148.7286624,50.38848304,20.05021429
01-09-2025 02:53,25.97837117,140.5933069,92.90856987,40.87954282
01-09-2025 02:54,33.75302099,81.02139107,41.25399105,37.91334984
01-09-2025 02:55,16.49798079,123.3637047,45.41729565,68.41605583
01-09-2025 02:56,25.37549618,129.4960343,69.04028589,49.3552051
01-09-2025 02:57,32.80730146,155.2140391,80.74481785,30.58834063
01-09-2025 02:58,27.94903465,64.4848893,66.98550237,62.59477917
01-09-2025 02:59,23.35669435,192.0777774,23.55070553,71.78358366
01-09-2025 03:00,28.43519904,195.2729752,45.27921068,34.91775662
01-09-2025 03:01,21.3200305,73.75581693,96.76373939,23.09357684
01-09-2025 03:02,25.07099322,165.6977342,65.34741035,24.67911315
01-09-2025 03:03,19.87855897,62.411215,15.80930614,39.40729003
01-09-2025 03:04,36.84943927,123.329093,52.31169691,75.29278929
01-09-2025 03:05,28.04178514,171.6167314,84.401879,49.78533477
01-09-2025 03:06,31.74899011,105.8122206,56.22016456,22.7701104
01-09-2025 03:07,25.53410019,156.6599586,14.13492925,66.28456984
01-09-2025 03:08,26.24223104,116.4626835,33.24204261,35.14223528
01-09-2025 03:09,19.22254282,193.6285119,67.54628638,69.21328062
01-09-2025 03:10,28.68233018,103.2336259,96.23039687,44.71589176
01-09-2025 03:11,23.16989977,165.1484019,28.54910931,32.05778507
01-09-2025 03:12,33.68584986,83.57354654,18.87925903,56.36330935
01-09-2025 03:13,22.4777839,141.8502114,95.45720369,43.66247393
01-09-2025 03:14,33.81275983,188.0966586,17.23798462,31.39538054
01-09-2025 03:15,16.28065166,81.04084118,74.57321591,40.48060685
01-09-2025 03:16,26.03111828,125.7389114,64.92748448,53.0928668
01-09-2025 03:17,19.13915866,132.0930223,77.0198365,33.13816789
01-09-2025 03:18,19.76908187,84.96193639,74.81574683,50.02013878
01-09-2025 03:19,29.43753814,90.5146903,33.99622879,66.50725039
01-09-2025 03:20,21.27171246,91.13943204,45.93523102,41.74207802
01-09-2025 03:21,25.09152227,116.5994633,33.56235651,34.04044764
01-09-2025 03:22,19.5796616,156.5181747,17.22583931,50.47442684
01-09-2025 03:23,27.00573968,146.2039285,54.8388037,21.61193148
01-09-2025 03:24,27.52258979,176.6777242,13.2972255,64.40415444
01-09-2025 03:25,22.22287852,148.2629567,95.88178273,60.94911666
01-09-2025 03:26,19.51293372,185.5090952,84.19524161,23.28166896
01-09-2025 03:27,24.18814285,58.89890505,40.14707441,46.91469069
01-09-2025 03:28,16.92520254,164.8941862,31.39006826,39.14121374
01-09-2025 03:29,16.63740692,55.31667234,68.61937797,68.00542151
01-09-2025 03:30,35.05167195,105.7122917,51.85291851,47.03875188
01-09-2025 03:31,24.52926746,63.4227253,76.06202685,23.77628692
01-09-2025 03:32,24.70296271,58.01368767,69.28321426,46.53465095
01-09-2025 03:33,23.12129734,197.0425736,69.14411456,27.56928229
01-09-2025 03:34,24.93046339,149.2848197,96.55492291,60.42727594
01-09-2025 03:35,26.25936988,176.1266307,84.25296314,65.00775419
01-09-2025 03:36,25.07702684,67.41091871,18.17067505,43.53033666
01-09-2025 03:37,24.06184185,131.7595529,82.78312974,58.85144524
01-09-2025 03:38,28.26901175,96.25609821,43.39910426,24.93935409
01-09-2025 03:39,30.74954359,93.09775986,33.24756267,34.89245316
01-09-2025 03:40,16.66411726,151.2933305,54.71138922,54.12199877
01-09-2025 03:41,21.04101717,131.1637184,72.91363345,55.32795145
01-09-2025 03:42,16.4320537,182.8125324,31.05383408,27.96988697
01-09-2025 03:43,25.19338801,109.2237796,22.26863883,52.15199779
01-09-2025 03:44,32.13489042,140.7508658,87.70050493,29.24896477
01-09-2025 03:45,26.45618223,136.240681,14.94471784,37.79626673
01-09-2025 03:46,26.01252895,160.6001808,32.25751331,29.03579759
01-09-2025 03:47,10.06633366,153.5936637,70.83197817,34.02043484
01-09-2025 03:48,29.13497685,116.6590283,48.21497514,22.42024518
01-09-2025 03:49,34.33979428,57.6682042,54.74393543,67.25648626
01-09-2025 03:50,28.06272936,56.95640562,25.25148276,58.65575855
01-09-2025 03:51,32.85421732,107.5495534,27.65155252,28.41558534
01-09-2025 03:52,33.76087018,180.1046185,28.85910704,59.02120358
01-09-2025 03:53,17.47976242,81.62008369,32.94425003,48.15907695
01-09-2025 03:54,22.63431592,128.7289557,71.29638359,21.18785683
01-09-2025 03:55,18.97351258,83.74045369,36.23763926,75.53663642
01-09-2025 03:56,27.30475165,96.38328841,15.65147829,78.0427959
01-09-2025 03:57,25.60129329,82.82511243,36.98308063,67.75848153
01-09-2025 03:58,24.6597828,120.1760738,62.32953628,31.75125688
01-09-2025 03:59,19.50429615,175.791115,32.08151317,64.50543662
01-09-2025 04:00,25.50912537,59.0720285,61.38107872,71.31600375
01-09-2025 04:01,27.82053105,86.20907907,60.83909746,74.03332038
01-09-2025 04:02,27.00842131,102.4003669,29.70290407,55.31363949
01-09-2025 04:03,26.44258103,135.198052,43.00053027,51.46777667
01-09-2025 04:04,24.89273933,113.8376048,45.62229151,26.74321907
01-09-2025 04:05,18.31801724,129.0237108,25.73614579,69.06665877
01-09-2025 04:06,36.8774044,56.47648787,88.19693385,78.37175977
01-09-2025 04:07,31.93876328,122.5555278,15.99770699,71.45717795
01-09-2025 04:08,19.19865734,79.07669105,44.88357775,69.85643464
01-09-2025 04:09,18.43323041,63.82075396,78.63188959,24.60357906
01-09-2025 04:10,18.54075024,129.1146065,76.37137291,23.57195281
01-09-2025 04:11,27.33102025,68.75158727,39.32554361,61.52175706
01-09-2025 04:12,23.06086959,55.43620491,87.83806769,63.50107724
01-09-2025 04:13,10.77586885,67.60611553,39.17537806,23.54435761
01-09-2025 04:14,21.16926298,63.18402253,84.12954473,79.84334959
01-09-2025 04:15,27.19892197,65.60582264,35.88573806,51.44229384
01-09-2025 04:16,21.81469752,192.1397364,44.47314454,76.97547023
01-09-2025 04:17,12.31665539,63.40596696,42.44968189,26.97207114
01-09-2025 04:18,32.98116707,79.31657721,41.37942207,68.95840116
01-09-2025 04:19,22.22654075,102.1176736,13.87543341,78.94616559
01-09-2025 04:20,23.48365769,99.19705487,93.9273835,71.75128162
01-09-2025 04:21,26.1255578,194.5051314,64.40624648,32.57711111
01-09-2025 04:22,24.28255395,58.85103017,90.86962382,70.97374691
01-09-2025 04:23,23.32151092,175.0004873,87.03876617,31.12492021
01-09-2025 04:24,19.23941228,97.63166077,58.66088506,33.73165115
01-09-2025 04:25,20.84494664,73.60496585,69.12843818,42.36021281
01-09-2025 04:26,21.09523361,99.23155157,23.38699445,79.28841629
01-09-2025 04:27,20.5321453,143.515254,78.42422419,26.98357208
01-09-2025 04:28,29.81034658,62.40428447,28.787519,53.876582
01-09-2025 04:29,23.9810499,69.70432581,19.5153813,56.83379683
01-09-2025 04:30,34.25358533,151.9805082,28.42813366,66.70902595
01-09-2025 04:31,28.99424959,55.09596098,32.1875178,34.15400445
01-09-2025 04:32,13.36186508,58.14821987,60.44703607,31.86840396
01-09-2025 04:33,33.4336048,186.9182949,18.33850128,51.36618099
01-09-2025 04:34,25.2549757,140.9731149,16.93152751,53.45969419
01-09-2025 04:35,29.59918661,154.0633837,34.13065896,34.20339147
01-09-2025 04:36,31.28604172,56.56411902,72.89135103,62.42120113
01-09-2025 04:37,22.65624201,131.7790886,68.9332151,30.258587
01-09-2025 04:38,17.01878025,114.3443759,19.9714291,57.75988994
01-09-2025 04:39,25.28002801,197.4827021,91.77372383,52.10437215
01-09-2025 04:40,23.99400863,134.8845631,70.23519493,62.24324888
01-09-2025 04:41,16.72352758,169.1265396,19.75791694,21.32138657
01-09-2025 04:42,23.43320503,50.99884377,86.08628666,63.25448157
01-09-2025 04:43,25.2456388,130.1657319,21.83987021,28.11371983
01-09-2025 04:44,17.92970177,169.9875753,13.45425395,73.15636471
01-09-2025 04:45,27.55143764,58.60222294,32.58507514,51.48299289
01-09-2025 04:46,30.98535791,126.1928151,53.42689479,20.65218633
01-09-2025 04:47,29.66016649,148.997311,51.70089815,72.79073138
01-09-2025 04:48,31.37066899,152.3987815,61.85048851,76.24367644
01-09-2025 04:49,15.2076821,88.04457654,11.98906819,76.80771834
01-09-2025 04:50,28.45371504,124.9262654,21.85107635,20.21602931
01-09-2025 04:51,25.0577086,56.15602723,14.05307068,54.94484913
01-09-2025 04:52,12.04207701,57.82497214,44.23928372,30.98362028
01-09-2025 04:53,26.51236392,174.4079151,29.61292922,37.56286149
01-09-2025 04:54,24.50571379,130.3074625,74.98686307,59.9538936
01-09-2025 04:55,23.36888755,178.3324326,62.73704929,21.90975742
01-09-2025 04:56,25.47640994,140.6279754,68.0631947,46.22847184
01-09-2025 04:57,20.65585611,55.93382518,81.15246684,51.7698219
01-09-2025 04:58,25.25304297,180.9198703,67.53127545,67.39681092
01-09-2025 04:59,27.89351194,193.1287903,12.70430026,61.3019271
01-09-2025 05:00,24.49616717,59.73537649,25.00721934,61.02111517
01-09-2025 05:01,29.06140391,68.48951783,51.89706002,75.54461372
01-09-2025 05:02,18.42263529,152.9819989,70.08955771,65.03226706
01-09-2025 05:03,35.87379628,146.7508827,11.26493227,43.29545557
01-09-2025 05:04,16.46892519,103.2929561,22.70182592,78.90007729
01-09-2025 05:05,24.84214851,98.12940271,80.07447365,41.58739947
01-09-2025 05:06,25.61658629,69.17067517,39.17859086,50.49959213
01-09-2025 05:07,27.8184859,99.23529627,51.75703225,61.2124257
01-09-2025 05:08,20.55814787,100.656731,40.9088156,37.26035542
01-09-2025 05:09,18.90156468,129.6910573,82.92867376,24.96632006
01-09-2025 05:10,34.9987049,58.92302631,26.95036603,28.80980935
01-09-2025 05:11,26.36436384,103.104919,96.34071412,77.35538628
01-09-2025 05:12,27.84162619,94.35851763,59.79289095,24.73201066
01-09-2025 05:13,16.21982463,121.9057668,35.32998885,36.43372229
01-09-2025 05:14,21.92580758,82.63449765,56.92190761,40.78875425
01-09-2025 05:15,24.79053889,189.4432193,68.58511027,78.66340367
01-09-2025 05:16,21.50825257,144.948265,21.18613628,27.80898099
01-09-2025 05:17,25.1231971,179.4043864,94.67615031,26.80643772
01-09-2025 05:18,24.93776815,83.8774353,72.61144993,59.26987935
01-09-2025 05:19,30.47250691,148.9936493,60.29233794,63.15273701
01-09-2025 05:20,32.33126579,55.44834047,13.83029651,25.16984745
01-09-2025 05:21,23.08662897,180.8713694,84.74012193,55.69086939
01-09-2025 05:22,23.4237698,133.6819564,20.60122266,36.94074931
01-09-2025 05:23,21.65353643,120.507845,95.59237611,69.18272046
01-09-2025 05:24,21.32845348,75.24323753,31.60442899,20.90105803
01-09-2025 05:25,27.976067,98.63916676,52.39103923,45.88163707
01-09-2025 05:26,22.43222012,176.2384825,74.52645337,53.50267672
01-09-2025 05:27,23.14330729,164.3163516,39.20000072,27.36079415
01-09-2025 05:28,42.92935006,83.51412194,45.27588348,76.59235833
01-09-2025 05:29,21.19905171,136.7162435,54.1176399,41.00313562
01-09-2025 05:30,20.80276502,175.6755268,40.49108048,33.3857906
01-09-2025 05:31,21.75898434,75.33207325,54.76508426,49.13512915
01-09-2025 05:32,23.60430014,175.4285967,12.98367128,42.92052236
01-09-2025 05:33,30.70589531,116.3185906,66.00625967,31.9892919
01-09-2025 05:34,20.75877254,177.0826541,35.61343276,79.03629503
01-09-2025 05:35,20.01219878,111.9869545,79.23959037,56.73355176
01-09-2025 05:36,33.81212282,133.7718009,68.66541948,62.3560514
01-09-2025 05:37,32.93422793,120.2176425,42.19525044,78.53794251
01-09-2025 05:38,26.88166846,149.1029036,77.56760314,30.55623801
01-09-2025 05:39,29.19442145,188.4270913,88.99402032,49.23084699
01-09-2025 05:40,18.79980282,101.9689136,79.49213739,65.44743754
01-09-2025 05:41,35.22066958,165.2896289,82.47779174,47.6879919
01-09-2025 05:42,20.94859697,118.560108,15.8217739,23.53991983
01-09-2025 05:43,24.69140116,162.9082423,85.38250148,30.75804924
01-09-2025 05:44,14.90745444,133.0320223,95.48119278,73.16579551
01-09-2025 05:45,18.91887441,117.829419,82.54417375,36.09080127
01-09-2025 05:46,24.95251978,65.47691166,50.05453912,47.36084489
01-09-2025 05:47,24.04729975,123.7165084,72.23322974,66.77752682
01-09-2025 05:48,24.21290607,177.3345306,88.09837347,44.64449736
01-09-2025 05:49,25.66966212,138.1646014,66.81616137,72.32511597
01-09-2025 05:50,21.99704325,128.4691199,44.83056009,61.55700483
01-09-2025 05:51,18.94140307,135.393292,76.2398381,41.77401734
01-09-2025 05:52,23.10107051,142.0158125,14.4929102,67.00604258
01-09-2025 05:53,25.69729425,148.9010764,49.17269139,73.0207285
01-09-2025 05:54,29.27652806,61.57897948,61.53224174,43.7979828
01-09-2025 05:55,22.25969111,107.8735268,80.38025245,54.58082645
01-09-2025 05:56,31.13068753,127.095018,99.58701422,73.68129515
01-09-2025 05:57,21.44548444,90.48144454,37.70107023,75.37727682
01-09-2025 05:58,28.03617174,87.85423815,80.74834941,74.63845762
01-09-2025 05:59,20.68864009,153.4976952,67.88907761,29.21747354
01-09-2025 06:00,23.07722294,84.53126514,81.39365774,32.64312144
01-09-2025 06:01,22.17191479,122.0022218,13.13021957,68.23537739
01-09-2025 06:02,24.39709407,119.2749324,61.33340434,76.16545701
01-09-2025 06:03,34.91882705,146.3423651,65.30698585,54.13198036
01-09-2025 06:04,27.01984729,126.5983646,25.53756699,62.7699301
01-09-2025 06:05,21.2404064,148.9816175,17.1756478,66.83473604
01-09-2025 06:06,25.5054716,56.2806475,49.3820516,35.00426869
01-09-2025 06:07,25.84213764,141.7015886,48.07961146,69.24909667
01-09-2025 06:08,28.06057767,188.7652768,96.7615742,65.32367661
01-09-2025 06:09,22.6041284,185.0417096,84.74935931,21.28129261
01-09-2025 06:10,22.52149825,91.74373933,97.12324716,36.25765694
01-09-2025 06:11,27.08935655,99.70904691,38.4775624,21.34773192
01-09-2025 06:12,29.98208512,82.76291014,17.54183058,38.3071041
01-09-2025 06:13,19.04909365,164.8944159,80.71299855,70.33442937
01-09-2025 06:14,25.99707406,138.0768008,88.25502775,76.29389604
01-09-2025 06:15,34.42110489,98.79080803,33.49907414,63.54203257
01-09-2025 06:16,24.56303962,154.5241957,91.33615454,43.08196561
01-09-2025 06:17,14.39227146,50.81775406,46.35539203,26.66387762
01-09-2025 06:18,28.17702912,132.7853361,26.14425121,72.69524494
01-09-2025 06:19,19.252564,160.0386964,51.11394346,73.88476797
01-09-2025 06:20,22.96945718,114.5969576,33.4098494,51.18541214
01-09-2025 06:21,29.09830096,157.254806,33.9881426,34.933415
01-09-2025 06:22,29.08954017,174.990441,72.67177428,56.63372523
01-09-2025 06:23,28.17344743,153.1329242,61.49395056,44.27416272
01-09-2025 06:24,30.60869015,146.1251478,70.42114952,69.8474736
01-09-2025 06:25,30.22093213,75.79595117,60.89705671,36.41170434
01-09-2025 06:26,34.56073101,73.23876384,11.65816069,25.08200869
01-09-2025 06:27,26.57814466,92.69286899,88.28771775,67.83760607
01-09-2025 06:28,29.48582127,105.636981,39.26657529,78.78693896
01-09-2025 06:29,29.82265168,57.389477,30.92860072,58.68507611
01-09-2025 06:30,16.01710138,126.1439483,60.67983237,58.98685925
01-09-2025 06:31,22.59154526,77.53010332,18.34510082,49.8168715
01-09-2025 06:32,31.89290075,184.927502,46.08675161,22.64023361
01-09-2025 06:33,26.08676974,173.1989448,44.68493984,53.51215987
01-09-2025 06:34,25.91439691,82.28124788,73.64063842,75.59718489
01-09-2025 06:35,13.01134114,135.0348135,85.61757761,65.79535116
01-09-2025 06:36,21.51380072,153.1272086,78.66480265,56.6123459
01-09-2025 06:37,17.40760026,92.29240095,14.42132833,41.37840704
01-09-2025 06:38,22.39781342,100.8694082,54.39946863,38.89146557
01-09-2025 06:39,26.18316499,71.94362088,72.11497539,54.63104748
01-09-2025 06:40,26.51945232,71.29910445,64.32872164,56.88072049
01-09-2025 06:41,28.56801624,149.6929174,57.16157648,32.05604828
01-09-2025 06:42,22.87897796,144.7528572,53.59311844,69.24672864
01-09-2025 06:43,30.57344239,183.6642826,10.78417502,77.71385147
01-09-2025 06:44,22.37495486,123.0683598,56.106384,24.91860598
01-09-2025 06:45,27.09957652,146.8575773,27.06946281,23.05444713
01-09-2025 06:46,16.86282258,104.173909,13.35632804,45.89369483
01-09-2025 06:47,19.62488852,195.1122455,11.30172058,52.19999275
01-09-2025 06:48,25.99525843,97.323219,58.52712343,29.81629656
01-09-2025 06:49,27.41868007,117.3776158,49.11596357,50.30067506
01-09-2025 06:50,20.87091907,70.33069694,77.74579404,25.9159082
01-09-2025 06:51,30.18798614,61.88579792,81.92092356,57.20185502
01-09-2025 06:52,17.90895195,112.7836904,74.76300247,70.9005607
01-09-2025 06:53,26.9178087,115.2721674,30.75755629,57.76682762
01-09-2025 06:54,25.67583866,70.16613757,67.73241715,65.88218323
01-09-2025 06:55,19.70435415,75.64960712,73.10636657,27.66260359
01-09-2025 06:56,26.57175887,170.2896531,22.75888744,58.50908134
01-09-2025 06:57,30.07654005,126.8152769,11.20394104,37.56478689
01-09-2025 06:58,33.33918293,147.7710427,63.18551427,26.61935329
01-09-2025 06:59,27.46996969,178.7727674,92.67986267,65.9839392
01-09-2025 07:00,27.22337774,187.21668,60.21401562,69.48415632
01-09-2025 07:01,23.5286167,75.23755777,92.58869658,28.67091076
01-09-2025 07:02,24.65316207,164.4642128,35.52067944,58.85305254
01-09-2025 07:03,26.04328146,124.871816,84.35519384,48.65483368
01-09-2025 07:04,23.71799241,186.9960892,55.57303472,39.4657884
01-09-2025 07:05,11.40331606,153.73512,57.48384186,63.07897259
01-09-2025 07:06,33.42816991,63.87047541,63.97554731,47.67186081
01-09-2025 07:07,23.91475137,90.04466756,75.25519333,33.83700725
01-09-2025 07:08,21.23833064,188.4927867,51.08106427,51.00292419
01-09-2025 07:09,25.45299809,112.8418419,19.31415727,73.55698996
01-09-2025 07:10,38.2264063,63.01073381,35.51098538,45.36595892
01-09-2025 07:11,22.20911971,164.2712592,28.74417756,28.90670674
01-09-2025 07:12,27.10782882,79.76890337,96.52380366,40.40720302
01-09-2025 07:13,27.28040728,196.8386715,29.48343974,54.15591047
01-09-2025 07:14,31.61202729,136.9934348,65.98424697,67.40167614
01-09-2025 07:15,21.07376178,153.4356947,80.17622702,57.89357287
01-09-2025 07:16,24.07069068,175.0421945,35.62596836,52.87760124
01-09-2025 07:17,16.43225255,75.70442519,97.20918083,64.04149298
01-09-2025 07:18,25.00324968,51.48284189,11.56541437,53.6679761
01-09-2025 07:19,26.74320316,112.1814671,56.45594348,57.8158032
01-09-2025 07:20,19.47908272,75.19038577,86.93835284,43.66104804
01-09-2025 07:21,30.25069357,123.5686287,73.08647872,30.03625183
01-09-2025 07:22,15.62730063,186.6024518,44.1909055,45.9451844
01-09-2025 07:23,26.87399712,125.5939531,18.86655403,28.4791097
01-09-2025 07:24,25.24156364,93.95589731,29.86457032,68.31695153
01-09-2025 07:25,19.0553644,87.49618989,82.2744266,33.93545238
01-09-2025 07:26,19.54539147,110.110633,42.75029125,32.61695829
01-09-2025 07:27,24.83696064,197.9331146,71.71561848,47.58063192
01-09-2025 07:28,28.5226075,145.3144834,39.81497662,40.00923923
01-09-2025 07:29,30.23331507,117.4889026,87.47413659,24.78822769
01-09-2025 07:30,22.53180751,81.01044121,76.31531329,45.34381186
01-09-2025 07:31,24.57814859,193.9370862,41.8595418,52.64702439
01-09-2025 07:32,25.94828136,171.2251627,57.00969858,20.43324456
01-09-2025 07:33,28.05544344,167.1670223,98.85594392,26.16483777
01-09-2025 07:34,25.34206877,139.958306,55.56109015,52.10227478
01-09-2025 07:35,16.5158728,63.47280495,83.54519525,23.73223236
01-09-2025 07:36,32.82083874,75.40065116,90.84704705,58.41033664
01-09-2025 07:37,25.52638979,116.3904282,52.35719584,39.8649274
01-09-2025 07:38,22.59878314,197.306457,92.44692818,24.45069916
01-09-2025 07:39,34.0314056,191.080036,40.11634623,46.45722902
01-09-2025 07:40,23.63229864,177.5921277,19.25992659,53.79557403
01-09-2025 07:41,32.33870484,115.8135219,69.26721111,49.08961277
01-09-2025 07:42,19.96559431,151.1421925,90.3826918,34.08241107
01-09-2025 07:43,29.68458121,56.3837958,21.18440169,72.57418148
01-09-2025 07:44,27.45172132,52.04196912,21.85935368,21.77758117
01-09-2025 07:45,23.48122333,129.6182859,77.19900279,56.64820158
01-09-2025 07:46,21.77847958,146.8102932,14.5825221,50.05770739
01-09-2025 07:47,18.85090804,90.08654543,31.94898372,76.4075068
01-09-2025 07:48,21.74128915,130.6316977,94.54224845,44.62476412
01-09-2025 07:49,25.43522235,147.5929948,78.79238907,22.62216804
01-09-2025 07:50,18.7971036,174.7021088,42.42206355,26.95252602
01-09-2025 07:51,29.57899934,86.72791673,61.06318892,70.04911598
01-09-2025 07:52,18.29674208,51.00552673,73.93205644,24.30929579
01-09-2025 07:53,24.18685812,112.9298019,90.94139616,20.88121807
01-09-2025 07:54,20.76265093,54.29558144,49.18659685,72.96190937
01-09-2025 07:55,26.54828894,196.4676176,10.56759027,46.90545719
01-09-2025 07:56,21.74508628,177.7175564,62.77312602,64.43291848
01-09-2025 07:57,19.60145706,158.4723022,89.12709326,26.66592024
01-09-2025 07:58,26.94238286,59.27490771,42.6431211,77.39777059
01-09-2025 07:59,26.7579667,152.2354196,37.83140427,67.41018929
01-09-2025 08:00,19.49424937,181.1231405,42.87799667,38.03349725
01-09-2025 08:01,29.74988245,82.99976255,24.78372654,24.089186
01-09-2025 08:02,23.74630235,162.72367,54.1697671,38.29774171
01-09-2025 08:03,26.30872401,89.59696835,69.43767111,50.25976711
01-09-2025 08:04,23.86015053,147.4157607,22.44792608,38.93523751
01-09-2025 08:05,24.70339768,77.66618774,94.50820467,31.32398947
01-09-2025 08:06,18.64491781,53.59405586,88.81027555,73.49708435
01-09-2025 08:07,28.60344548,162.1675368,57.25006466,78.65691027
01-09-2025 08:08,25.65115187,119.6476391,80.85000616,54.33985734
01-09-2025 08:09,23.63103277,63.45764909,34.02244789,23.15658004
01-09-2025 08:10,29.3446449,64.4310501,80.2085976,36.59848067
01-09-2025 08:11,22.2407041,104.9733397,23.79535005,75.38926932
01-09-2025 08:12,19.2468271,69.90016899,30.65083827,38.82002927
01-09-2025 08:13,23.46082971,169.9396919,47.43554608,46.05739356
01-09-2025 08:14,19.38901203,167.8514451,90.43439433,60.84042925
01-09-2025 08:15,14.51677012,63.84805392,99.85916459,57.88276945
01-09-2025 08:16,19.72666712,175.0025934,16.47986606,63.12558057
01-09-2025 08:17,35.14329551,181.5030327,80.11392875,26.65976046
01-09-2025 08:18,25.79330356,113.2980354,75.31064214,55.55258725
01-09-2025 08:19,27.74086261,86.090232,63.7485945,49.41976472
01-09-2025 08:20,28.38472269,186.0837917,76.41206941,79.7377711
01-09-2025 08:21,18.88178269,118.074566,35.21020089,68.2481817
01-09-2025 08:22,20.3183568,190.607157,51.58275726,69.24193156
01-09-2025 08:23,26.42165333,136.2487024,32.22167771,26.09200374
01-09-2025 08:24,27.72309835,195.8013664,75.25400645,56.29914713
01-09-2025 08:25,22.08478135,141.959187,24.00623299,56.8900248
01-09-2025 08:26,25.86159922,137.1088083,93.76425053,35.26503636
01-09-2025 08:27,13.70200852,135.9237901,75.09684024,32.91512675
01-09-2025 08:28,26.52020635,181.1307523,45.05804811,20.62684757
01-09-2025 08:29,25.40064182,60.32413042,67.29018613,64.91392419
01-09-2025 08:30,31.40146453,71.64816669,30.403852,54.71504418
01-09-2025 08:31,26.18516187,179.3125361,56.82814011,37.48534886
01-09-2025 08:32,22.59819392,144.1473194,19.04290423,67.2572935
01-09-2025 08:33,20.91404738,50.17621215,90.91344298,73.08101894
01-09-2025 08:34,17.81324013,197.0878791,27.16895546,25.7470896
01-09-2025 08:35,29.0486162,77.85386203,70.07931141,39.33026686
01-09-2025 08:36,18.22092202,188.4639082,75.2272323,35.78853801
01-09-2025 08:37,30.47343849,135.2224196,15.2714146,42.52427013
01-09-2025 08:38,34.29867266,73.68883634,32.85937713,63.56135703
01-09-2025 08:39,25.91998383,191.0999557,28.67851163,69.50236117
01-09-2025 08:40,23.7699657,60.31910536,69.39719442,70.84080876
01-09-2025 08:41,26.87634844,113.3461569,75.79692851,29.10519951
01-09-2025 08:42,21.2640816,177.1377441,98.77655351,77.35825246
01-09-2025 08:43,25.35966485,58.46353845,46.70272601,64.51522628
01-09-2025 08:44,19.09057552,93.42541144,31.40779892,74.03393388
01-09-2025 08:45,26.74171242,64.87833665,23.34978044,69.30975605
01-09-2025 08:46,30.03913217,161.4927148,54.62704561,58.48109246
01-09-2025 08:47,26.57743247,146.0865335,86.81960032,21.50455218
01-09-2025 08:48,17.02479249,177.3646302,96.93567644,21.63028144
01-09-2025 08:49,24.60812856,98.9985793,65.48864249,28.23811205
01-09-2025 08:50,27.16625364,144.1536205,85.66748159,66.98725764
01-09-2025 08:51,34.32367439,103.2691358,92.61128989,43.60413077
01-09-2025 08:52,29.20076619,67.75786749,70.47367837,79.09220006
01-09-2025 08:53,17.3522795,116.1591854,31.62485212,27.14703722
01-09-2025 08:54,24.14805772,153.7793593,82.04870642,75.24784854
01-09-2025 08:55,22.54949547,114.9642036,70.42942507,35.74165648
01-09-2025 08:56,31.74547392,159.3875111,56.66488732,71.1289308
01-09-2025 08:57,18.58308602,183.7853011,58.07451112,66.89987512
01-09-2025 08:58,25.68043117,135.662338,67.46263826,65.80061596
01-09-2025 08:59,30.98289262,103.1078177,96.36409984,42.31227576
01-09-2025 09:00,27.77983794,52.76167198,97.76076439,25.1178686
01-09-2025 09:01,33.66342709,182.354319,23.98307791,27.92199797
01-09-2025 09:02,16.76507605,50.76704171,17.82454714,22.85058423
01-09-2025 09:03,22.53721429,130.9686685,27.47233339,53.12248344
01-09-2025 09:04,26.28197556,141.4563638,49.33925884,28.34396711
01-09-2025 09:05,23.09050284,144.4130761,79.38189284,79.47089337
01-09-2025 09:06,29.34059056,137.459746,36.51215836,73.31580397
01-09-2025 09:07,23.05539392,178.6582058,36.61787179,65.97816405
01-09-2025 09:08,24.58183614,110.3003155,63.01687989,41.97403958
01-09-2025 09:09,18.43950828,131.1458682,51.00985978,69.67110577
01-09-2025 09:10,29.74305986,115.7174506,48.90250115,52.49039139
01-09-2025 09:11,19.14512333,108.4598879,87.50317413,79.24092733
01-09-2025 09:12,13.76400413,117.6342646,96.72615716,77.60460648
01-09-2025 09:13,13.63887699,125.0856942,14.29832478,26.82564085
01-09-2025 09:14,28.32809014,155.0952622,46.91377776,38.98901222
01-09-2025 09:15,27.49792439,190.4028321,36.34439204,59.24331309
01-09-2025 09:16,22.88596704,115.5901436,26.262797,39.86500145
01-09-2025 09:17,21.13893607,54.04772027,66.93897051,28.62539348
01-09-2025 09:18,19.23587248,156.770553,37.51963793,52.64365241
01-09-2025 09:19,26.51944859,189.9239901,61.66155097,31.98164715
01-09-2025 09:20,27.4158905,135.3244595,30.32104958,35.30517897
01-09-2025 09:21,16.44579889,131.7146831,95.86898768,33.33592204
01-09-2025 09:22,22.91705498,142.3569298,85.70928007,35.57443886
01-09-2025 09:23,28.76309851,91.32482145,41.04422632,54.40459389
01-09-2025 09:24,27.01767596,116.4164507,59.14562927,71.12659317
01-09-2025 09:25,23.44515347,130.0942017,38.0648257,55.72061665
01-09-2025 09:26,27.87361853,89.1991213,29.58494112,25.21940926
01-09-2025 09:27,26.85157431,76.02301469,92.13300074,46.25100684
01-09-2025 09:28,19.23824754,178.8030841,48.28833746,61.87314084
01-09-2025 09:29,31.28347687,73.84266213,36.22893002,22.30481136
01-09-2025 09:30,23.34997207,176.2286591,33.90643154,33.95848111
01-09-2025 09:31,30.38301626,165.3188574,89.48559591,67.86662795
01-09-2025 09:32,23.0564627,139.684393,92.28377961,51.85272856
01-09-2025 09:33,26.63620175,164.2978073,52.00378149,51.06483179
01-09-2025 09:34,22.34263507,89.66302629,52.54169537,66.84288065
01-09-2025 09:35,24.20565457,89.0732592,76.91769743,64.41324451
01-09-2025 09:36,17.73084592,118.6730353,31.14312796,38.01667753
01-09-2025 09:37,26.86108268,56.34857616,15.74214569,33.42424961
01-09-2025 09:38,15.70288723,112.1150271,54.57786866,74.7267261
01-09-2025 09:39,24.05439586,79.75010206,77.20455197,62.87388319
01-09-2025 09:40,32.19689978,186.0822456,94.15169588,71.81648667
01-09-2025 09:41,32.78949661,118.1575799,30.75263045,56.61099722
01-09-2025 09:42,22.92841301,163.8099535,23.57063559,65.71195358
01-09-2025 09:43,33.4467705,113.6607004,71.52204896,59.94384602
01-09-2025 09:44,25.63814169,99.58303027,49.49186239,35.78135512
01-09-2025 09:45,33.26971731,69.93180723,69.90250229,62.56405855
01-09-2025 09:46,23.07384574,111.3932664,33.46275152,79.58180623
01-09-2025 09:47,21.68717953,139.7027157,55.47267209,76.42533919
01-09-2025 09:48,24.24064397,172.8775005,34.19813203,58.01844807
01-09-2025 09:49,16.22528983,115.9601237,82.2085469,42.42327204
01-09-2025 09:50,20.37032,143.0697518,40.72807184,53.68041338
01-09-2025 09:51,28.4532673,90.79696197,38.81567648,28.84673869
01-09-2025 09:52,19.6115187,77.48675608,19.86485942,67.66774857
01-09-2025 09:53,25.6784718,137.5573781,74.29633286,35.54896081
01-09-2025 09:54,26.78811013,130.5700938,79.62850028,44.93161801
01-09-2025 09:55,19.62459113,95.87223391,66.0720567,43.78775881
01-09-2025 09:56,15.49857901,155.1793846,59.50311162,37.95409051
01-09-2025 09:57,32.02185659,86.44137576,29.76828468,59.03133154
01-09-2025 09:58,28.10651336,106.7086987,81.37782476,65.7105918
01-09-2025 09:59,38.32973933,65.71484224,92.2995197,64.29740237
01-09-2025 10:00,24.09982295,157.3114264,69.2506084,37.81873029
01-09-2025 10:01,23.73517967,182.9402402,90.50961862,30.51689297
01-09-2025 10:02,19.56411963,129.6234011,87.13171445,45.88181769
01-09-2025 10:03,22.4190609,195.6896535,51.78182905,34.81192359
01-09-2025 10:04,32.36680146,104.5916944,24.7034549,27.76041484
01-09-2025 10:05,24.3967406,112.0736047,50.31925932,79.7383472
01-09-2025 10:06,22.81508579,54.25055652,91.7310318,63.7938831
01-09-2025 10:07,16.10235977,154.9994396,63.52557956,36.35555843
01-09-2025 10:08,26.06199721,110.0997633,74.06579917,55.70398186
01-09-2025 10:09,33.40556826,106.8546937,85.85020153,63.59428488
01-09-2025 10:10,26.47484361,62.96639126,78.45476736,49.91836484
01-09-2025 10:11,23.19150875,194.2260973,62.36596259,35.96592417
01-09-2025 10:12,31.20602019,161.5757564,62.87138299,69.43171526
01-09-2025 10:13,19.68147732,82.03993419,92.01159477,41.70391062
01-09-2025 10:14,28.66189325,166.0532144,70.8137915,26.19746788
01-09-2025 10:15,19.19383072,170.145446,80.39981878,49.43350437
01-09-2025 10:16,22.73315506,160.4466662,73.43941742,51.46812003
01-09-2025 10:17,22.54438083,135.8358181,94.32620766,32.4174822
01-09-2025 10:18,25.86065619,75.8925739,67.47319702,42.04633705
01-09-2025 10:19,31.16485418,133.361368,64.74140818,35.51745274
01-09-2025 10:20,26.25755178,194.5131169,48.9292901,70.59019885
01-09-2025 10:21,23.41483079,113.2701433,23.51006853,58.90818675
01-09-2025 10:22,33.6585408,111.9875229,83.55639767,70.74754443
01-09-2025 10:23,32.81417456,164.0235756,87.99294437,27.97179799
01-09-2025 10:24,27.51799279,60.53090435,52.41043494,20.18453146
01-09-2025 10:25,18.90653331,183.5782986,83.554511,45.07284253
01-09-2025 10:26,29.54457354,134.3229806,61.48676469,22.54194725
01-09-2025 10:27,23.38687122,77.73980879,38.29524595,34.97165883
01-09-2025 10:28,19.42647444,164.0358636,94.24620278,52.40977344
01-09-2025 10:29,26.88410658,151.6190834,94.56392705,77.80557949
01-09-2025 10:30,26.91087712,50.10401276,60.04906285,55.20523076
01-09-2025 10:31,22.57089635,133.2341951,84.16241066,63.945833
01-09-2025 10:32,22.84339422,142.9088653,92.4424772,39.15901881
01-09-2025 10:33,31.5878684,121.8775494,75.75878195,62.20336443
01-09-2025 10:34,24.66051437,180.8953601,53.02273549,63.34530828
01-09-2025 10:35,27.79721569,194.2509549,61.9254101,68.28880424
01-09-2025 10:36,22.89042188,85.77410217,16.52132295,45.18721309
01-09-2025 10:37,26.78313618,102.4314019,91.69943998,57.82307187
01-09-2025 10:38,21.75193683,100.9936495,62.15010583,37.21197853
01-09-2025 10:39,18.88968211,56.37082874,94.58718776,26.68256087
01-09-2025 10:40,32.9916248,81.53628343,70.55152869,65.76285951
01-09-2025 10:41,22.23556125,167.7805314,51.80727817,58.90188338
01-09-2025 10:42,26.19581613,144.3860442,51.47759353,53.27205904
01-09-2025 10:43,27.2253414,145.8428837,67.22607101,44.2370327
01-09-2025 10:44,24.90802063,149.5824615,19.20950768,30.84429945
01-09-2025 10:45,26.09548775,187.5428389,66.73205605,40.46980004
01-09-2025 10:46,24.91678652,190.8630211,50.3920616,76.34063256
01-09-2025 10:47,20.99868298,68.28291544,50.22656447,63.75995562
01-09-2025 10:48,12.70539521,133.8390314,22.83488729,21.97282875
01-09-2025 10:49,22.96631327,196.2808072,63.97232437,66.23344417
01-09-2025 10:50,22.26325255,110.2201594,58.60310787,62.3023396
01-09-2025 10:51,31.45983599,149.9835232,29.30850587,64.13691535
01-09-2025 10:52,22.03483084,110.4390863,23.44054472,47.65538831
01-09-2025 10:53,21.05400249,182.0320693,51.15196176,40.7143323
01-09-2025 10:54,30.27137393,82.37634909,66.79176839,76.44124392
01-09-2025 10:55,30.42230046,101.9202688,42.3600561,46.6776048
01-09-2025 10:56,31.52340788,159.2345187,35.08122835,32.15342976
01-09-2025 10:57,25.59203032,53.44519228,24.97137779,39.9505972
01-09-2025 10:58,26.07926201,126.1248812,40.46620013,48.45481751
01-09-2025 10:59,28.80951745,173.6238612,19.52548536,52.10418273
01-09-2025 11:00,29.8165419,156.9231099,45.32539751,75.69927888
01-09-2025 11:01,27.61689271,101.4290974,12.05676645,24.75704538
01-09-2025 11:02,30.87365214,73.82997691,18.95790231,68.28173544
01-09-2025 11:03,16.69442009,150.2884813,98.19481252,35.42325724
01-09-2025 11:04,26.16928721,191.801714,72.93331362,37.03704855
01-09-2025 11:05,32.16744415,71.15567432,67.25283912,22.80745301
01-09-2025 11:06,27.77630633,65.81288427,79.43629453,74.29909086
01-09-2025 11:07,27.63414323,59.41694701,41.53909412,34.57540355
01-09-2025 11:08,24.57086735,93.21089518,57.54183569,58.24809239
01-09-2025 11:09,27.79454391,102.7138594,74.58903906,73.17739527
01-09-2025 11:10,19.77941392,195.8057885,97.35538945,22.83576886
01-09-2025 11:11,17.73889117,67.85947629,51.99087574,28.33236232
01-09-2025 11:12,15.76303137,169.4782004,82.51328969,38.86460091
01-09-2025 11:13,33.16681644,170.7606735,99.89313528,58.16976718
01-09-2025 11:14,34.74297649,147.5162146,81.47010959,43.40875126
01-09-2025 11:15,32.23195523,141.6755875,61.01662476,59.03150417
01-09-2025 11:16,25.57134125,57.16622445,79.79258975,68.11465019
01-09-2025 11:17,14.1534243,141.1055782,16.26191865,22.72607329
01-09-2025 11:18,21.57357851,188.6381954,90.09162654,40.28385762
01-09-2025 11:19,20.5545613,162.1313927,38.47579185,41.15702865
01-09-2025 11:20,20.48801447,56.79863741,36.58321317,34.50820709
01-09-2025 11:21,18.8396119,150.8450148,75.25193716,52.29340099
01-09-2025 11:22,34.0310453,132.3130178,45.74247171,68.85640058
01-09-2025 11:23,25.5837844,197.5891441,97.41070755,26.81218882
01-09-2025 11:24,23.82279262,78.42481157,59.75270874,35.59057855
01-09-2025 11:25,18.13431659,62.38399652,74.8828518,47.69021351
01-09-2025 11:26,27.4224982,94.63544439,18.38179155,50.13458159
01-09-2025 11:27,31.9423457,118.0669997,67.37330706,31.83126613
01-09-2025 11:28,20.69587285,154.1451886,37.5668463,29.90765869
01-09-2025 11:29,21.03952511,152.1708276,26.65679281,22.8552372
01-09-2025 11:30,25.49855164,180.3942559,23.7377491,69.46786178
01-09-2025 11:31,28.61446323,88.6570528,69.12302318,29.94764605
01-09-2025 11:32,19.6104908,98.34783803,40.66574123,78.23467433
01-09-2025 11:33,38.9500567,134.6203816,31.73354781,33.27146972
01-09-2025 11:34,24.23827512,127.7051312,48.66577286,71.27575263
01-09-2025 11:35,23.47161231,78.18404944,66.30632693,46.39970025
01-09-2025 11:36,28.81477732,119.1720761,32.78208463,20.78260635
01-09-2025 11:37,17.81932571,95.22749698,42.39798375,20.96693773
01-09-2025 11:38,20.83858936,55.94985576,40.28658559,34.66542231
01-09-2025 11:39,33.87177346,167.4336522,52.49947744,51.67045754
01-09-2025 11:40,16.10806875,138.9237123,45.65875099,64.90593379
01-09-2025 11:41,21.82701184,81.74672997,57.61333538,63.1897098
01-09-2025 11:42,24.24464089,156.5030657,91.67165332,71.36742553
01-09-2025 11:43,29.59915351,107.279821,27.28388874,70.30609732
01-09-2025 11:44,21.53278598,153.2688313,46.31001432,68.43276402
01-09-2025 11:45,20.88199216,88.77676769,57.31045665,62.3628472
01-09-2025 11:46,14.30147128,77.94065921,57.42653242,64.40362184
01-09-2025 11:47,26.81738946,194.306788,47.17732012,72.03497573
01-09-2025 11:48,31.28924839,111.9650583,65.19028627,45.70030683
01-09-2025 11:49,25.19196223,193.5196807,12.42523916,38.34205559
01-09-2025 11:50,31.0895216,83.91394965,55.61383541,72.97261123
01-09-2025 11:51,30.541645,113.3859773,29.86014256,24.56856073
01-09-2025 11:52,21.82005829,165.1022215,87.74931746,22.97675026
01-09-2025 11:53,12.13989873,110.7362657,54.21978441,44.59641874
01-09-2025 11:54,19.84406919,151.5677931,44.28103084,63.17462853
01-09-2025 11:55,25.21784109,135.3532197,11.04464356,60.41256833
01-09-2025 11:56,26.30474301,172.1925987,69.51699622,22.69013799
01-09-2025 11:57,13.25400651,58.83147295,47.00207784,77.94138184
01-09-2025 11:58,30.72924431,98.29823336,44.60444767,40.51616003
01-09-2025 11:59,31.52475912,89.85909017,44.86069391,70.92218971
01-09-2025 12:00,30.74734758,140.6198479,41.82321361,70.46084296
01-09-2025 12:01,20.84273645,65.02932948,38.91758231,21.04945046
01-09-2025 12:02,22.32354433,170.3058086,63.97023544,43.86420774
01-09-2025 12:03,31.86021121,132.402764,56.3913841,53.0320671
01-09-2025 12:04,21.70632018,144.2120491,50.53250444,46.8480621
01-09-2025 12:05,29.1117013,85.75535892,94.68294586,49.3630538
01-09-2025 12:06,27.94595227,125.6026306,18.65880855,27.82322054
01-09-2025 12:07,22.2205869,75.57984429,42.16273953,57.82961154
01-09-2025 12:08,15.2458031,151.6387784,62.79013533,22.07232142
01-09-2025 12:09,23.54916017,83.75716693,62.05097608,24.63220559
01-09-2025 12:10,23.52851752,178.7112392,19.74966041,66.69378185
01-09-2025 12:11,35.94843718,137.8407168,70.2726097,35.0073615
01-09-2025 12:12,20.34630899,155.9209363,67.83868425,37.97341826
01-09-2025 12:13,27.62805479,54.90096019,23.29855095,36.80766189
01-09-2025 12:14,18.60849979,154.5568789,23.04840387,62.92574912
01-09-2025 12:15,15.22718519,63.86148371,97.62431127,60.12662654
01-09-2025 12:16,29.78964818,171.9187457,34.21275077,78.27167847
01-09-2025 12:17,20.97061069,65.32694968,79.53329116,24.63397118
01-09-2025 12:18,22.6240873,110.1490458,56.12983871,78.48850735
01-09-2025 12:19,26.88606172,187.6938366,99.61584155,58.96167245
01-09-2025 12:20,16.85393035,154.6786061,79.22647898,58.66973903
01-09-2025 12:21,15.02049714,66.88434354,20.88932652,62.56083689
01-09-2025 12:22,11.43152045,57.66345107,11.49425266,37.50978823
01-09-2025 12:23,20.75533891,105.4321143,16.97940476,21.34858226
01-09-2025 12:24,13.79541073,146.6385358,74.0329097,21.4212754
01-09-2025 12:25,20.55154826,181.8608253,19.38005168,70.49417641
01-09-2025 12:26,21.1451376,161.420383,16.71460022,50.55877349
01-09-2025 12:27,17.35127613,76.23694085,44.09832504,34.56269546
01-09-2025 12:28,31.23131719,63.32211437,91.24462673,78.62095311
01-09-2025 12:29,23.52657719,172.7798112,46.52434537,30.65752091
01-09-2025 12:30,28.06846268,135.0417835,21.60974155,49.74525915
01-09-2025 12:31,32.889713,90.08194613,53.93366204,61.23942782
01-09-2025 12:32,39.0289514,124.4624374,71.34297435,70.29058041
01-09-2025 12:33,18.97332399,88.90940255,63.57938707,56.61545724
01-09-2025 12:34,19.3761854,132.7901837,13.03364228,74.77865339
01-09-2025 12:35,31.65669957,168.5622099,47.23035613,48.29230208
01-09-2025 12:36,24.93273505,163.6239422,63.90516286,61.95799383
01-09-2025 12:37,33.84818506,88.41884277,81.04634098,33.40553875
01-09-2025 12:38,22.4790795,195.1229813,32.06102228,72.74659239
01-09-2025 12:39,16.84120457,191.0027804,58.67234571,69.57914944
01-09-2025 12:40,26.12347395,73.50720216,13.88293977,51.05963727
01-09-2025 12:41,17.40707997,194.5346888,46.44206046,47.60011091
01-09-2025 12:42,18.68999564,115.892426,12.82259862,27.47318558
01-09-2025 12:43,26.23141888,100.4985963,55.99048586,48.61147532
01-09-2025 12:44,21.79462676,61.90434588,40.55408394,71.59586331
01-09-2025 12:45,11.59220857,50.56827483,33.3357641,20.24345508
01-09-2025 12:46,18.97059511,120.6518432,31.56292938,71.83233293
01-09-2025 12:47,22.06008867,113.2827249,33.5916144,79.66801412
01-09-2025 12:48,26.59415423,123.4141818,88.79340805,23.65574384
01-09-2025 12:49,28.06458119,94.06825549,84.62437361,36.70706538
01-09-2025 12:50,14.82878949,156.3626516,99.81160337,33.18898444
01-09-2025 12:51,20.37155616,60.59790217,69.0240097,59.43693533
01-09-2025 12:52,32.90225009,68.53225334,79.72103527,53.91599644
01-09-2025 12:53,24.31327454,161.8311533,55.94579676,54.66696549
01-09-2025 12:54,33.16760727,156.9736257,67.52970482,46.29657664
01-09-2025 12:55,26.24801694,74.90171891,23.93633004,46.18828249
01-09-2025 12:56,25.91116782,161.4307072,29.66469485,44.8321906
01-09-2025 12:57,28.58647084,128.9351052,17.9060622,63.50363214
01-09-2025 12:58,22.99146309,166.7752908,80.01970985,78.11936713
01-09-2025 12:59,25.81474494,88.1919295,17.93879376,56.83103308
01-09-2025 13:00,27.12701613,155.6483384,53.88240159,50.8593856
01-09-2025 13:01,19.11898368,127.48278,39.95190327,33.43217659
01-09-2025 13:02,22.73219966,143.6744372,22.34253216,76.54206634
01-09-2025 13:03,22.74340152,154.7113441,44.16002364,48.22376125
01-09-2025 13:04,20.2385759,133.5899746,47.22748586,30.76791524
01-09-2025 13:05,37.09508909,91.31958509,43.70382401,74.59176611
01-09-2025 13:06,20.48215733,117.4192152,62.41023922,46.15162825
01-09-2025 13:07,23.22599017,72.60486012,95.25983996,56.42904548
01-09-2025 13:08,25.08719922,61.44003456,57.14591627,35.56743158
01-09-2025 13:09,31.38640354,125.9054577,90.43318517,70.23031272
01-09-2025 13:10,21.38760081,160.9824255,58.96688084,26.46817627
01-09-2025 13:11,23.44245704,139.2826446,50.94509762,72.79011133
01-09-2025 13:12,20.05777559,157.8033752,45.71595315,46.6346052
01-09-2025 13:13,20.19180142,69.76754727,79.63898487,22.28055639
01-09-2025 13:14,25.8593956,123.6670965,92.57826378,73.59248676
01-09-2025 13:15,24.28708251,73.12118873,44.46240485,45.45599002
01-09-2025 13:16,28.79431708,122.7899707,19.33255325,23.21002031
01-09-2025 13:17,28.80618518,148.9825781,61.03369848,55.3025629
01-09-2025 13:18,27.75558891,195.4014579,76.34495244,77.46150966
01-09-2025 13:19,29.33515197,145.855025,56.59449103,50.3193229
01-09-2025 13:20,16.85755227,135.492684,27.52595833,25.46696151
01-09-2025 13:21,17.90816456,168.313883,25.77022548,42.68965465
01-09-2025 13:22,23.75383922,195.0810112,39.34666227,31.57630419
01-09-2025 13:23,24.45789732,76.56746145,95.09684205,48.78038313
01-09-2025 13:24,39.18588895,50.55096905,56.09890046,50.2608685
01-09-2025 13:25,25.56809542,194.6253099,54.36027196,21.66784583
01-09-2025 13:26,25.09438918,121.8877025,99.44142703,71.40280142
01-09-2025 13:27,22.13751936,79.92096505,89.65723497,60.55069404
01-09-2025 13:28,20.83491452,125.1177794,61.63413774,50.8176436
01-09-2025 13:29,28.4640279,182.4205891,95.85055133,32.69855934
01-09-2025 13:30,26.25677252,85.81209762,88.30926247,55.93245097
01-09-2025 13:31,28.691476,127.3566722,22.15447057,49.07596234
01-09-2025 13:32,19.63077541,69.59633088,32.47822156,46.80313214
01-09-2025 13:33,27.4872157,60.90049016,40.64068085,38.89562266
01-09-2025 13:34,28.84210169,86.7498455,50.75908378,37.3696051
01-09-2025 13:35,22.12486275,143.5739607,46.41372759,59.64037236
01-09-2025 13:36,20.80331676,169.1849482,26.51111381,40.48039159
01-09-2025 13:37,18.22256162,87.16967184,67.9781251,53.76975098
01-09-2025 13:38,26.01463301,145.0373307,67.09442726,62.90857361
01-09-2025 13:39,28.93469765,150.0010498,58.16551052,41.37079953
01-09-2025 13:40,30.82343417,84.64174284,43.9053232,39.29116215
01-09-2025 13:41,28.72016361,196.7587322,70.40042631,70.16902825
01-09-2025 13:42,16.67884864,165.9969714,62.88313209,66.54511767
01-09-2025 13:43,29.36121343,71.53654939,80.06262249,39.92771792
01-09-2025 13:44,25.93630053,163.3786414,50.12853913,59.96703586
01-09-2025 13:45,26.76640595,156.1701161,11.78553129,21.17976449
01-09-2025 13:46,23.69675674,191.0599532,75.54076824,36.30693321
01-09-2025 13:47,25.38504818,161.472482,22.03710625,26.37372674
01-09-2025 13:48,44.23356139,117.13095,84.09121484,34.88929435
01-09-2025 13:49,20.46326378,177.0268389,96.79105252,42.61583509
01-09-2025 13:50,24.39347763,131.3026175,57.87626957,51.48491765
01-09-2025 13:51,25.80161262,94.04873875,98.024437,62.52717036
01-09-2025 13:52,25.46336943,122.3390997,94.04435334,71.4873091
01-09-2025 13:53,16.57726508,155.7050138,44.97033599,35.05021418
01-09-2025 13:54,17.83866088,151.5477387,58.28815174,29.69544671
01-09-2025 13:55,25.64406628,54.37656485,43.03115836,40.20301043
01-09-2025 13:56,15.16135791,154.6447528,33.06592179,64.35218994
01-09-2025 13:57,19.36088605,148.0631559,26.97608559,76.84868251
01-09-2025 13:58,28.03348964,174.4679567,29.37689063,53.91795684
01-09-2025 13:59,34.0346962,152.6152375,31.7041915,25.83579995
01-09-2025 14:00,20.52804773,70.44063263,15.18822822,25.29029877
01-09-2025 14:01,23.31340219,192.3595688,11.15211324,60.9231259
01-09-2025 14:02,25.79366108,111.1700161,48.44278145,59.77003634
01-09-2025 14:03,33.25546095,160.9152778,59.38370672,60.80510382
01-09-2025 14:04,25.60588768,72.91894871,77.93354689,21.25871409
01-09-2025 14:05,20.45992198,120.403579,89.78105264,26.68238791
01-09-2025 14:06,25.86208758,105.0495183,47.22735404,60.81737802
01-09-2025 14:07,33.78280185,91.27116324,30.52048602,46.43700788
01-09-2025 14:08,18.9918821,59.75885065,28.47283437,67.09571227
01-09-2025 14:09,23.88615424,75.89327602,32.94293855,69.37844629
01-09-2025 14:10,17.92037299,73.63202435,13.57001609,49.42809954
01-09-2025 14:11,20.27984201,125.7457237,89.85370612,30.5967634
01-09-2025 14:12,20.27059565,63.59109572,70.2282716,54.52126544
01-09-2025 14:13,29.79456663,98.74526033,29.26972915,45.48896427
01-09-2025 14:14,23.94258452,105.4455805,60.86362359,66.82551222
01-09-2025 14:15,19.33124351,63.03665416,96.48519855,24.8972183
01-09-2025 14:16,30.03709095,152.234273,51.74858927,49.04647403
01-09-2025 14:17,28.21526679,50.00853254,52.68886592,70.46501354
01-09-2025 14:18,28.62889547,75.60130508,46.56345538,53.31031317
01-09-2025 14:19,21.87321529,108.3028271,71.96268146,58.43787101
01-09-2025 14:20,22.71262704,186.720875,84.2178145,61.86491568
01-09-2025 14:21,28.34355166,62.26169032,76.67584553,75.17815858
01-09-2025 14:22,40.18152521,102.7606071,67.61504217,73.20335006
01-09-2025 14:23,34.68215417,76.4641597,42.32635355,47.66230916
01-09-2025 14:24,19.46941956,126.3896983,91.50567371,75.17082923
01-09-2025 14:25,29.68634978,81.20166858,78.70547156,50.41682551
01-09-2025 14:26,23.04839424,199.4741225,76.06770085,53.16407454
01-09-2025 14:27,30.10292161,169.456884,28.97015582,27.25808675
01-09-2025 14:28,38.45629742,199.8854906,76.94199186,62.26839909
01-09-2025 14:29,25.89275953,138.9052756,20.72480847,23.20381716
01-09-2025 14:30,21.25908071,69.87138802,30.76826914,66.11562175
01-09-2025 14:31,23.33102117,134.6315349,18.42067143,68.63420403
01-09-2025 14:32,22.95350211,78.05146352,98.94925865,45.08771557
01-09-2025 14:33,24.09746391,193.4270863,35.30187292,79.2575325
01-09-2025 14:34,22.40651244,88.08045154,79.17596502,30.78220023
01-09-2025 14:35,34.5104384,75.24951469,73.86775956,60.50868368
01-09-2025 14:36,22.75491622,99.99063028,63.58490488,66.58587619
01-09-2025 14:37,21.89876903,74.50011252,79.00672896,63.38341643
01-09-2025 14:38,19.1052557,136.3391447,86.81391461,39.60087368
01-09-2025 14:39,20.27568465,135.0993929,43.76234377,41.99679097
01-09-2025 14:40,27.8941894,159.3619678,24.97429904,36.66176226
01-09-2025 14:41,24.85173657,67.59761637,38.27656247,35.87797739
01-09-2025 14:42,21.81487649,74.95700095,46.15673554,77.58008483
01-09-2025 14:43,32.41317204,198.1758106,12.84114605,20.52603253
01-09-2025 14:44,22.34771662,158.4059266,29.34697073,66.75808504
01-09-2025 14:45,23.72402137,152.1710452,19.53690408,26.65457651
01-09-2025 14:46,27.29555121,153.9941202,87.72398679,33.88874318
01-09-2025 14:47,21.66904097,115.1195114,40.79689177,52.66169286
01-09-2025 14:48,20.28946504,139.7309569,92.30106262,51.11747933
01-09-2025 14:49,21.38865606,165.1320763,46.50470859,51.71035757
01-09-2025 14:50,22.93643361,158.7159031,30.98848846,35.26997659
01-09-2025 14:51,14.25809375,155.852076,32.38003462,75.25001096
01-09-2025 14:52,22.92210306,153.5812331,65.17212364,58.09405566
01-09-2025 14:53,29.4320536,152.0488006,15.82376323,52.19724547
01-09-2025 14:54,28.7518412,51.37413771,35.03010641,63.45266114
01-09-2025 14:55,24.46041872,174.2967359,42.57837196,30.66356771
01-09-2025 14:56,24.92584759,141.6353562,33.35778936,60.79993091
01-09-2025 14:57,30.19597725,196.3206038,35.28772,22.07853264
01-09-2025 14:58,16.92656931,80.65653916,14.05679199,79.64888494
01-09-2025 14:59,36.59141464,151.5494872,16.30361373,55.10021258
01-09-2025 15:00,31.99508795,145.5370074,96.73131656,55.1025597
01-09-2025 15:01,28.14778987,68.01892799,14.84966665,44.16368738
01-09-2025 15:02,19.71519056,95.79768624,88.76003909,73.8233736
01-09-2025 15:03,26.68133258,84.7066945,64.24820567,53.87765479
01-09-2025 15:04,27.13170893,116.3832425,55.22440121,76.41729087
01-09-2025 15:05,36.36301134,61.14896887,22.81123775,52.64132705
01-09-2025 15:06,28.86392186,104.2533693,44.14553519,42.39931744
01-09-2025 15:07,23.68439375,53.02836394,81.31795742,45.56629289
01-09-2025 15:08,21.41139975,102.4949577,71.59952138,71.82905875
01-09-2025 15:09,19.74632994,125.674086,75.48664707,32.12830444
01-09-2025 15:10,25.10538894,126.4050215,82.00542116,54.65721964
01-09-2025 15:11,18.38878606,92.72497482,29.45812086,26.07521386
01-09-2025 15:12,12.95647071,152.4609602,27.65149309,42.35771372
01-09-2025 15:13,16.98895313,168.051615,49.87282029,25.40842323
01-09-2025 15:14,20.73877684,85.34518612,16.80616278,35.43778881
01-09-2025 15:15,34.75534099,158.2760814,16.02890129,30.95547718
01-09-2025 15:16,20.97898402,135.706242,88.97321642,77.38667088
01-09-2025 15:17,21.25318015,131.1671663,59.37469628,42.57070336
01-09-2025 15:18,24.67970984,72.97001746,69.37134966,38.65206824
01-09-2025 15:19,23.44680053,55.38643528,14.33390018,25.75605431
01-09-2025 15:20,20.5866703,106.3516083,28.42001138,69.69787474
01-09-2025 15:21,27.38682231,112.5757185,63.44932883,35.45688929
01-09-2025 15:22,26.20673719,196.9078491,49.26738973,70.41791606
01-09-2025 15:23,24.79916382,168.6399979,29.82003471,38.67985122
01-09-2025 15:24,36.79427553,142.9891222,58.20104619,26.85990322
01-09-2025 15:25,20.2614193,99.08650264,17.89665147,35.5928333
01-09-2025 15:26,22.19779693,166.6353663,42.43738227,36.21659893
01-09-2025 15:27,22.20304163,176.1352392,54.65934724,66.20087153
01-09-2025 15:28,21.69392039,85.71940564,45.04523312,36.51070405
01-09-2025 15:29,25.70494666,108.490707,29.28973982,43.13261688
01-09-2025 15:30,30.04295946,113.4237275,15.73904276,51.10665032
01-09-2025 15:31,21.2216855,91.86361602,34.34622412,46.79257601
01-09-2025 15:32,30.26372197,60.86136727,29.7806904,24.97300225
01-09-2025 15:33,31.27403943,106.4412123,51.55575213,31.88404465
01-09-2025 15:34,26.43672979,90.36289082,71.40956537,35.00776386
01-09-2025 15:35,17.30214795,99.41101507,41.11244809,53.83043197
01-09-2025 15:36,20.98370149,82.10534272,77.72879986,50.54454634
01-09-2025 15:37,28.87512979,132.3129169,31.31698969,21.47947887
01-09-2025 15:38,30.07075978,119.8947097,97.37023044,51.20640837
01-09-2025 15:39,25.62180315,138.9185647,49.81409302,63.77072779
01-09-2025 15:40,26.88696681,154.4796663,89.15226314,43.3236302
01-09-2025 15:41,20.52195418,60.2993374,76.27273636,44.10201938
01-09-2025 15:42,34.88997166,114.4685128,19.06106237,55.64225695
01-09-2025 15:43,30.36638162,176.5133157,26.65611483,49.4309034
01-09-2025 15:44,29.42309397,188.7132849,24.29630625,62.15203009
01-09-2025 15:45,21.4103009,188.9970003,89.46155134,24.76064439
01-09-2025 15:46,29.02461083,66.51086061,58.09661259,22.25860808
01-09-2025 15:47,26.377678,152.1596928,36.04737517,72.35140002
01-09-2025 15:48,17.76344597,164.7382186,19.31729009,79.64210518
01-09-2025 15:49,24.10008399,199.9814842,43.13161522,26.12599486
01-09-2025 15:50,18.0301321,185.9562161,22.25616042,79.61951702
01-09-2025 15:51,23.30910782,157.0787894,64.72145319,46.27250814
01-09-2025 15:52,25.31354471,120.69401,81.24357749,33.57225314
01-09-2025 15:53,27.17445752,128.304684,34.63176309,44.13441882
01-09-2025 15:54,28.17637223,105.3692808,38.37050583,75.05549143
01-09-2025 15:55,30.11430317,110.645471,86.6364593,72.60937499
01-09-2025 15:56,32.09465263,194.5746041,27.10752972,62.34888744
01-09-2025 15:57,29.5128276,187.5077304,60.77656041,27.13628248
01-09-2025 15:58,25.31745189,54.93104232,96.45040347,59.83258311
01-09-2025 15:59,17.93694172,143.3592104,39.29929904,29.20475447
01-09-2025 16:00,25.02313523,110.8476282,19.19846876,76.52813035
01-09-2025 16:01,25.57225654,136.2183787,29.58249598,77.84835378
01-09-2025 16:02,27.03659364,150.1487066,28.88081907,60.73345164
01-09-2025 16:03,27.66167242,136.482957,15.8433808,38.07858905
01-09-2025 16:04,19.88180804,141.3482869,12.46408799,42.4438876
01-09-2025 16:05,32.02389715,60.01726873,44.53111217,78.91842453
01-09-2025 16:06,29.49873538,85.21043947,53.87780657,43.97136081
01-09-2025 16:07,26.30363304,151.4302922,95.80745811,55.37414044
01-09-2025 16:08,28.22902009,152.3520836,77.40109909,79.01012995
01-09-2025 16:09,33.32849648,56.4151308,54.53267911,43.92692507
01-09-2025 16:10,30.3762846,62.44239237,24.02107614,36.65450067
01-09-2025 16:11,22.83168494,123.4451611,35.91162886,62.605292
01-09-2025 16:12,26.29526858,143.1443743,75.77718638,30.58468344
01-09-2025 16:13,31.27101674,83.11944989,23.38034759,60.22928296
01-09-2025 16:14,15.608657,191.7008913,11.98974537,53.0227619
01-09-2025 16:15,24.42347712,109.5413642,14.79931119,71.75428207
01-09-2025 16:16,34.2241452,76.22364949,17.6305002,44.84391607
01-09-2025 16:17,25.12861604,64.25770784,37.71312556,22.86420847
01-09-2025 16:18,22.6817214,167.4826879,17.12033693,24.11517733
01-09-2025 16:19,17.54051167,184.848733,24.94614437,36.08635737
01-09-2025 16:20,30.06529397,126.4233231,58.13773559,48.33430711
01-09-2025 16:21,28.8920529,82.43161828,91.03191803,79.6237804
01-09-2025 16:22,29.4077123,117.9471889,72.3681261,24.68621471
01-09-2025 16:23,29.28896009,148.4339245,45.64158889,70.36011907
01-09-2025 16:24,20.61030048,59.37435505,43.74103954,55.70921492
01-09-2025 16:25,29.84317164,162.3720692,79.81365943,26.7710963
01-09-2025 16:26,17.80201387,146.8900983,20.00636411,46.84721721
01-09-2025 16:27,22.07172146,74.28320516,96.54378528,23.58043883
01-09-2025 16:28,17.19230766,145.927922,90.1270599,37.01977017
01-09-2025 16:29,28.08696012,72.17353008,57.42027427,25.84114356
01-09-2025 16:30,15.60610985,125.9546086,93.05129476,56.49244688
01-09-2025 16:31,32.18865987,170.8433084,68.92939642,49.30210305
01-09-2025 16:32,31.63547916,64.1865404,69.26306548,35.15523692
01-09-2025 16:33,23.10489647,138.9186086,67.54983113,50.63012901
01-09-2025 16:34,22.48811436,103.8655627,46.06023171,64.46660392
01-09-2025 16:35,33.29591134,84.77899057,52.90206795,40.53715048
01-09-2025 16:36,30.69885033,197.4211572,27.93454452,44.98240817
01-09-2025 16:37,27.48620337,79.54965082,37.1939239,46.42656117
01-09-2025 16:38,22.2678364,159.0133132,76.60029276,48.59097373
01-09-2025 16:39,31.97223762,107.4391003,63.0186969,31.06809045
01-09-2025 16:40,19.84285474,82.30600635,82.50040055,77.71521854
01-09-2025 16:41,22.55993745,129.3921126,67.34309339,29.42444947
01-09-2025 16:42,34.90263198,85.76227136,31.22687343,27.52539196
01-09-2025 16:43,29.31718907,181.6170987,63.04287273,63.50154708
01-09-2025 16:44,25.78676481,140.6704416,22.47175719,33.11807126
01-09-2025 16:45,29.09880709,60.76853943,53.48213966,58.95100729
01-09-2025 16:46,28.90483966,154.9467692,54.78125314,25.90541448
01-09-2025 16:47,33.04354892,50.4159847,93.46425132,63.82272338
01-09-2025 16:48,15.11391671,106.0778543,63.49304289,38.85427933
01-09-2025 16:49,22.0307609,195.4841013,54.21174085,48.02803974
01-09-2025 16:50,24.86413665,69.97286599,67.98545829,59.10509622
01-09-2025 16:51,34.00315571,138.811496,23.65964879,49.09814707
01-09-2025 16:52,26.35472941,70.82293478,53.35106561,33.81710463
01-09-2025 16:53,18.00244856,126.6278476,69.76710187,69.47531428
01-09-2025 16:54,29.61088556,192.0969839,73.5510468,77.15981638
01-09-2025 16:55,23.89399701,114.2443691,90.99585743,26.57798878
01-09-2025 16:56,22.39835614,72.93264333,55.48274553,50.78248187
01-09-2025 16:57,29.96543002,140.4251815,26.21388123,34.80325067
01-09-2025 16:58,28.02392363,78.77509411,76.9354973,56.13201455
01-09-2025 16:59,24.36250138,53.25310255,87.18338182,70.69887254
01-09-2025 17:00,26.21498959,75.27078383,89.93570233,44.31758073
01-09-2025 17:01,19.99389756,179.8385574,29.89000332,20.32625182
01-09-2025 17:02,21.5968057,80.79268311,97.33834568,59.95751826
01-09-2025 17:03,24.33922775,117.8108475,14.45038039,59.63860656
01-09-2025 17:04,28.14233068,68.75944971,52.22312462,25.4908747
01-09-2025 17:05,24.5113095,140.6624512,41.82015954,46.5560723
01-09-2025 17:06,24.67974478,112.7375644,78.39312679,27.37076925
01-09-2025 17:07,24.73312778,74.90503315,77.42042107,27.20974118
01-09-2025 17:08,28.23036488,143.2984709,55.30560878,58.93748392
01-09-2025 17:09,14.48557429,107.3247971,16.44734821,39.15421241
01-09-2025 17:10,18.04953617,78.31540998,90.95830459,52.3163249
01-09-2025 17:11,24.34164713,195.5544692,44.98288748,48.50091416
01-09-2025 17:12,24.25783947,162.2618169,82.50469922,49.44494645
01-09-2025 17:13,28.670052,86.64355033,31.14112921,46.72959053
01-09-2025 17:14,18.62989121,142.5202066,96.24774763,37.88464538
01-09-2025 17:15,23.34529183,131.4369289,45.08157547,58.48274977
01-09-2025 17:16,31.73698025,105.5907468,79.05830726,35.07476535
01-09-2025 17:17,27.84226097,68.67820935,37.29194706,38.23094471
01-09-2025 17:18,25.47171452,64.30356497,95.22859985,25.87587719
01-09-2025 17:19,29.89219521,169.7022061,47.26805364,51.23940511
01-09-2025 17:20,18.95254058,186.3913866,62.70323745,54.76498068
01-09-2025 17:21,29.82200779,178.4766192,91.98973959,46.05995192
01-09-2025 17:22,17.1272594,149.2183111,37.88752176,76.47680187
01-09-2025 17:23,25.83383091,58.75296716,70.9515347,51.95496589
01-09-2025 17:24,26.15084647,172.3158768,78.27440191,43.12145166
01-09-2025 17:25,18.40752615,50.47863531,46.3615676,32.40000336
01-09-2025 17:26,30.70679169,101.2298577,52.36499852,39.77855835
01-09-2025 17:27,17.42388024,126.233991,30.76074591,62.07032772
01-09-2025 17:28,19.84285814,149.7701347,33.8405998,69.30075491
01-09-2025 17:29,28.62465264,82.66248944,77.50341564,61.54793989
01-09-2025 17:30,23.04003407,65.66428197,22.25488003,49.62497262
01-09-2025 17:31,24.28144134,70.59214607,72.09037849,45.78934646
01-09-2025 17:32,31.34529071,68.06107746,14.31758924,31.20326731
01-09-2025 17:33,24.32385286,167.8759843,25.09151874,69.45421847
01-09-2025 17:34,16.62822728,150.779377,37.33073664,31.83259715
01-09-2025 17:35,18.30542158,71.46769752,23.10812989,44.49563164
01-09-2025 17:36,25.69474163,104.8246428,49.47318148,42.21440032
01-09-2025 17:37,24.0469887,126.4287533,13.56930916,37.47216664
01-09-2025 17:38,26.28639084,174.8115413,79.82471195,52.45833965
01-09-2025 17:39,26.23820933,175.3481372,59.65914512,64.27610765
01-09-2025 17:40,22.52704492,67.46097867,73.77266961,27.48949009
01-09-2025 17:41,22.26079983,81.04768964,12.72874369,63.41405995
01-09-2025 17:42,26.35153918,120.7226864,58.68478242,32.78757668
01-09-2025 17:43,22.66315968,132.5389654,15.75120482,34.47268806
01-09-2025 17:44,29.89571131,75.60020272,79.42900371,34.04699727
01-09-2025 17:45,25.69482051,145.4764468,47.43009148,31.21527574
01-09-2025 17:46,18.51721978,156.7779326,59.68149186,24.26013803
01-09-2025 17:47,19.19738732,154.0862629,30.59771794,27.57741865
01-09-2025 17:48,28.08223672,51.76684937,56.49960006,60.98882888
01-09-2025 17:49,21.68676343,96.77585761,89.81302635,27.8637778
01-09-2025 17:50,21.14792046,85.06701028,27.21738919,75.81110278
01-09-2025 17:51,28.61993881,60.28023603,81.91209721,56.68445328
01-09-2025 17:52,36.70397625,118.2153844,12.30623474,78.31111028
01-09-2025 17:53,33.71515728,185.2464498,54.16425008,25.13228876
01-09-2025 17:54,37.87753908,138.0808165,97.56883766,38.54317007
01-09-2025 17:55,26.77581347,93.40672909,53.54375944,30.85531768
01-09-2025 17:56,26.62961503,195.3526025,84.08744685,29.03713902
01-09-2025 17:57,27.17331841,161.368838,45.7583873,29.73948986
01-09-2025 17:58,29.74945348,105.80637,77.17659705,51.82687866
01-09-2025 17:59,27.04408203,102.2088373,42.050376,44.24573357
01-09-2025 18:00,23.87057007,143.7393338,84.8200209,43.69780318
01-09-2025 18:01,20.98284108,144.6476751,30.14605431,45.59934539
01-09-2025 18:02,30.77740023,150.170764,30.64905865,72.36143258
01-09-2025 18:03,19.70437719,173.6583383,48.52542129,49.07702412
01-09-2025 18:04,21.57351454,191.0370167,35.74075125,58.85126908
01-09-2025 18:05,30.04999019,103.1872367,23.76863307,72.22109418
01-09-2025 18:06,18.47198159,199.4039376,61.48648277,65.34918492
01-09-2025 18:07,23.13601449,116.0993093,30.89910079,62.55853056
01-09-2025 18:08,29.37246915,187.078849,88.65989573,66.07684204
01-09-2025 18:09,28.07378228,109.6356497,64.78830265,41.43987152
01-09-2025 18:10,27.48055107,159.1312782,66.75963419,57.2474607
01-09-2025 18:11,26.60113725,99.78439921,13.99497798,62.81392499
01-09-2025 18:12,26.63900192,98.76823891,67.01337249,35.79688893
01-09-2025 18:13,30.84498785,54.906934,95.73321491,56.54077681
01-09-2025 18:14,26.73260688,109.3124647,82.033022,38.42304797
01-09-2025 18:15,29.78663669,130.2956149,53.96857389,66.21754853
01-09-2025 18:16,21.90609074,176.6806301,36.45155907,45.32494515
01-09-2025 18:17,19.42815892,150.26141,74.54387242,34.0735249
01-09-2025 18:18,35.81644082,72.63992722,45.49607278,66.79349976
01-09-2025 18:19,30.20635411,196.9772371,30.70538333,50.11740159
01-09-2025 18:20,19.33928063,122.7636598,57.12661757,59.92488973
01-09-2025 18:21,24.42069614,114.3234492,66.35762739,30.77884826
01-09-2025 18:22,18.45459769,176.5443846,30.38637926,55.51852733
01-09-2025 18:23,23.92388351,164.243951,91.03046922,68.83962198
01-09-2025 18:24,36.67841951,136.9896251,45.93015393,34.31444612
01-09-2025 18:25,20.58137158,191.3415659,72.38268255,30.06437349
01-09-2025 18:26,12.97430377,104.4945932,77.11836083,67.57044459
01-09-2025 18:27,29.65033502,173.4486737,66.40803681,62.47285326
01-09-2025 18:28,27.73030984,98.87757188,67.67934186,49.20314563
01-09-2025 18:29,30.06616174,167.9697527,93.96818898,25.69654813
01-09-2025 18:30,26.01360459,165.0165903,22.49050873,26.53105744
01-09-2025 18:31,24.32988052,146.1920433,15.67108968,64.8414453
01-09-2025 18:32,25.78649414,93.54859738,93.15766542,70.4948559
01-09-2025 18:33,24.17543575,106.0442457,24.08829757,28.63162153
01-09-2025 18:34,23.71414821,156.1171912,30.2423221,78.77537591
01-09-2025 18:35,25.44373489,109.3594131,24.86344808,63.9661974
01-09-2025 18:36,23.61554669,162.3145591,18.00472988,36.36402426
01-09-2025 18:37,24.55888412,71.88354944,52.36869635,51.97653749
01-09-2025 18:38,16.00431136,100.3295597,15.34124575,53.20150396
01-09-2025 18:39,24.28659437,149.8928317,38.60485488,40.62569588
01-09-2025 18:40,21.15201098,162.116391,59.61845761,54.07980712
01-09-2025 18:41,20.61576183,195.3780923,88.34564046,56.42153196
01-09-2025 18:42,24.30772115,142.1687031,28.14106118,21.94501009
01-09-2025 18:43,21.98081277,75.6217342,54.90762748,53.85492017
01-09-2025 18:44,20.70250593,53.28931636,51.50364585,59.97812399
01-09-2025 18:45,26.96931105,170.7029792,94.05380924,51.13148755
01-09-2025 18:46,29.20411066,169.9045035,50.4607959,53.79104506
01-09-2025 18:47,25.39051036,159.0872908,54.45172105,63.07652483
01-09-2025 18:48,24.0841206,137.4994195,37.05170992,49.64868739
01-09-2025 18:49,31.92221497,53.35052383,49.84072641,63.07988321
01-09-2025 18:50,34.46214691,179.9905806,56.1200079,63.28530986
01-09-2025 18:51,24.84597037,135.6299364,66.64444437,67.08292851
01-09-2025 18:52,26.78998693,190.5210558,74.43749564,52.10195312
01-09-2025 18:53,20.61325643,109.7654064,14.13865663,77.30595303
01-09-2025 18:54,22.69898782,71.4739901,23.36426456,47.10928494
01-09-2025 18:55,27.25084329,122.2352367,82.41997977,56.45343521
01-09-2025 18:56,19.16111534,75.0896716,85.06805779,77.20064495
01-09-2025 18:57,28.09828405,188.8081979,96.02533409,68.20453747
01-09-2025 18:58,22.75405867,158.9565705,31.56193157,20.1335793
01-09-2025 18:59,23.70313457,50.49650894,31.35191446,25.98644541
01-09-2025 19:00,20.27359146,72.42168553,35.78314075,29.06173575
01-09-2025 19:01,14.27787971,53.41066527,23.20960858,43.62020551
01-09-2025 19:02,20.71615863,180.872734,31.93395647,39.81106717
01-09-2025 19:03,21.14287736,69.35376364,89.69637339,65.65998861
01-09-2025 19:04,20.91497266,71.2455732,68.03141576,23.57459411
01-09-2025 19:05,30.33531869,117.1329016,23.59702222,28.37768366
01-09-2025 19:06,39.28511237,65.36024614,30.96371153,60.85909215
01-09-2025 19:07,22.33254856,119.6722699,38.29656352,39.83045606
01-09-2025 19:08,27.55209897,110.2478214,93.84470505,42.09702139
01-09-2025 19:09,22.65647356,66.22258768,40.4440247,40.09907286
01-09-2025 19:10,22.52022882,57.77817155,18.75888987,46.1853614
01-09-2025 19:11,38.53827589,77.96120339,78.55339867,21.93743651
01-09-2025 19:12,27.06161433,133.1799642,76.46039612,32.94862024
01-09-2025 19:13,26.51899064,120.9091546,43.9572084,47.6180241
01-09-2025 19:14,33.52434871,147.5710141,37.98577202,77.43598566
01-09-2025 19:15,25.9532198,53.91536633,11.53194168,35.30145655
01-09-2025 19:16,29.72669609,146.5546189,52.97841554,29.81787601
01-09-2025 19:17,20.82140198,68.86461437,25.74938829,42.94922951
01-09-2025 19:18,32.10870727,58.61447288,60.28076931,37.49843576
01-09-2025 19:19,18.5773693,160.8396931,15.02152811,21.16960478
01-09-2025 19:20,18.74988406,159.9754944,82.04680397,36.33783709
01-09-2025 19:21,27.32127431,96.04501035,67.85381159,69.04485247
01-09-2025 19:22,23.4157486,55.73476818,47.7592394,47.06189822
01-09-2025 19:23,26.22565681,126.8335263,47.26868617,68.80296145
01-09-2025 19:24,18.51117419,115.978559,31.1778863,69.65770199
01-09-2025 19:25,20.03053966,146.1138265,39.22193243,74.74974732
01-09-2025 19:26,18.22353228,154.4499702,15.4035807,22.53376896
01-09-2025 19:27,22.70645251,70.50854366,97.93742515,56.13115072
01-09-2025 19:28,25.45860774,172.7723558,50.10957537,52.3611444
01-09-2025 19:29,30.69316546,76.52113514,96.55858231,24.59178201
01-09-2025 19:30,24.493648,123.5325244,32.75602528,59.08412221
01-09-2025 19:31,23.44533397,105.7693689,27.39133594,77.26868762
01-09-2025 19:32,34.19240096,152.7580115,31.68406544,54.66049989
01-09-2025 19:33,27.38737024,125.760092,59.69259052,77.59207991
01-09-2025 19:34,23.6824531,62.13213244,49.4282904,73.45426726
01-09-2025 19:35,31.59590888,135.2791966,75.29690626,52.37980176
01-09-2025 19:36,21.56650368,100.8497232,89.45813077,22.95935726
01-09-2025 19:37,23.60809424,173.814479,65.80116476,66.49404833
01-09-2025 19:38,22.46363276,125.096143,28.54324746,77.93015218
01-09-2025 19:39,23.16059188,199.7778078,77.31458293,20.08576822
01-09-2025 19:40,17.49968747,66.95891216,49.37877363,31.12136453
01-09-2025 19:41,29.95011335,158.3444816,50.20600224,37.52258652
01-09-2025 19:42,25.63917006,148.4196826,95.00711211,76.87001661
01-09-2025 19:43,23.1276762,146.2252476,52.33961213,75.54917798
01-09-2025 19:44,28.77746505,188.288635,64.3382656,59.52271215
01-09-2025 19:45,33.2064701,58.38214117,15.39102106,32.75481798
01-09-2025 19:46,24.38002521,130.326238,46.82821415,63.93616585
01-09-2025 19:47,30.61279664,141.0941469,13.04168148,20.76843083
01-09-2025 19:48,18.08540761,181.4818546,28.8807844,43.04789246
01-09-2025 19:49,32.79600055,95.63989135,72.36693595,63.72443259
01-09-2025 19:50,33.56701602,51.6201985,29.17949435,40.21728991
01-09-2025 19:51,30.65243404,181.8840835,83.82618833,45.57396635
01-09-2025 19:52,24.11528582,197.3584906,67.601932,26.4824918
01-09-2025 19:53,13.32778592,78.58434095,10.21701704,76.02378496
01-09-2025 19:54,22.6288118,83.75059952,52.35004937,64.42955218
01-09-2025 19:55,25.58099491,51.09257168,83.8558817,38.72528452
01-09-2025 19:56,28.03234421,67.84723226,71.98184748,54.18570897
01-09-2025 19:57,24.52807241,122.3134113,32.53940647,67.27775091
01-09-2025 19:58,20.55175402,56.64491618,59.5325501,22.43381706
01-09-2025 19:59,28.25674165,188.8272863,91.06777471,22.41523434
01-09-2025 20:00,26.56089283,182.8420016,93.75105541,44.18185255
01-09-2025 20:01,25.47270575,147.6399181,68.34961877,79.606698
01-09-2025 20:02,21.67524342,58.25994903,17.5204263,47.1462857
01-09-2025 20:03,10.3274246,186.1371318,74.2696244,37.99926188
01-09-2025 20:04,23.80921377,78.74849873,62.46386302,56.37998493
01-09-2025 20:05,19.34904172,100.1480929,32.06827444,61.35122846
01-09-2025 20:06,27.37279252,165.4970957,29.71881645,50.93670971
01-09-2025 20:07,34.25017161,172.1954633,91.90445423,28.02714838
01-09-2025 20:08,25.17898904,103.5053737,11.76076427,50.0412735
01-09-2025 20:09,27.3102931,176.9205205,19.08249765,42.04894512
01-09-2025 20:10,32.73069029,161.5496458,71.28416615,75.41854982
01-09-2025 20:11,14.77520443,127.5231793,41.49165047,24.35999359
01-09-2025 20:12,27.72731324,70.24787408,96.30264078,55.33010736
01-09-2025 20:13,20.22728811,55.0571297,53.15243963,31.29338569
01-09-2025 20:14,28.31334884,59.82519938,64.8739594,34.84958649
01-09-2025 20:15,14.33280025,152.5757852,66.56706745,28.11688843
01-09-2025 20:16,20.92366676,75.57531339,55.63986599,39.59951236
01-09-2025 20:17,19.21962768,195.577911,88.11819126,60.90331846
01-09-2025 20:18,22.15153851,119.0077696,42.17434541,64.91063943
01-09-2025 20:19,25.80840837,170.3653976,71.24089518,58.21416773
01-09-2025 20:20,20.5742786,133.6711179,38.14439149,50.56826617
01-09-2025 20:21,22.02967743,157.6122979,19.28161339,55.87945701
01-09-2025 20:22,21.79409942,78.8753875,66.56317009,37.11919267
01-09-2025 20:23,13.82902237,169.8242878,41.7449184,28.90679857
01-09-2025 20:24,28.05601873,144.5546919,97.18230993,75.29096477
01-09-2025 20:25,18.27548947,198.7573755,44.85382119,24.87821789
01-09-2025 20:26,20.27246509,69.0365465,83.89566908,31.17373552
01-09-2025 20:27,24.96610965,148.4810755,44.58415102,21.96338113
01-09-2025 20:28,25.06859687,95.6980457,77.72111401,41.47929135
01-09-2025 20:29,26.78345948,163.5797245,92.79049707,63.26939524
01-09-2025 20:30,30.01850512,146.4967356,96.62334499,76.90915582
01-09-2025 20:31,17.12499714,134.8630717,20.06266102,30.75712072
01-09-2025 20:32,17.41688653,95.65402033,83.73037059,77.98844043
01-09-2025 20:33,25.49599734,100.0919479,35.53791264,67.66700771
01-09-2025 20:34,22.84952284,145.0111618,19.36319916,56.40457891
01-09-2025 20:35,27.10564717,58.29995692,46.24112182,46.05941399
01-09-2025 20:36,20.20130497,52.59462142,19.47954896,47.03880018
01-09-2025 20:37,24.85468346,74.32795246,64.81405448,27.42271707
01-09-2025 20:38,22.19248145,52.04160097,24.52132121,64.58764213
01-09-2025 20:39,32.56436312,160.8341553,87.0244084,48.94329346
01-09-2025 20:40,16.07548021,89.21794287,72.673261,77.86335548
01-09-2025 20:41,21.50136861,118.3775429,28.70386537,39.63069259
01-09-2025 20:42,21.75320861,99.56736769,44.32645321,71.05128008
01-09-2025 20:43,26.0432222,116.6986553,51.89867966,68.01853793
01-09-2025 20:44,24.07459901,172.2980418,14.53686452,30.51493371
01-09-2025 20:45,27.8059208,138.5675594,35.98684185,61.39372285
01-09-2025 20:46,16.44017837,155.4837059,12.00278603,28.3457975
01-09-2025 20:47,30.93358886,64.03784617,28.02657584,50.65580618
01-09-2025 20:48,27.4986672,171.5438511,27.72688428,48.69584161
01-09-2025 20:49,26.09282945,187.4399165,74.88523191,59.09395943
01-09-2025 20:50,30.22794101,115.0212069,87.79515075,61.97547355
01-09-2025 20:51,32.72219115,87.57925411,26.63007828,71.4895394
01-09-2025 20:52,17.26541286,188.298562,61.08465355,55.8920813
01-09-2025 20:53,31.96519578,188.612835,55.02053242,52.60637285
01-09-2025 20:54,23.672271,99.77175314,82.16249381,35.0401271
01-09-2025 20:55,18.75881337,152.0901483,17.47794397,40.46007347
01-09-2025 20:56,26.25442792,137.3791552,75.77683568,30.04365189
01-09-2025 20:57,32.71260688,188.9605051,50.27782156,28.53669812
01-09-2025 20:58,25.5553432,87.50812641,50.31967001,48.01661246
01-09-2025 20:59,21.99707981,113.9499399,82.63356061,67.68368739
01-09-2025 21:00,26.63137029,126.3093979,13.84581521,40.29674241
01-09-2025 21:01,15.94117248,147.0158974,53.08065461,23.77824692
01-09-2025 21:02,18.6623998,97.12148228,84.56287397,37.91255561
01-09-2025 21:03,21.46486671,122.028414,18.19869745,26.80960635
01-09-2025 21:04,15.5772628,141.9487929,58.36872281,36.06715866
01-09-2025 21:05,36.26499838,177.343055,20.46235896,57.17051866
01-09-2025 21:06,30.5541005,174.8143023,84.59204221,44.99341105
01-09-2025 21:07,22.09000525,121.9001052,48.75762277,28.97123481
01-09-2025 21:08,26.68902231,141.2473677,28.27047699,43.76449046
01-09-2025 21:09,28.89586837,92.63888128,48.51011802,59.17040984
01-09-2025 21:10,21.18353792,186.2915393,67.91863011,61.79740964
01-09-2025 21:11,34.80995665,118.3414087,73.63582649,38.6260616
01-09-2025 21:12,27.88984782,109.2754969,26.21362984,57.79547136
01-09-2025 21:13,17.3380062,170.6401263,90.0516016,77.18299484
01-09-2025 21:14,26.36968456,57.83131617,40.50505412,29.10855633
01-09-2025 21:15,24.88820399,180.9408683,21.65743754,47.22104818
01-09-2025 21:16,22.66512986,86.31965697,98.03739153,68.81752543
01-09-2025 21:17,21.07064479,194.6343246,44.853796,47.5525141
01-09-2025 21:18,20.04874526,184.0691226,90.67110251,71.43267248
01-09-2025 21:19,22.44560798,93.53047135,10.99976209,68.6579061
01-09-2025 21:20,25.86731635,109.0764858,10.2676594,50.21831941
01-09-2025 21:21,18.70150918,77.46489245,17.04602505,66.55994499
01-09-2025 21:22,20.68551984,190.242419,64.12816766,68.31433161
01-09-2025 21:23,26.87629641,119.7010458,68.57720044,62.27873122
01-09-2025 21:24,33.37188508,151.8960143,64.32199534,74.33181406
01-09-2025 21:25,27.94049466,60.83599584,78.05570584,33.07341037
01-09-2025 21:26,24.5183949,60.3081757,74.72499913,20.10497407
01-09-2025 21:27,23.61515576,120.8652802,75.04999858,50.24894699
01-09-2025 21:28,27.85621992,75.02240844,69.7730273,42.92166701
01-09-2025 21:29,15.12215076,138.9187533,30.82896725,66.63354923
01-09-2025 21:30,25.04623808,189.373741,23.0392737,53.12968148
01-09-2025 21:31,28.2025941,142.2492707,22.3388521,57.80568307
01-09-2025 21:32,28.16880657,184.4436472,96.06860821,78.21451626
01-09-2025 21:33,18.38542266,93.20404087,60.6513479,44.12569293
01-09-2025 21:34,34.74308178,70.81267637,12.98850349,65.00975352
01-09-2025 21:35,18.31961532,177.337593,10.09955748,74.27698594
01-09-2025 21:36,20.99775548,118.2163148,32.21433377,52.5227945
01-09-2025 21:37,32.09316981,181.3786447,72.66465,56.58256669
01-09-2025 21:38,23.54412167,75.45368125,82.7831501,75.04527359
01-09-2025 21:39,31.71525679,101.7615414,45.03033086,73.04268108
01-09-2025 21:40,28.69003263,101.2455501,61.03250552,23.57116612
01-09-2025 21:41,23.60596161,166.6854544,85.26916274,54.1152196
01-09-2025 21:42,23.45015694,69.60445515,85.0783976,34.69666602
01-09-2025 21:43,28.16202162,98.21957653,11.70457143,26.80516498
01-09-2025 21:44,17.65307505,133.9615839,60.95357541,59.10622902
01-09-2025 21:45,30.84830115,100.5597162,26.80606822,28.80234437
01-09-2025 21:46,24.73608919,71.01650983,81.84864023,28.984246
01-09-2025 21:47,29.11045479,185.1173773,62.01466092,68.97337852
01-09-2025 21:48,23.33203951,57.38066243,86.53744824,72.66679006
01-09-2025 21:49,26.75730461,197.1829935,61.63784673,51.34607527
01-09-2025 21:50,18.83702264,165.393231,46.20160813,27.73551494
01-09-2025 21:51,28.845502,142.7177107,52.14798882,21.40212393
01-09-2025 21:52,28.18941527,50.22965909,70.73571534,73.20306229
01-09-2025 21:53,24.55534413,92.59769392,92.43485489,55.17193914
01-09-2025 21:54,24.42605604,153.2994711,83.24060274,30.53464187
01-09-2025 21:55,19.48806068,162.1004154,15.98454793,23.8792991
01-09-2025 21:56,30.04585379,89.42015836,76.18937556,40.09444102
01-09-2025 21:57,18.05228354,193.1863296,21.02343974,47.21034827
01-09-2025 21:58,29.60797875,51.17307723,67.38526621,71.39086217
01-09-2025 21:59,25.45246072,88.45851475,49.43731419,66.70146445
01-09-2025 22:00,24.47859449,62.31742382,48.50967332,71.54063558
01-09-2025 22:01,22.15795365,184.5380682,70.73864392,40.0084296
01-09-2025 22:02,34.44931311,88.12363538,91.84479026,62.38117557
01-09-2025 22:03,19.06274257,56.29648423,74.0155047,40.75707693
01-09-2025 22:04,21.27342072,66.71993317,24.00787364,70.05236556
01-09-2025 22:05,18.34145983,82.6486326,26.24285897,49.08001264
01-09-2025 22:06,26.81581949,154.7259777,99.20298677,74.74155129
01-09-2025 22:07,27.49367637,95.54592552,33.0598119,68.47204271
01-09-2025 22:08,34.43261429,178.0486073,60.51736022,35.98910006
01-09-2025 22:09,21.96398891,113.4986634,93.49323615,57.32742684
01-09-2025 22:10,23.70681755,62.1819821,96.80500243,43.92007896
01-09-2025 22:11,18.51269031,177.3668036,98.33068609,26.13024068
01-09-2025 22:12,18.78392955,146.3413872,30.69859473,29.54917494
01-09-2025 22:13,27.83865715,50.17817596,95.50098879,59.01759182
01-09-2025 22:14,27.70162453,95.86458174,31.65215562,46.74713577
01-09-2025 22:15,25.51726916,112.4000801,92.01752863,79.75638851
01-09-2025 22:16,26.15178129,147.982768,20.03950221,21.43556624
01-09-2025 22:17,28.60094823,189.4700522,39.78831292,29.24373936
01-09-2025 22:18,25.07419826,156.1465954,81.56567831,44.10807958
01-09-2025 22:19,27.54518382,73.80318877,11.5882627,78.33790178
01-09-2025 22:20,28.14725204,59.85540624,59.0098412,31.63230053
01-09-2025 22:21,16.4134424,132.2731057,58.4327413,41.0406669
01-09-2025 22:22,25.8616574,81.81784711,58.90583734,61.54631249
01-09-2025 22:23,31.04544188,50.12729637,21.23961636,22.52856657
01-09-2025 22:24,25.471046,114.1082012,24.37617,24.82448536
01-09-2025 22:25,29.1882993,191.1673754,89.86564994,27.88965519
01-09-2025 22:26,27.55954437,163.8207275,15.15999246,61.88228181
01-09-2025 22:27,24.84814898,154.2003583,67.88965717,59.90664976
01-09-2025 22:28,26.42882794,104.0578617,81.45582847,53.82009976
01-09-2025 22:29,31.52622148,113.3616765,25.79730401,21.6996098
01-09-2025 22:30,21.14279485,173.1052168,79.36089264,62.34208962
01-09-2025 22:31,24.9233114,117.0302588,53.54154905,23.12058831
01-09-2025 22:32,28.70855441,155.6822383,50.84566998,69.53966725
01-09-2025 22:33,29.08713274,169.7524135,71.66432012,66.55735853
01-09-2025 22:34,30.11963146,133.3512978,68.16947736,40.85296513
01-09-2025 22:35,21.30980761,65.2826316,72.47611095,59.33224128
01-09-2025 22:36,27.13435624,92.10239164,88.42062024,43.83008583
01-09-2025 22:37,21.4448995,62.06852521,34.3770909,20.89163687
01-09-2025 22:38,26.64140229,130.1813939,79.05925362,20.6512511
01-09-2025 22:39,27.44160704,175.3347158,40.14996008,70.95961251
01-09-2025 22:40,34.3437408,75.44230105,94.40442059,74.9550185
01-09-2025 22:41,25.624204,95.66082485,24.4421296,55.63803849
01-09-2025 22:42,33.89281675,180.2709226,47.32494217,74.43148552
01-09-2025 22:43,29.90220164,186.0281906,76.43621573,32.30227418
01-09-2025 22:44,26.64523321,138.2483548,80.33034694,71.37626055
01-09-2025 22:45,22.77509802,81.66152818,27.7588918,60.85066989
01-09-2025 22:46,26.49545571,64.23101295,21.79619598,26.59824824
01-09-2025 22:47,34.28339041,55.42652285,88.41011285,67.9458757
01-09-2025 22:48,23.16309196,190.7754365,98.51861273,75.59487427
01-09-2025 22:49,32.478688,106.679978,15.51243356,69.86996112
01-09-2025 22:50,30.51648758,157.8357359,73.73547118,35.62965652
01-09-2025 22:51,17.11123327,100.3488283,35.38964913,59.18446216
01-09-2025 22:52,26.97056299,164.2325875,84.86215534,61.43716377
01-09-2025 22:53,29.12614904,184.7268812,38.21425057,45.10861058
01-09-2025 22:54,26.54746833,91.53813141,60.31279418,56.55502517
01-09-2025 22:55,26.52003034,62.55347833,62.85617949,24.5986182
01-09-2025 22:56,30.90865907,193.3838207,98.55744719,39.37429528
01-09-2025 22:57,32.02743668,117.3551197,52.13857586,31.16646649
01-09-2025 22:58,29.01618636,145.3118768,84.98788175,64.02119359
01-09-2025 22:59,25.83237874,112.1055758,72.97195392,35.55673196
01-09-2025 23:00,27.49585336,55.71631758,99.31380361,35.68334645
01-09-2025 23:01,19.92629751,105.8913773,24.69018749,37.81297286
01-09-2025 23:02,26.71263398,133.5048298,82.34905715,31.40303047
01-09-2025 23:03,20.68101457,63.90034927,37.928878,68.02999495
01-09-2025 23:04,26.63416705,178.759529,98.7073557,50.23297687
01-09-2025 23:05,23.3442146,129.6142457,11.95862938,66.57441176
01-09-2025 23:06,39.52337122,168.9476427,90.37488253,23.82124159
01-09-2025 23:07,26.21527731,132.9498206,39.52355737,70.26057072
01-09-2025 23:08,28.68700017,94.15361969,35.11176329,37.34267419
01-09-2025 23:09,19.75810336,112.0807813,67.71103529,36.93943957
01-09-2025 23:10,24.92633322,191.5757554,46.339403,71.53283423
01-09-2025 23:11,32.43174684,110.1408652,15.0576615,42.09239908
01-09-2025 23:12,15.0703983,127.7451931,10.64668979,64.17158869
01-09-2025 23:13,25.0052528,86.78634113,47.14228829,47.72604501
01-09-2025 23:14,26.53325077,67.0404449,58.77195668,75.33255384
01-09-2025 23:15,25.1800994,103.0977536,80.17105226,51.38166608
01-09-2025 23:16,28.38658292,91.11053135,71.09583593,70.37616786
01-09-2025 23:17,23.56381761,100.2271338,11.80828846,45.84879469
01-09-2025 23:18,23.27578414,140.1452141,70.24710036,21.7098881
01-09-2025 23:19,23.0674649,152.4963911,30.12606476,61.50571371
01-09-2025 23:20,26.75448726,99.60654582,37.05516257,44.74224204
01-09-2025 23:21,21.87205618,61.91311703,94.18000423,59.06278956
01-09-2025 23:22,23.16417714,119.1020214,55.96697085,48.1218282
01-09-2025 23:23,26.56763012,99.56847937,89.18140489,79.3352889
01-09-2025 23:24,22.81843837,171.6922568,17.95415459,58.94587852
01-09-2025 23:25,20.19915032,112.9833472,94.52071324,76.27561128
01-09-2025 23:26,36.6967584,173.0363683,25.04920851,27.10961871
01-09-2025 23:27,21.89813993,63.55871653,40.71213688,26.10606417
01-09-2025 23:28,24.56252175,163.1420528,31.33081348,66.8196287
01-09-2025 23:29,27.01297029,66.07815292,23.31684484,33.51605517
01-09-2025 23:30,20.74362811,99.8288361,98.97206034,58.8717858
01-09-2025 23:31,25.3427784,194.0477137,14.63447349,25.77999628
01-09-2025 23:32,31.03370735,76.61214864,15.58513389,31.32029158
01-09-2025 23:33,22.11520785,189.5561061,86.79258431,63.52935374
01-09-2025 23:34,29.19069758,157.8587304,66.4021914,65.54484405
01-09-2025 23:35,19.58312001,162.6155983,66.254823,63.63985881
01-09-2025 23:36,23.5672961,74.72720334,51.53888411,63.15686913
01-09-2025 23:37,14.64258745,184.3249911,91.75376718,58.52366396
01-09-2025 23:38,32.41323082,52.88524349,14.6895725,68.13481156
01-09-2025 23:39,27.10253011,192.6521525,37.30909479,77.67772157
01-09-2025 23:40,32.01514961,69.31814683,12.14012586,62.30286804
01-09-2025 23:41,22.75972139,175.1395967,20.38338964,41.80539294
01-09-2025 23:42,23.07805076,154.9859547,53.03732511,28.72724017
01-09-2025 23:43,26.87208744,190.7199197,12.9617463,54.27545856
01-09-2025 23:44,29.20418742,192.5666599,67.66677477,58.37084357
01-09-2025 23:45,30.17146305,93.22118502,37.43089054,28.86083607
01-09-2025 23:46,24.02370076,138.345267,50.08294628,45.1641068
01-09-2025 23:47,31.39260047,162.3595354,32.50353386,45.24948051
01-09-2025 23:48,20.0589262,110.056002,10.9394656,43.85587226
01-09-2025 23:49,26.3098403,198.9840935,34.45995395,25.95872895
01-09-2025 23:50,27.54639878,100.075713,46.65587365,39.0575466
01-09-2025 23:51,29.58989977,164.7648015,66.38099249,27.53664147
01-09-2025 23:52,39.86536388,111.9499593,12.69255366,54.65112144
01-09-2025 23:53,31.2275908,164.1882807,70.62308469,65.95680423
01-09-2025 23:54,35.02223933,161.7622842,46.87913431,56.87107708
01-09-2025 23:55,28.5942017,52.46216487,63.02772439,32.96929693
01-09-2025 23:56,21.46222904,117.7086543,29.20973135,22.18958059
01-09-2025 23:57,24.97804467,168.1798719,71.78736045,78.03879454
01-09-2025 23:58,31.11885666,194.3128097,93.11303579,41.69700157
01-09-2025 23:59,26.82371394,98.36565638,28.67677856,28.57263865
02-09-2025 00:00,31.11195537,92.29802011,33.27541162,60.2495083
02-09-2025 00:01,25.17705731,119.0638098,18.11131107,52.64485403
02-09-2025 00:02,25.87313261,145.5009914,32.40086341,34.0011495
02-09-2025 00:03,27.31178424,106.6512319,62.96393331,26.48187271
02-09-2025 00:04,20.85244133,114.8391275,65.41843896,40.696722
02-09-2025 00:05,28.78772827,176.6870403,25.26434099,39.78727062
02-09-2025 00:06,25.93080048,82.46888307,19.29771045,63.79364151
02-09-2025 00:07,25.91499414,109.3734908,36.86699396,69.76520258
02-09-2025 00:08,24.36202123,80.17399963,68.79073081,35.74034847
02-09-2025 00:09,21.46646839,94.9959296,22.29841067,57.09228275
02-09-2025 00:10,25.89403379,104.2614443,50.43367504,24.044977
02-09-2025 00:11,18.9202325,154.2333006,93.99164559,54.58492487
02-09-2025 00:12,19.6548475,82.5716722,25.44610014,68.93543464
02-09-2025 00:13,22.94380255,166.0062385,25.69686206,63.3351024
02-09-2025 00:14,24.5655915,148.8634091,12.34622442,74.57156755
02-09-2025 00:15,16.60404715,124.4417668,83.24658634,47.32179491
02-09-2025 00:16,28.2209794,119.2987804,84.65706769,60.53364781
02-09-2025 00:17,20.30267303,163.8400477,11.14335536,26.71752762
02-09-2025 00:18,24.63781685,122.8790646,49.77154868,44.4058759
02-09-2025 00:19,20.99127592,90.53941052,31.54989317,26.30453719
02-09-2025 00:20,28.26400008,174.2976743,88.30089024,48.17559329
02-09-2025 00:21,20.91597672,59.22649284,66.95349262,67.86934861
02-09-2025 00:22,27.44853465,66.47442272,85.81450113,60.52345007
02-09-2025 00:23,29.69879799,60.75144006,51.35723249,67.66893357
02-09-2025 00:24,14.10298392,82.74366652,90.45024517,27.71389838
02-09-2025 00:25,26.47674589,87.51670975,51.40967091,27.36468763
02-09-2025 00:26,22.0402602,177.6560922,87.72410431,39.87917993
02-09-2025 00:27,20.25791436,105.6642923,67.3069937,36.08987271
02-09-2025 00:28,21.85958068,133.9048091,81.00759706,31.27960982
02-09-2025 00:29,19.77074295,54.58833489,44.14104869,68.85896234
02-09-2025 00:30,28.00881197,152.5442423,70.53393738,71.61433674
02-09-2025 00:31,27.65578117,166.5693192,59.30031511,48.40744931
02-09-2025 00:32,23.023051,110.3992766,67.11118389,49.47381833
02-09-2025 00:33,25.22571562,77.17692805,60.7931808,55.24427398
02-09-2025 00:34,19.60060072,119.2098969,16.04545845,74.24572671
02-09-2025 00:35,26.66447773,96.21638849,47.22336144,52.34734657
02-09-2025 00:36,23.86756165,163.0389223,30.33455375,75.37315232
02-09-2025 00:37,21.98643866,116.4382094,92.3202611,29.67158057
02-09-2025 00:38,25.12049157,65.35308967,55.8808224,58.20707116
02-09-2025 00:39,15.32203156,110.2385085,31.31794431,26.3213527
02-09-2025 00:40,21.09883284,67.42605987,44.92662911,35.27757503
02-09-2025 00:41,18.06985836,166.2558043,18.70021747,58.59110852
02-09-2025 00:42,25.6743682,174.0548696,77.67133052,39.26275268
02-09-2025 00:43,23.2697723,175.0216186,45.81977137,36.19649346
02-09-2025 00:44,20.57471763,57.77557659,85.47389204,69.06810383
02-09-2025 00:45,16.70295796,178.0683597,10.08496181,67.34483818
02-09-2025 00:46,32.85644434,151.1139135,64.34108368,34.53451858
02-09-2025 00:47,26.72413839,190.8305934,81.80928195,52.36873095
02-09-2025 00:48,34.65614385,136.438809,55.68934144,27.3242971
02-09-2025 00:49,30.6311783,167.9200523,28.81151545,49.8570224
02-09-2025 00:50,26.21385992,175.2152542,72.32352144,59.40588212
02-09-2025 00:51,16.66555627,148.5581748,34.07002264,55.75077894
02-09-2025 00:52,31.26859329,90.31574353,62.94545041,29.1703746
02-09-2025 00:53,24.36322625,87.37864885,53.74349453,34.24931606
02-09-2025 00:54,29.97541515,86.16273388,17.25592905,35.79972481
02-09-2025 00:55,28.32068142,155.393082,85.11131682,23.94887996
02-09-2025 00:56,28.31447841,91.89509387,52.12350902,28.43305243
02-09-2025 00:57,22.75975143,94.79655213,16.13547069,34.08476975
02-09-2025 00:58,22.15916544,123.9190257,28.14396972,56.74743921
02-09-2025 00:59,26.43052025,141.0095295,55.32899541,57.82498537
02-09-2025 01:00,25.87670554,98.8670679,54.03545575,42.53271885
02-09-2025 01:01,22.67869235,94.6006599,65.70264861,46.97776939
02-09-2025 01:02,22.48077236,144.4966714,30.00203846,43.59720644
02-09-2025 01:03,14.91787482,171.4569722,31.47522306,57.56550276
02-09-2025 01:04,16.71050529,197.7639962,84.75125155,52.36245492
02-09-2025 01:05,19.25970619,78.00704743,61.28422473,33.77953724
02-09-2025 01:06,27.79026927,112.7387034,39.04597726,57.89467246
02-09-2025 01:07,20.60669557,170.4680918,91.03349301,49.49902949
02-09-2025 01:08,16.28650779,189.561107,51.80843156,45.42003583
02-09-2025 01:09,19.24488886,173.4019664,98.75339594,50.94015388
02-09-2025 01:10,29.54816216,137.0962528,64.27404079,42.39841261
02-09-2025 01:11,25.99310168,63.02382822,34.57819943,50.86712735
02-09-2025 01:12,25.88659962,71.823723,86.53425205,55.05211855
02-09-2025 01:13,18.90230575,123.6012258,39.60661795,24.65350399
02-09-2025 01:14,21.64737433,172.5004006,65.28300876,28.28754782
02-09-2025 01:15,25.79190404,136.4672531,50.81022268,64.56311676
02-09-2025 01:16,30.52644668,84.13927513,22.49118551,50.25791359
02-09-2025 01:17,28.67321648,101.6961495,96.02549774,24.58976654
02-09-2025 01:18,28.14765673,93.57618708,46.5841379,30.5484929
02-09-2025 01:19,27.06999843,190.5749078,60.33180408,60.22053553
02-09-2025 01:20,18.54339231,132.0467299,55.78177389,33.20599843
02-09-2025 01:21,27.55104124,63.53358352,22.8559485,35.57410821
02-09-2025 01:22,32.27128268,183.4193225,39.76249018,76.89026134
02-09-2025 01:23,22.45396538,190.9825108,46.99898296,62.8588208
02-09-2025 01:24,19.31410312,180.4720654,70.57075519,22.06206124
02-09-2025 01:25,21.16644637,52.93744408,65.05187273,22.32647765
02-09-2025 01:26,21.2015254,79.65685833,88.33588334,57.26865533
02-09-2025 01:27,19.74473057,67.92970672,62.48192742,40.31741901
02-09-2025 01:28,24.72519091,197.2572985,59.38035317,43.67605551
02-09-2025 01:29,26.09759863,167.8595462,79.73146202,29.57754404
02-09-2025 01:30,20.95329428,133.2586845,74.31641027,68.1505145
02-09-2025 01:31,20.89153886,135.735992,94.88560929,74.94210598
02-09-2025 01:32,24.04379345,98.13564957,61.46562421,61.02516787
02-09-2025 01:33,20.86186066,103.2046852,84.81266044,24.388674
02-09-2025 01:34,21.12500604,71.86777566,26.81585553,48.06608889
02-09-2025 01:35,29.12947782,75.08513417,92.13657254,24.85449467
02-09-2025 01:36,32.26524863,62.61456126,93.05902505,32.77202227
02-09-2025 01:37,30.56154394,87.10139836,28.09337117,58.12697447
02-09-2025 01:38,18.99771467,60.21769066,65.74615878,61.10037975
02-09-2025 01:39,15.04581805,66.89878363,75.33582163,57.50761646
02-09-2025 01:40,33.43613661,56.42457049,31.70272585,56.63976441
02-09-2025 01:41,20.41579962,108.6462,15.20808038,37.62224863
02-09-2025 01:42,24.24279796,80.10911091,66.43103164,54.46505641
02-09-2025 01:43,18.19954033,111.5484704,64.82884478,50.84674378
02-09-2025 01:44,29.53262786,82.16496154,65.14185521,28.28733963
02-09-2025 01:45,37.49996693,95.709087,66.8292941,61.02218975
02-09-2025 01:46,34.16042811,193.2812818,68.65316431,63.01368069
02-09-2025 01:47,18.38511053,141.8308858,97.76177473,75.70722807
02-09-2025 01:48,14.94732717,197.3897837,63.25692813,54.30049949
02-09-2025 01:49,26.80200512,150.716965,75.04022152,26.15538006
02-09-2025 01:50,31.25272616,148.6967736,76.60711726,45.04005374
02-09-2025 01:51,29.02178401,140.9570096,62.47488738,34.26726851
02-09-2025 01:52,32.25503834,199.0449479,33.18973435,55.80735202
02-09-2025 01:53,31.07801771,145.7594953,31.17480148,51.74293363
02-09-2025 01:54,28.68791488,193.8509734,87.43798546,32.58572406
02-09-2025 01:55,23.71452929,94.99412398,23.17844784,26.8872015
02-09-2025 01:56,23.87528606,102.1824406,42.79715641,66.26679875
02-09-2025 01:57,28.79186803,188.1736074,63.8411861,57.19526719
02-09-2025 01:58,27.22948041,93.13743132,38.76845031,42.69636525
02-09-2025 01:59,29.35219227,114.9951819,22.77693045,57.05820168
02-09-2025 02:00,26.65447074,182.0852392,79.14043483,29.155369
02-09-2025 02:01,28.8797437,62.47080485,42.97481791,62.88334595
02-09-2025 02:02,30.72019618,142.9080916,71.25210911,22.84848392
02-09-2025 02:03,15.5290017,82.54766868,33.13679192,47.59419384
02-09-2025 02:04,29.39356773,64.14646862,51.00188445,50.59025452
02-09-2025 02:05,21.24804786,186.9659619,47.29709284,56.8007525
02-09-2025 02:06,29.31430224,146.9910578,53.60300867,69.98080985
02-09-2025 02:07,13.90499152,158.8182335,35.10691763,22.96588122
02-09-2025 02:08,17.83796092,87.89761103,58.99279578,64.1339289
02-09-2025 02:09,31.44139138,187.9630677,32.44535421,52.51467566
02-09-2025 02:10,30.94928772,198.2150426,17.12828073,78.95058683
02-09-2025 02:11,30.35182117,63.98409633,73.6632925,25.18761956
02-09-2025 02:12,14.86903134,61.47662099,58.16304463,61.28890703
02-09-2025 02:13,23.70860218,132.2075549,65.14029756,77.07886582
02-09-2025 02:14,28.33949793,97.34057145,84.61954464,49.22764828
02-09-2025 02:15,31.66041715,192.6911759,66.68037385,58.05045738
02-09-2025 02:16,24.16841511,99.34645488,70.9144054,40.14178617
02-09-2025 02:17,18.03685705,82.98932698,47.94957068,45.0261246
02-09-2025 02:18,25.11254817,81.9024109,83.92856855,68.67260963
02-09-2025 02:19,22.19121947,150.2586222,66.58789045,36.95157262
02-09-2025 02:20,18.51069384,52.58189176,36.67746714,40.43093283
02-09-2025 02:21,28.80490305,157.9788862,56.6409886,20.02523943
02-09-2025 02:22,26.5435935,83.61259924,72.97250149,64.20678458
02-09-2025 02:23,20.99255862,76.71022566,80.24582773,36.3988211
02-09-2025 02:24,30.0911013,185.2427017,73.29645844,74.73502284
02-09-2025 02:25,20.39511362,111.5248379,41.52065896,43.0187611
02-09-2025 02:26,25.0610569,138.501647,63.18610073,45.32320284
02-09-2025 02:27,32.98748407,71.21408044,12.75014074,52.5412115
02-09-2025 02:28,21.55821189,82.55820593,50.72740841,53.38389836
02-09-2025 02:29,21.90165839,122.1707735,38.43652229,65.14523423
02-09-2025 02:30,32.113085,146.6893746,50.97942371,69.59345201
02-09-2025 02:31,26.21319355,195.5770224,55.62876084,49.8897451
02-09-2025 02:32,17.95172412,57.76092549,22.94883309,22.27142383
02-09-2025 02:33,26.98944865,168.5184074,75.13648292,29.69825252
02-09-2025 02:34,28.12091927,166.8978488,18.74843691,41.88827539
02-09-2025 02:35,29.41113202,62.96756612,90.56213304,55.21359412
02-09-2025 02:36,23.97427581,53.77027227,23.95167058,31.32339487
02-09-2025 02:37,19.69007003,71.7117768,15.21830241,76.9643503
02-09-2025 02:38,34.86764673,51.80520813,11.49621067,42.31034012
02-09-2025 02:39,18.48934745,67.27568769,14.63485956,43.42930976
02-09-2025 02:40,22.52778115,172.340415,15.66954203,44.68103201
02-09-2025 02:41,29.49601292,94.35149854,18.05075044,70.45488884
02-09-2025 02:42,27.15577819,197.1727693,48.79563745,24.91351668
02-09-2025 02:43,30.90371814,177.2524308,13.62414796,55.27134931
02-09-2025 02:44,35.03083082,100.7181971,61.59705769,53.5359658
02-09-2025 02:45,14.708132,70.63234779,53.50819226,22.78311178
02-09-2025 02:46,27.95521104,104.4351932,71.81152188,34.196747
02-09-2025 02:47,27.0420247,105.5297632,24.54719355,65.157006
02-09-2025 02:48,20.53946316,106.4206892,70.56282884,39.14846861
02-09-2025 02:49,33.61551568,116.9531631,19.45147204,46.23001759
02-09-2025 02:50,29.94587369,181.6414669,90.98999491,33.97530028
02-09-2025 02:51,28.37507057,128.9454624,14.72055533,40.28930283
02-09-2025 02:52,27.98904352,69.78318396,88.02472726,64.21349801
02-09-2025 02:53,28.43915597,152.2656538,52.61495652,53.66067728
02-09-2025 02:54,34.69419622,189.6436884,63.04894062,23.74508791
02-09-2025 02:55,27.52679874,76.92969998,10.20168525,68.07441548
02-09-2025 02:56,28.36015449,61.13575198,79.76532036,72.87364396
02-09-2025 02:57,19.02177923,64.97402844,69.89400229,39.05944126
02-09-2025 02:58,30.31073825,190.4890305,39.19163167,77.99353043
02-09-2025 02:59,23.0644483,134.7798768,64.60610636,43.90013001
02-09-2025 03:00,18.53453998,188.7140295,84.5296471,49.42413991
02-09-2025 03:01,34.04032779,195.845805,38.3429784,42.89586753
02-09-2025 03:02,31.19137493,111.0255882,85.80023614,24.73997454
02-09-2025 03:03,29.07829468,143.4586634,42.3030083,60.41750381
02-09-2025 03:04,22.02667306,104.4468661,69.05098904,37.04217064
02-09-2025 03:05,19.41754341,94.76265127,26.01032646,48.36948898
02-09-2025 03:06,33.00579915,170.4659004,50.12308699,30.57039495
02-09-2025 03:07,23.98962669,54.82098334,39.43479177,68.5520557
02-09-2025 03:08,25.28460906,61.68515906,78.72521508,53.64385521
02-09-2025 03:09,27.9161464,74.47046102,62.19302757,47.37934756
02-09-2025 03:10,26.44255054,120.9928447,28.98942101,49.19938238
02-09-2025 03:11,23.96444721,108.9127602,61.5491427,51.32398987
02-09-2025 03:12,23.40020042,123.1253077,99.4892959,41.13776071
02-09-2025 03:13,17.49954128,91.39732323,39.22983844,41.39322549
02-09-2025 03:14,20.09744086,107.376087,67.53388606,26.64562996
02-09-2025 03:15,28.31468041,139.5537426,30.37451903,38.38265449
02-09-2025 03:16,17.47840634,55.77057573,70.82051655,46.17488508
02-09-2025 03:17,20.40697637,51.30318902,20.77278957,75.65281491
02-09-2025 03:18,22.85786301,191.1658139,68.23547048,31.19912713
02-09-2025 03:19,32.438193,170.7550119,25.30848577,42.0767948
02-09-2025 03:20,22.56968082,69.1832221,63.40253765,43.16903138
02-09-2025 03:21,36.16314826,94.40556232,21.80314112,35.4633611
02-09-2025 03:22,33.46266806,133.3548873,64.21898538,45.5405724
02-09-2025 03:23,26.86632352,151.3156744,20.74450465,50.44018457
02-09-2025 03:24,20.49670709,120.3234116,41.67045163,28.59973184
02-09-2025 03:25,26.12789057,81.99986836,35.63549182,48.32845433
02-09-2025 03:26,22.20565449,148.3709454,72.17558473,77.07924021
02-09-2025 03:27,22.57956827,90.17034336,45.95806982,33.4326171
02-09-2025 03:28,32.38259973,59.3142881,21.7327337,24.45412994
02-09-2025 03:29,25.02924459,180.3958669,88.32411597,27.60628486
02-09-2025 03:30,32.72209143,193.0076288,40.42071637,34.50698269
02-09-2025 03:31,25.8163104,62.86547874,63.4104934,37.62323131
02-09-2025 03:32,28.59978045,197.1819664,59.01633126,61.52643381
02-09-2025 03:33,18.91071657,88.93807202,33.37354301,57.66093311
02-09-2025 03:34,17.24963805,159.2505656,46.23391281,26.56281781
02-09-2025 03:35,18.98336181,56.35704097,84.41204975,37.08084558
02-09-2025 03:36,24.48051635,188.2740638,49.37716665,75.56914182
02-09-2025 03:37,20.90664706,94.99444205,71.46776774,66.32814564
02-09-2025 03:38,28.05326827,132.0650153,34.08908983,47.82769076
02-09-2025 03:39,28.41430802,169.3632923,46.00092606,63.95556839
02-09-2025 03:40,22.35011126,99.66744021,74.75743791,20.90741167
02-09-2025 03:41,37.83228161,89.21554371,84.48882403,27.02846262
02-09-2025 03:42,29.72145662,152.8433228,75.08058224,45.31348754
02-09-2025 03:43,33.54174452,172.945458,98.97480967,24.58083956
02-09-2025 03:44,25.08850547,120.1165506,97.82629126,72.92489667
02-09-2025 03:45,23.49294124,94.83933916,19.72835617,45.08592864
02-09-2025 03:46,32.42232813,143.7560416,59.27899239,29.75930786
02-09-2025 03:47,26.750299,147.0781903,99.74996821,50.28793877
02-09-2025 03:48,15.80932628,137.1330262,34.05811581,61.21330962
02-09-2025 03:49,23.49132109,140.8320849,27.42776245,53.50859238
02-09-2025 03:50,16.6517789,155.0559305,23.56560036,47.63011391
02-09-2025 03:51,38.7494469,76.28515,57.54706344,56.13729074
02-09-2025 03:52,27.26217109,72.75552173,95.46931754,52.67111197
02-09-2025 03:53,27.15195268,89.99532897,33.19799185,78.54275893
02-09-2025 03:54,17.99908677,126.2049739,74.00005814,66.03308167
02-09-2025 03:55,27.6287281,178.9201112,45.75684958,37.59241312
02-09-2025 03:56,32.47921877,169.6825159,94.31114762,48.92086203
02-09-2025 03:57,21.30880831,175.6755991,88.17592988,48.34281266
02-09-2025 03:58,34.02878972,192.2952488,40.64597389,34.12241946
02-09-2025 03:59,24.66414291,108.3519654,90.48363591,32.5708494
02-09-2025 04:00,23.60445584,148.8893713,39.07257616,38.37676926
02-09-2025 04:01,34.15627104,172.6125069,82.98724069,54.74670047
02-09-2025 04:02,29.7048448,106.0614478,65.38540846,58.23687488
02-09-2025 04:03,23.32304092,177.4897574,75.94298824,46.92527595
02-09-2025 04:04,20.69177398,84.59138597,38.57755327,22.77769481
02-09-2025 04:05,33.34442027,145.6792862,87.0226134,37.39728495
02-09-2025 04:06,17.89313825,98.93729024,98.98992197,29.92362659
02-09-2025 04:07,22.79115306,153.0049096,31.83257502,74.41384434
02-09-2025 04:08,27.0291029,80.2456503,52.27680993,79.62511148
02-09-2025 04:09,30.62636082,142.4398036,48.83283756,53.1452594
02-09-2025 04:10,27.69626634,56.44261951,31.28229398,28.76907925
02-09-2025 04:11,19.01448508,176.7724648,73.70280662,54.96916267
02-09-2025 04:12,36.32279021,174.3746413,23.04010997,57.59912106
02-09-2025 04:13,24.72674824,189.1865056,61.80213689,55.33594383
02-09-2025 04:14,28.60399654,57.55226692,95.61414236,59.9175146
02-09-2025 04:15,19.12581521,164.2536522,24.83994362,47.03232242
02-09-2025 04:16,22.75121226,151.798197,25.14706229,75.03183934
02-09-2025 04:17,24.18063258,58.31049218,88.9474209,37.36657033
02-09-2025 04:18,28.36779099,168.5215575,66.0894516,55.78049804
02-09-2025 04:19,28.90807798,108.6237979,69.16615282,25.88132525
02-09-2025 04:20,29.98116139,113.6382392,97.43143984,20.43627283
02-09-2025 04:21,21.25481936,135.750998,75.56331105,29.2167708
02-09-2025 04:22,30.92744895,178.9327428,46.42436346,37.7114691
02-09-2025 04:23,24.58465614,62.69004074,37.94432673,65.65916569
02-09-2025 04:24,21.07989945,85.55705595,47.4309178,63.38304725
02-09-2025 04:25,26.32783172,145.1145987,93.84967007,52.04228754
02-09-2025 04:26,25.04382055,156.3733739,70.32382762,46.44770487
02-09-2025 04:27,25.5780869,180.0412578,45.80297459,37.63722502
02-09-2025 04:28,29.71798848,148.5774005,11.35375853,77.71966612
02-09-2025 04:29,28.21438685,108.0888104,53.81449462,71.94417835
02-09-2025 04:30,22.68961162,129.3958105,54.44851051,75.50753363
02-09-2025 04:31,24.00445707,178.3888943,43.12861697,69.86005348
02-09-2025 04:32,28.3300669,91.49595998,12.50062791,39.26799039
02-09-2025 04:33,32.28392348,99.55460439,72.47854135,77.55909273
02-09-2025 04:34,21.26117899,177.4007875,39.60069449,28.61025527
02-09-2025 04:35,24.20951915,91.8402296,56.29196113,69.71673605
02-09-2025 04:36,27.0526986,147.185838,30.04747579,68.28690998
02-09-2025 04:37,27.57142825,75.83457921,27.6225512,78.51665435
02-09-2025 04:38,18.3015334,196.8214757,87.94424367,41.47611874
02-09-2025 04:39,32.79889643,130.7751685,28.87942693,27.30280449
02-09-2025 04:40,35.52871339,147.8760201,67.06259216,24.04346663
02-09-2025 04:41,25.02350635,103.7186568,33.93969777,28.41133438
02-09-2025 04:42,25.63206342,53.5158822,41.90951038,44.11014782
02-09-2025 04:43,24.37684102,109.5436895,65.82212506,35.12182447
02-09-2025 04:44,26.36320237,142.7390568,88.25776035,66.51119609
02-09-2025 04:45,35.31136268,193.4668501,45.60519603,36.33399408
02-09-2025 04:46,27.12888735,190.6068559,90.72611716,69.43217583
02-09-2025 04:47,21.65066822,68.16314814,83.66604611,30.5009962
02-09-2025 04:48,25.1690875,122.3880275,20.64778319,74.48477275
02-09-2025 04:49,24.2903159,188.5632793,65.4043725,62.22978059
02-09-2025 04:50,17.89035949,117.7344094,44.25921187,71.62373474
02-09-2025 04:51,19.61047999,147.0839533,39.37905562,25.17654648
02-09-2025 04:52,26.91631581,194.4782125,82.96496593,76.1109479
02-09-2025 04:53,30.04644406,58.75989787,42.16240695,71.46036104
02-09-2025 04:54,27.19686546,195.849633,60.84297876,44.04402243
02-09-2025 04:55,19.96181956,81.20091805,31.36121425,24.77664459
02-09-2025 04:56,24.95895754,199.2875644,28.53098569,35.75581958
02-09-2025 04:57,26.0800669,179.0108501,53.89043053,39.11989555
02-09-2025 04:58,28.77267263,103.300336,84.52492279,20.42110753
02-09-2025 04:59,28.35115245,142.9287115,96.13378664,39.58183028
02-09-2025 05:00,16.66802152,176.5526596,43.12344207,24.09303243
02-09-2025 05:01,23.78105914,168.4650157,21.87308772,35.33747662
02-09-2025 05:02,30.30652403,96.20165549,79.55854188,76.47078924
02-09-2025 05:03,30.56008282,198.4613629,41.27327924,41.50693955
02-09-2025 05:04,13.58675677,116.7712019,29.15579742,53.40876409
02-09-2025 05:05,27.51866186,183.0863792,35.01368599,63.48426767
02-09-2025 05:06,23.71746616,103.0158548,76.3978156,25.33616308
02-09-2025 05:07,29.65669239,192.8905924,98.92377041,33.75035529
02-09-2025 05:08,22.90293814,179.2990758,98.75862013,31.53370509
02-09-2025 05:09,22.52957954,188.8960475,78.40590116,69.2401626
02-09-2025 05:10,22.89263539,156.2332508,87.30063696,23.30999934
02-09-2025 05:11,24.77892893,141.3595088,26.180673,65.79212544
02-09-2025 05:12,26.91146885,155.697537,92.18636387,67.74807329
02-09-2025 05:13,34.54084463,122.3906134,61.28741774,36.47077774
02-09-2025 05:14,29.50401312,155.1378791,44.83364195,55.29691786
02-09-2025 05:15,23.30539069,73.51389915,33.86057311,72.316216
02-09-2025 05:16,22.2092286,130.8459996,63.76448719,70.52454903
02-09-2025 05:17,34.50310068,170.1968005,86.05755378,30.43353359
02-09-2025 05:18,21.77587029,186.0791395,49.84604373,60.13768754
02-09-2025 05:19,21.39602488,50.50501338,84.41380461,57.19982626
02-09-2025 05:20,13.66246021,94.66318213,12.87246677,49.27729089
02-09-2025 05:21,23.74894225,102.8774278,79.03667094,57.27335657
02-09-2025 05:22,17.51920806,89.24965907,90.42112829,40.87062457
02-09-2025 05:23,14.1713344,122.7624733,31.46038689,38.81116134
02-09-2025 05:24,23.26064243,118.355224,26.73714852,57.01541012
02-09-2025 05:25,26.28726334,75.86477287,95.58404083,37.33667361
02-09-2025 05:26,27.91437479,104.7245929,93.41859223,74.71477543
02-09-2025 05:27,19.42460475,96.94594616,10.61137381,48.21132406
02-09-2025 05:28,20.87620474,118.133115,80.04314016,23.17485194
02-09-2025 05:29,27.81058777,152.8735143,75.27056928,61.33090453
02-09-2025 05:30,31.06199869,141.1660167,70.538166,49.77330363
02-09-2025 05:31,26.4448218,93.67103864,18.92919767,20.36655202
02-09-2025 05:32,19.22372394,64.44987109,93.38953349,59.05258896
02-09-2025 05:33,28.93950608,81.95515168,59.22753451,78.95323562
02-09-2025 05:34,21.12960669,103.6424202,23.52528271,37.38679105
02-09-2025 05:35,22.22409908,196.7086453,19.55812012,45.74337143
02-09-2025 05:36,25.88473912,117.3436682,86.00638263,35.89265122
02-09-2025 05:37,24.71935462,122.9105973,49.61190648,73.58199456
02-09-2025 05:38,23.09263167,160.5043374,95.74854074,68.62416663
02-09-2025 05:39,17.1603034,93.83439134,62.16508375,46.28725003
02-09-2025 05:40,23.05888177,64.5924054,70.8737067,39.82154107
02-09-2025 05:41,22.32690955,191.8073314,72.21776074,58.90052448
02-09-2025 05:42,31.18024837,125.299722,40.08905401,37.32547619
02-09-2025 05:43,25.67869264,121.7683972,39.69851068,23.03384906
02-09-2025 05:44,30.8453662,102.1370934,78.99430463,75.04372393
02-09-2025 05:45,24.82939866,169.5131032,13.54392978,63.8474743
02-09-2025 05:46,20.15941048,108.1331407,56.5924386,70.57652889
02-09-2025 05:47,26.75597163,89.47434244,40.98377326,43.26017046
02-09-2025 05:48,23.43374889,162.9257689,75.17175239,33.0681694
02-09-2025 05:49,20.8537649,63.76489658,58.76530483,79.83046237
02-09-2025 05:50,27.43993447,56.82657439,47.19339541,39.45024676
02-09-2025 05:51,25.34407992,105.6003121,90.41635382,64.49325945
02-09-2025 05:52,24.64410597,93.13217064,57.54342513,39.41928574
02-09-2025 05:53,27.47906128,168.0844531,73.06020516,32.41491788
02-09-2025 05:54,21.69321792,138.134367,13.35972537,26.75467435
02-09-2025 05:55,26.9143297,166.086429,42.83121379,50.68867204
02-09-2025 05:56,25.69699001,93.57686471,41.23062576,52.87637817
02-09-2025 05:57,22.71097822,96.4032923,40.95020453,53.74869785
02-09-2025 05:58,29.26580603,114.6211557,77.30995371,53.65101994
02-09-2025 05:59,30.23976334,89.02745476,20.41711751,75.42340966
02-09-2025 06:00,20.96853541,136.0534049,52.96584181,64.67214207
02-09-2025 06:01,27.29991391,159.7684872,85.65834174,62.29218001
02-09-2025 06:02,14.48881175,129.9097873,27.11353841,52.38498756
02-09-2025 06:03,30.60637122,198.6287587,61.17326023,72.7438452
02-09-2025 06:04,24.07228312,184.2790542,13.64969223,47.79375376
02-09-2025 06:05,26.53856423,119.3011332,38.86657929,71.4960261
02-09-2025 06:06,28.41964139,117.6634783,21.2010006,38.4328485
02-09-2025 06:07,18.70724933,190.0680385,35.36881341,65.63807414
02-09-2025 06:08,34.26205923,102.4003648,40.12334167,38.41413199
02-09-2025 06:09,27.14962386,159.2697807,33.39933157,30.96813974
02-09-2025 06:10,17.76911263,159.8413352,69.66237546,60.49108063
02-09-2025 06:11,15.0493571,130.3111358,11.95602126,46.04228796
02-09-2025 06:12,23.90178967,141.9450484,54.64039196,26.75751694
02-09-2025 06:13,24.74517677,130.6769103,65.7287279,27.35517304
02-09-2025 06:14,24.30682122,56.70587239,17.59963461,43.16231556
02-09-2025 06:15,20.93844662,142.9906249,95.25967533,36.31933614
02-09-2025 06:16,26.08911966,178.6771043,60.98884323,23.86898178
02-09-2025 06:17,21.17646934,66.28713374,15.13309189,56.17087562
02-09-2025 06:18,20.11041181,64.56361173,56.50279988,78.24901839
02-09-2025 06:19,23.50865886,177.3415557,91.73707376,75.60114445
02-09-2025 06:20,22.02999425,77.67072955,87.53952893,29.50537112
02-09-2025 06:21,26.78344969,186.7360208,15.70752227,75.58803289
02-09-2025 06:22,21.90113851,197.5248668,24.85661994,38.57868152
02-09-2025 06:23,22.65634461,191.0434415,96.95370141,39.169049
02-09-2025 06:24,22.73960946,119.8431901,24.19590052,75.45945846
02-09-2025 06:25,23.59875795,186.1061449,40.85173635,49.5064382
02-09-2025 06:26,26.6567448,130.5697714,96.00784902,60.31778008
02-09-2025 06:27,24.36866624,175.0801382,81.44487317,27.5251073
02-09-2025 06:28,31.15933526,81.73307095,67.81312729,28.69035451
02-09-2025 06:29,24.8732908,64.04510723,13.71157573,59.47569574
02-09-2025 06:30,21.05419544,60.8124336,44.90914869,61.21524445
02-09-2025 06:31,31.44291919,90.81741908,31.17632781,41.93856188
02-09-2025 06:32,17.15364809,180.2265665,93.45344283,28.76449539
02-09-2025 06:33,24.44120992,105.3601839,15.33153886,77.20827568
02-09-2025 06:34,26.00327873,96.5248728,35.5457401,60.41615536
02-09-2025 06:35,18.99427677,134.5693889,77.4855392,23.80547105
02-09-2025 06:36,19.97045853,88.38999568,50.09592976,26.32666661
02-09-2025 06:37,19.04934594,171.7843228,14.54631486,26.70046971
02-09-2025 06:38,16.32885488,128.8819038,93.75047187,49.90517346
02-09-2025 06:39,24.82592256,154.4273593,47.75911863,30.23212239
02-09-2025 06:40,32.54266957,132.8889792,78.92411546,57.76012451
02-09-2025 06:41,15.48542104,137.5185063,99.41831318,26.00712638
02-09-2025 06:42,20.27723675,103.4337333,60.71457164,23.34798153
02-09-2025 06:43,30.33954739,97.68198986,64.49905635,58.05250798
02-09-2025 06:44,20.46599966,59.90179731,90.0399367,45.02006705
02-09-2025 06:45,26.766359,96.28705027,63.1972356,71.13566524
02-09-2025 06:46,27.58408283,67.58221127,90.43168132,76.28439577
02-09-2025 06:47,31.00186727,96.6725962,88.08718684,59.60109202
02-09-2025 06:48,17.68750131,127.286068,54.72470661,28.25749262
02-09-2025 06:49,25.85522113,174.1635305,53.9215955,31.67478494
02-09-2025 06:50,31.3244407,137.2330466,93.84174703,48.47419206
02-09-2025 06:51,26.98973454,98.60836893,51.48361538,24.39778288
02-09-2025 06:52,29.12808689,83.18481924,44.42985089,30.66200048
02-09-2025 06:53,24.74972537,98.75283599,30.0517284,72.73294683
02-09-2025 06:54,24.96870122,60.19981747,37.86857559,53.79342705
02-09-2025 06:55,18.3533762,126.0123347,20.76929328,34.17930184
02-09-2025 06:56,20.25789067,136.8419321,14.18839353,24.4223301
02-09-2025 06:57,28.97197474,115.1092038,77.6075295,25.43241956
02-09-2025 06:58,16.48700947,125.6703287,14.8404615,25.24062384
02-09-2025 06:59,24.93429249,50.8785466,43.96082343,65.48455364
02-09-2025 07:00,27.75492705,132.9134881,54.98088018,73.60876375
02-09-2025 07:01,29.95339754,86.25397514,88.71624066,48.45882619
02-09-2025 07:02,16.77857952,158.5767169,66.56985461,59.69429222
02-09-2025 07:03,22.50756314,115.2968335,63.27373316,42.46646994
02-09-2025 07:04,22.72356066,162.5991021,57.033218,74.60304383
02-09-2025 07:05,25.82329211,64.28205651,27.4769582,42.52792657
02-09-2025 07:06,24.18602287,82.20620712,65.21729674,57.20250474
02-09-2025 07:07,14.60835865,79.41163289,88.17066623,24.99359452
02-09-2025 07:08,23.16768089,53.0416518,37.69356769,40.57849644
02-09-2025 07:09,27.62689709,77.42996717,67.48916587,47.32105441
02-09-2025 07:10,18.5765321,126.972339,13.4593413,64.2592132
02-09-2025 07:11,25.33667867,142.3622786,23.34804477,44.17117856
02-09-2025 07:12,21.69653751,114.4345385,64.42929437,79.94303323
02-09-2025 07:13,28.57356505,191.8550709,90.32050591,79.71285625
02-09-2025 07:14,21.04013926,122.5060152,75.30974643,73.20015467
02-09-2025 07:15,29.45676196,93.71485044,64.41734326,31.20755878
02-09-2025 07:16,15.82588087,91.53761668,69.52018594,45.23072469
02-09-2025 07:17,24.79792335,196.5796409,54.32433631,33.15505828
02-09-2025 07:18,25.59185013,76.77669126,74.65397473,55.05013035
02-09-2025 07:19,20.27721364,97.61034038,89.80986109,21.36874911
02-09-2025 07:20,23.75382238,92.45746017,56.72238627,74.81999754
02-09-2025 07:21,17.80926111,132.0757568,97.71205338,69.78732672
02-09-2025 07:22,24.30464232,89.01438872,54.59194333,24.47607089
02-09-2025 07:23,23.61581945,195.9695862,18.64153318,73.44438348
02-09-2025 07:24,27.77426615,100.4093101,84.51701199,60.48122828
02-09-2025 07:25,22.81975684,119.4216077,40.76198848,65.9852317
02-09-2025 07:26,13.41126556,132.6186554,62.91379939,21.18834993
02-09-2025 07:27,28.54581468,50.18276354,65.18289906,75.73174308
02-09-2025 07:28,20.16140888,107.7390726,58.32136807,47.2269842
02-09-2025 07:29,28.80236221,121.785017,64.03924121,47.49362128
02-09-2025 07:30,25.7752083,64.01302701,15.93228984,37.72741282
02-09-2025 07:31,20.14899421,171.8845294,75.53743149,45.8022889
02-09-2025 07:32,27.01385334,183.3510975,55.52742533,44.9849411
02-09-2025 07:33,23.40819938,172.0632865,84.14020995,50.29735907
02-09-2025 07:34,22.68604974,185.3943269,23.24823313,45.28535
02-09-2025 07:35,24.87293593,111.1299457,96.52238175,40.98340202
02-09-2025 07:36,24.3884356,163.7249289,56.24052675,36.36500695
02-09-2025 07:37,21.01001747,89.13455461,69.65283539,43.04389326
02-09-2025 07:38,32.97668157,198.3067394,42.81373786,29.86531731
02-09-2025 07:39,13.24500929,97.33120062,69.57261576,77.11993434
02-09-2025 07:40,24.28785679,68.88974148,20.92585116,27.56732079
02-09-2025 07:41,18.38816159,90.78145677,36.67609148,59.56976545
02-09-2025 07:42,29.12577932,113.9032532,10.96171861,66.11051465
02-09-2025 07:43,14.43948595,109.2628439,74.44399724,46.01801233
02-09-2025 07:44,27.36095777,174.670111,87.16218086,47.56755394
02-09-2025 07:45,13.71126906,50.39929612,22.00167357,69.40926039
02-09-2025 07:46,31.49699803,138.1180565,25.17436157,45.13902093
02-09-2025 07:47,28.72973251,100.3266637,26.57495741,34.01969449
02-09-2025 07:48,10.63313272,131.6333139,91.59134385,30.31590367
02-09-2025 07:49,21.66891029,180.3141278,38.69667207,76.40072166
02-09-2025 07:50,21.9478523,121.353425,35.63693482,59.92254739
02-09-2025 07:51,23.82000984,68.27445502,61.04336495,39.4211559
02-09-2025 07:52,22.15654676,110.0062253,25.92996925,74.83902026
02-09-2025 07:53,27.14815308,63.88761172,90.55352821,39.39538787
02-09-2025 07:54,23.75250503,113.4527061,99.40005165,24.48468181
02-09-2025 07:55,27.48424857,87.49321836,56.46869521,53.9265868
02-09-2025 07:56,22.13113429,139.7574176,58.73399305,23.18946212
02-09-2025 07:57,20.7660544,144.3265289,53.56978057,62.37168908
02-09-2025 07:58,22.17302016,126.8654034,14.05401672,33.2934079
02-09-2025 07:59,29.18642155,111.5325782,32.2801333,33.26440084
02-09-2025 08:00,32.99424694,125.2982349,75.55630779,26.8182589
02-09-2025 08:01,33.51762653,191.745131,27.15846382,41.06943667
02-09-2025 08:02,28.1310599,135.3759655,86.33881331,61.55629623
02-09-2025 08:03,26.61582495,108.0212063,47.08775261,41.95309914
02-09-2025 08:04,27.50832404,70.87202027,67.27732868,48.27113578
02-09-2025 08:05,26.07069453,164.0404032,74.23128008,61.094966
02-09-2025 08:06,23.66986963,77.21919253,69.60272869,23.98500297
02-09-2025 08:07,22.72370721,68.00883533,14.59451535,76.21126101
02-09-2025 08:08,21.16817205,58.58749741,97.9837145,36.61550783
02-09-2025 08:09,26.30169392,156.0697613,81.25210096,56.33115787
02-09-2025 08:10,23.7873622,69.02516103,39.63118968,77.07631174
02-09-2025 08:11,33.54061502,177.1045657,22.88143644,23.73092812
02-09-2025 08:12,17.30476743,53.83230124,58.73997371,47.16326318
02-09-2025 08:13,35.67514764,133.9921337,87.48922362,61.28919224
02-09-2025 08:14,30.09528217,115.0520125,83.74444026,71.28118537
02-09-2025 08:15,23.14030273,175.7015567,76.34125746,25.32312067
02-09-2025 08:16,22.6260889,132.5125331,61.91731377,62.17962454
02-09-2025 08:17,21.86455942,177.4015084,66.97552614,36.97138599
02-09-2025 08:18,26.28054259,119.9298941,80.19068719,52.88022101
02-09-2025 08:19,28.30783536,88.79944058,80.02429717,66.94246185
02-09-2025 08:20,24.70121673,156.2298259,30.56925198,34.38444394
02-09-2025 08:21,12.75489651,66.19115238,61.12911822,68.67345394
02-09-2025 08:22,23.90131107,100.4071306,54.35454038,22.17234632
02-09-2025 08:23,17.28519702,120.1545507,68.8498232,44.37736711
02-09-2025 08:24,24.05807029,163.7903929,56.16495121,20.9297498
02-09-2025 08:25,31.9606785,194.9688897,67.06803185,54.04700194
02-09-2025 08:26,17.64284575,102.6433795,22.96934621,59.88096523
02-09-2025 08:27,28.44092258,151.852891,19.81882537,31.84338966
02-09-2025 08:28,27.86990239,84.70999305,88.51382817,59.28035256
02-09-2025 08:29,16.54807335,135.3098276,83.02999013,65.23741523
02-09-2025 08:30,26.30316277,101.25775,19.67580231,23.18608754
02-09-2025 08:31,26.69799795,56.74089182,24.0403544,48.87006993
02-09-2025 08:32,23.93368294,81.5829722,23.13015577,33.02854768
02-09-2025 08:33,27.89800395,163.4849002,35.73113484,56.25265092
02-09-2025 08:34,28.86310979,109.2787184,42.16944799,60.02223747
02-09-2025 08:35,27.97011814,186.0043803,55.85076945,79.3984598
02-09-2025 08:36,24.52748595,123.7512446,67.24599279,23.5830754
02-09-2025 08:37,23.2958693,63.03530366,44.54360656,21.00252484
02-09-2025 08:38,32.17485268,152.8765342,51.09215914,24.87338066
02-09-2025 08:39,18.81141251,156.5013667,72.22597246,64.42712341
02-09-2025 08:40,21.77104143,184.906136,93.36025585,21.42753344
02-09-2025 08:41,16.64199186,89.11947269,79.98818588,57.79712208
02-09-2025 08:42,24.62354463,90.38411543,38.82672777,57.90675877
02-09-2025 08:43,20.39545943,72.60638276,24.94336015,58.03539152
02-09-2025 08:44,21.47705506,126.3014532,53.66205921,47.84788474
02-09-2025 08:45,22.5197386,124.4388546,72.70261519,58.20007151
02-09-2025 08:46,33.48865511,99.37203527,72.53505183,22.4515336
02-09-2025 08:47,24.79498089,70.00955227,92.10593396,28.67124652
02-09-2025 08:48,23.51370331,120.8050725,83.42763669,41.67066466
02-09-2025 08:49,24.5427609,95.47381317,14.08702871,21.15237802
02-09-2025 08:50,22.71302623,117.0555501,55.21321519,27.50358817
02-09-2025 08:51,26.04039722,189.5495856,61.35285218,65.74842394
02-09-2025 08:52,26.09002485,93.83175259,51.65074551,59.12870449
02-09-2025 08:53,30.10216882,77.28722299,91.69387196,68.41129253
02-09-2025 08:54,20.34354398,183.4493213,50.0280477,45.99294121
02-09-2025 08:55,22.52558089,100.1876002,40.58160024,42.21486062
02-09-2025 08:56,28.42894531,103.4903402,93.09178345,42.58614397
02-09-2025 08:57,24.15099811,53.15999466,49.95980639,77.51725427
02-09-2025 08:58,25.58028095,145.262947,71.38491894,38.32230888
02-09-2025 08:59,32.82538963,103.6863012,15.41932047,38.29354016
02-09-2025 09:00,22.8567109,80.75734669,53.00569829,49.75971906
02-09-2025 09:01,29.70862256,193.6355687,59.23757808,61.91410681
02-09-2025 09:02,26.23246015,73.68085883,16.5325095,72.7160858
02-09-2025 09:03,25.00882401,197.8349025,33.86386993,67.00856031
02-09-2025 09:04,18.08657295,152.8645645,38.8206452,32.74200912
02-09-2025 09:05,32.388706,92.44858632,86.88641832,40.64067687
02-09-2025 09:06,31.47334861,79.32491444,63.02237993,58.25893826
02-09-2025 09:07,24.45410392,175.7153089,35.20337347,60.52134914
02-09-2025 09:08,24.47561901,192.7395951,59.03211046,57.25954487
02-09-2025 09:09,21.52882916,177.7675357,27.74938555,30.73281681
02-09-2025 09:10,38.33448983,110.3894525,10.95079049,33.52274614
02-09-2025 09:11,22.87033271,114.9267052,17.15462228,76.95719632
02-09-2025 09:12,19.50217463,129.9631741,78.79740095,74.4896259
02-09-2025 09:13,31.22755608,105.138378,66.83499983,40.82311048
02-09-2025 09:14,15.19726938,100.4329943,91.75514648,65.13737997
02-09-2025 09:15,24.9383637,77.60359152,67.65451314,39.95443155
02-09-2025 09:16,22.44978231,194.6306693,25.60894382,79.19693115
02-09-2025 09:17,26.55900317,86.81948665,18.3634512,21.53955336
02-09-2025 09:18,27.52672977,172.6690537,30.40662805,63.45698811
02-09-2025 09:19,30.86701619,171.1243544,54.97584147,33.42324548
02-09-2025 09:20,30.08908859,199.8745504,28.50242096,47.65682989
02-09-2025 09:21,24.07260256,85.49155613,90.49251688,20.4531443
02-09-2025 09:22,17.55025368,153.5711883,89.5345386,41.38098162
02-09-2025 09:23,27.01369144,54.55862489,76.27316379,73.77439289
02-09-2025 09:24,19.66536713,74.56231665,40.83736912,55.27198537
02-09-2025 09:25,31.2301101,111.1212768,79.04431512,54.68001449
02-09-2025 09:26,21.88749082,89.39298563,37.50236987,71.70660041
02-09-2025 09:27,22.16560069,64.79994968,42.29115717,79.80893721
02-09-2025 09:28,35.11642122,130.603899,88.96149912,72.41235867
02-09-2025 09:29,18.84228645,186.2034385,58.60229117,20.78984467
02-09-2025 09:30,23.05067709,127.8644179,69.82695803,27.59078463
02-09-2025 09:31,25.20357253,163.4806473,36.75492165,74.33093271
02-09-2025 09:32,24.1845901,104.1262626,26.7972774,60.3602231
02-09-2025 09:33,26.52403337,155.0394367,42.39945874,53.74534778
02-09-2025 09:34,17.3505398,68.21087915,66.3299596,49.21759029
02-09-2025 09:35,27.85781327,111.9020193,96.4335282,61.91979244
02-09-2025 09:36,19.15662569,99.61734606,55.20740747,51.98309378
02-09-2025 09:37,20.65039792,172.1317545,41.24829673,48.79758394
02-09-2025 09:38,19.26106286,186.6926902,33.01025519,45.54085867
02-09-2025 09:39,24.51290386,131.7820194,99.50352031,22.7544328
02-09-2025 09:40,21.94878507,170.2689307,90.14485949,71.58208495
02-09-2025 09:41,23.31435226,111.8778994,69.09257005,31.96139338
02-09-2025 09:42,23.71545234,101.9003043,13.62808099,50.38196521
02-09-2025 09:43,29.48550727,90.14435494,59.47244744,41.5603846
02-09-2025 09:44,21.2087551,53.6891123,82.71938671,48.42007363
02-09-2025 09:45,17.43297665,198.8678386,95.97020796,67.72987485
02-09-2025 09:46,27.52319221,112.0475724,23.14106047,35.8415873
02-09-2025 09:47,29.84530728,183.4880875,72.11598832,41.80334322
02-09-2025 09:48,27.54882978,156.82427,69.79165328,68.59997838
02-09-2025 09:49,29.64220004,100.0751297,72.9119107,27.0736595
02-09-2025 09:50,23.48925092,104.1281709,35.7398044,58.68355199
02-09-2025 09:51,20.23900785,198.6039491,93.40011315,21.84479015
02-09-2025 09:52,32.13288572,168.8375197,48.75096359,59.62212016
02-09-2025 09:53,28.04904474,131.154122,14.84815886,43.18394977
02-09-2025 09:54,29.83220746,184.8655776,28.84724608,67.78865631
02-09-2025 09:55,29.30527409,75.75562052,56.23555644,59.79383021
02-09-2025 09:56,29.75070037,138.2239184,92.42152324,67.34207806
02-09-2025 09:57,25.89167914,50.99640224,28.53777208,67.72783724
02-09-2025 09:58,16.93975351,143.3015502,35.95784572,48.30175646
02-09-2025 09:59,25.08213719,152.0749575,68.04925652,47.80088084
02-09-2025 10:00,19.12886263,52.99409034,44.72966972,49.49623175
02-09-2025 10:01,26.58309703,126.352265,34.120848,56.10251793
02-09-2025 10:02,23.50555027,90.11250371,26.97167631,79.63375173
02-09-2025 10:03,27.18708773,148.8350402,92.2971146,29.49324032
02-09-2025 10:04,28.99652732,165.2637728,23.62775229,56.28454427
02-09-2025 10:05,19.6392649,179.0128097,75.30807766,70.48695997
02-09-2025 10:06,22.93429029,155.3900074,83.48401453,34.02109527
02-09-2025 10:07,14.40464487,91.06034568,72.99338176,41.00512542
02-09-2025 10:08,26.00955226,152.0069869,74.69408122,71.84285263
02-09-2025 10:09,26.53869902,177.5260833,98.85607488,44.21038067
02-09-2025 10:10,24.19320982,199.0294317,75.5384724,69.82171368
02-09-2025 10:11,32.63797393,168.3397869,99.40208604,33.49513756
02-09-2025 10:12,20.58637025,100.2470972,19.92176088,37.14052892
02-09-2025 10:13,24.77878748,90.06062707,61.6163533,49.57139963
02-09-2025 10:14,21.12420819,106.3657912,43.72482256,32.25978095
02-09-2025 10:15,23.84340392,198.2743595,57.81118471,62.53527995
02-09-2025 10:16,31.08565299,61.10555181,19.21303727,23.22932868
02-09-2025 10:17,16.95289616,125.3274174,22.20746983,37.13219736
02-09-2025 10:18,25.28659132,72.95988674,58.97929849,59.55817156
02-09-2025 10:19,19.36333317,92.62576509,18.7002325,53.18465531
02-09-2025 10:20,33.86628068,129.4134087,74.42648357,43.6516905
02-09-2025 10:21,31.69792603,78.04035822,22.54470778,33.41131348
02-09-2025 10:22,18.04461194,191.9826882,76.8870147,25.59680008
02-09-2025 10:23,19.68102561,121.8902667,84.45157849,60.19540019
02-09-2025 10:24,16.5237727,145.27655,17.27574383,48.58009172
02-09-2025 10:25,23.6656441,101.0330586,80.00433045,76.50557394
02-09-2025 10:26,17.19342896,189.586681,58.78669376,54.29994253
02-09-2025 10:27,26.88927268,113.8246047,79.08938759,22.84347408
02-09-2025 10:28,25.83736438,183.1484768,64.77427985,27.00525142
02-09-2025 10:29,20.39640667,160.4574167,18.96223068,32.36983041
02-09-2025 10:30,22.5426397,190.1164303,71.01561324,54.67882409
02-09-2025 10:31,21.16204185,82.50056169,23.44347589,59.25513514
02-09-2025 10:32,19.90996081,79.75875021,71.20802494,66.31351669
02-09-2025 10:33,20.90611267,138.2245605,24.78356791,27.73544387
02-09-2025 10:34,20.25201921,156.0146009,35.53637723,64.42940442
02-09-2025 10:35,24.64212683,100.6077763,73.27209792,69.71404983
02-09-2025 10:36,26.83297564,197.8447989,87.69167141,69.71474047
02-09-2025 10:37,19.0978252,195.6357792,88.6101153,67.32383119
02-09-2025 10:38,20.83234632,128.985844,28.83104635,57.72481612
02-09-2025 10:39,30.26301152,106.577293,75.8294887,38.00003443
02-09-2025 10:40,26.80124125,105.3181866,64.27895979,62.59238006
02-09-2025 10:41,15.12705699,148.4036733,23.94089055,49.24944098
02-09-2025 10:42,24.06166579,100.2247294,65.00698069,61.36872454
02-09-2025 10:43,19.31154981,82.50807388,32.41603176,73.15751998
02-09-2025 10:44,27.63909471,90.59733731,63.3373233,75.56451569
02-09-2025 10:45,35.08648467,192.456411,21.63856171,54.33991312
02-09-2025 10:46,34.27649585,65.09100698,51.3732931,30.40510795
02-09-2025 10:47,30.36420341,144.3399935,54.47277077,27.05096398
02-09-2025 10:48,20.00020269,87.64828079,88.94715695,78.08937229
02-09-2025 10:49,18.6461551,105.763471,77.21441769,60.86875197
02-09-2025 10:50,26.57950169,72.56148533,56.7015797,39.08045731
02-09-2025 10:51,29.90028946,95.38351058,65.39414018,43.36625351
02-09-2025 10:52,25.65694194,123.4316916,59.41927072,35.024753
02-09-2025 10:53,30.91381782,114.8006848,32.38909975,56.05547553
02-09-2025 10:54,27.18492422,117.9397225,75.1968289,39.71532083
02-09-2025 10:55,24.67376861,144.7106961,55.06476284,44.53446509
02-09-2025 10:56,28.72446965,67.23746695,57.4661089,32.55823817
02-09-2025 10:57,30.42747325,83.15871184,10.35640473,31.61900862
02-09-2025 10:58,28.43753163,117.962131,67.93297368,56.22797667
02-09-2025 10:59,32.71056406,115.7129583,63.03873278,48.75846997
02-09-2025 11:00,19.74031583,163.0885344,82.84136728,24.72618266
02-09-2025 11:01,23.17925214,72.79411967,93.80582373,69.54198502
02-09-2025 11:02,29.41867852,173.1157009,86.63343255,70.0211292
02-09-2025 11:03,35.41494818,131.0694105,90.35082151,74.10455647
02-09-2025 11:04,15.0503807,94.97194535,15.88989464,36.36065543
02-09-2025 11:05,27.74922687,52.22863161,10.9754233,23.87623495
02-09-2025 11:06,27.87917255,128.2354654,18.94214829,68.64473539
02-09-2025 11:07,22.13003374,153.7116947,85.69118513,25.58186277
02-09-2025 11:08,20.55668318,63.6400447,82.68326878,75.21707395
02-09-2025 11:09,26.24183251,57.31885011,47.21649501,62.77968691
02-09-2025 11:10,27.5595048,152.0363819,42.41547738,43.99569325
02-09-2025 11:11,14.23696418,58.76011706,72.00008913,50.68758963
02-09-2025 11:12,19.74328465,88.51339722,14.63091464,62.97879362
02-09-2025 11:13,25.27661902,193.4710924,75.08687002,22.56715222
02-09-2025 11:14,21.13159608,151.3947745,68.64217304,20.0188323
02-09-2025 11:15,26.21309023,89.70425582,67.18437743,55.49937606
02-09-2025 11:16,23.06830826,77.21380388,10.30076177,23.57911236
02-09-2025 11:17,25.27378608,165.12799,37.60952528,72.72232485
02-09-2025 11:18,24.74026121,173.7784126,47.49705543,41.69888787
02-09-2025 11:19,21.98322297,119.9247512,71.58043913,24.0659718
02-09-2025 11:20,16.39280373,56.99203919,77.05193679,22.87292437
02-09-2025 11:21,29.6894946,143.0652746,53.87325848,44.69847448
02-09-2025 11:22,17.32534462,165.4343224,37.52379497,32.8427953
02-09-2025 11:23,23.62089234,179.6546213,61.80564016,72.5711008
02-09-2025 11:24,28.70900008,155.280641,46.33856796,75.88479043
02-09-2025 11:25,23.92993486,84.52130671,72.25035051,41.73876667
02-09-2025 11:26,22.36492335,76.2830976,33.62294075,51.38731868
02-09-2025 11:27,22.29726877,107.0167807,43.84873536,46.75057704
02-09-2025 11:28,21.50898823,108.6301774,72.70185823,51.30700345
02-09-2025 11:29,31.09526263,185.0782581,15.71184819,26.76469571
02-09-2025 11:30,27.43738617,150.9949709,62.42414254,39.72222082
02-09-2025 11:31,24.16261836,81.46520275,10.61459736,71.23990215
02-09-2025 11:32,27.24423051,134.627351,87.54002979,52.11989369
02-09-2025 11:33,25.0149504,187.8325023,55.16798235,29.40796357
02-09-2025 11:34,22.49379035,166.7712694,48.49860797,50.36284113
02-09-2025 11:35,24.77409356,196.8106271,51.17750109,72.30853764
02-09-2025 11:36,23.15779649,133.8496513,45.61008966,37.12739387
02-09-2025 11:37,24.23331588,111.4587852,47.85685577,27.96225519
02-09-2025 11:38,20.90052989,120.054399,16.47509618,48.58313306
02-09-2025 11:39,23.50220067,169.7792813,92.83187166,49.17923703
02-09-2025 11:40,32.72033697,177.5407942,34.11065272,70.13886811
02-09-2025 11:41,22.83756718,132.2553027,46.5950459,35.72612585
02-09-2025 11:42,26.26781053,133.9475158,94.32458819,28.16622278
02-09-2025 11:43,21.04740637,118.1577553,26.38151528,26.30950637
02-09-2025 11:44,24.94401579,151.8285934,26.97319526,43.15209331
02-09-2025 11:45,25.88991694,177.6964297,10.25385481,21.28786734
02-09-2025 11:46,22.84666292,97.69818535,14.23122504,26.48497107
02-09-2025 11:47,29.40740505,81.30701678,55.91837856,66.84727964
02-09-2025 11:48,24.80384667,85.66393188,17.96798642,48.19595076
02-09-2025 11:49,30.21951446,173.6587613,76.40537816,49.93192621
02-09-2025 11:50,23.02386425,158.7288661,49.09754418,71.88826651
02-09-2025 11:51,29.38644533,95.7694681,79.56905707,68.19456719
02-09-2025 11:52,25.13172579,115.9222341,50.67963863,37.58112174
02-09-2025 11:53,20.39386488,76.4202949,37.68448679,65.36003568
02-09-2025 11:54,25.17034991,64.02439529,93.73280663,77.27530394
02-09-2025 11:55,20.73835058,154.7293181,89.62685105,32.38101593
02-09-2025 11:56,24.72116963,185.5146671,26.67414535,40.00932641
02-09-2025 11:57,28.64683139,195.4419728,11.65850947,63.71450018
02-09-2025 11:58,36.82337463,88.6130963,56.00610436,25.87032267
02-09-2025 11:59,25.84368652,97.63169652,67.50241784,29.38329098
02-09-2025 12:00,25.35984515,129.7035379,87.29037845,71.97486328
02-09-2025 12:01,21.67925676,152.8408875,63.18048712,63.50343176
02-09-2025 12:02,22.37616093,156.8033288,82.65703036,50.82350743
02-09-2025 12:03,27.94244975,62.98511759,15.74857204,20.87754329
02-09-2025 12:04,29.12390396,52.20778847,17.11187789,47.14455276
02-09-2025 12:05,29.82705952,143.0103796,22.64086411,21.19823789
02-09-2025 12:06,32.71112572,75.16398501,34.84227823,45.02445743
02-09-2025 12:07,32.74940832,139.5129727,21.50345673,59.21949444
02-09-2025 12:08,24.08198305,149.026383,63.89061408,27.82319651
02-09-2025 12:09,20.02673243,180.376203,67.93670597,51.32374425
02-09-2025 12:10,23.23149087,114.8303008,88.41481447,24.75534558
02-09-2025 12:11,14.81340142,149.7550198,93.50074564,54.32881564
02-09-2025 12:12,25.59823901,90.25995828,22.32275347,73.9116749
02-09-2025 12:13,20.26231963,111.9124013,25.4836572,37.48085821
02-09-2025 12:14,26.50455503,124.8510381,91.05810247,47.03973893
02-09-2025 12:15,23.83348172,186.0462881,83.87551151,52.9885581
02-09-2025 12:16,21.61058379,132.760507,41.30056719,63.50008146
02-09-2025 12:17,30.09640117,199.9682502,59.3677246,38.82935004
02-09-2025 12:18,28.51746204,138.3268857,34.9576347,49.68133606
02-09-2025 12:19,27.61744414,183.5252338,77.53701935,28.22053475
02-09-2025 12:20,30.02448926,148.4275811,35.69972499,50.99520511
02-09-2025 12:21,21.46753604,162.321769,10.81945356,77.22264496
02-09-2025 12:22,23.19051178,126.6652862,77.46482317,49.89156667
02-09-2025 12:23,35.91230636,199.5122672,51.69827505,62.3134981
02-09-2025 12:24,28.5425987,164.6896112,25.14603122,58.99244447
02-09-2025 12:25,24.89588833,53.76912345,61.80685554,20.35620954
02-09-2025 12:26,33.81177951,180.6799109,43.7099555,57.88646654
02-09-2025 12:27,27.00027792,55.65832269,84.91223715,36.16640948
02-09-2025 12:28,21.68482646,66.62829265,23.76833543,24.4358528
02-09-2025 12:29,25.66496541,111.2580666,50.22761512,34.0981665
02-09-2025 12:30,21.7024629,132.0211787,86.5102637,52.42447799
02-09-2025 12:31,23.61730789,138.2979185,25.66807753,40.34472601
02-09-2025 12:32,19.5049834,190.7001028,50.83626157,69.87886999
02-09-2025 12:33,23.71553038,70.92887509,30.86324114,37.64826158
02-09-2025 12:34,20.20866776,179.1199404,81.61079159,34.88285374
02-09-2025 12:35,24.86109287,110.3057797,46.80136915,27.45052726
02-09-2025 12:36,18.98844999,122.8754593,38.86996658,40.98272266
02-09-2025 12:37,14.17984122,115.363784,63.67130535,62.3816562
02-09-2025 12:38,21.82825092,141.9911618,31.8785271,78.5254925
02-09-2025 12:39,24.23340056,162.2308311,17.25653419,20.96642782
02-09-2025 12:40,30.47768021,97.94894015,96.94702627,26.8446761
02-09-2025 12:41,34.66887765,91.07937458,44.13358402,30.00484104
02-09-2025 12:42,18.13872639,81.45971694,71.92739518,43.92404017
02-09-2025 12:43,33.48753334,128.1309073,64.29741026,57.87832358
02-09-2025 12:44,23.37983496,133.8972441,99.45318629,68.23871751
02-09-2025 12:45,21.50754591,112.615361,23.57234912,49.79306742
02-09-2025 12:46,28.05106919,145.7017294,49.4120436,22.02675891
02-09-2025 12:47,24.04238131,193.9326342,74.15563699,21.8810149
02-09-2025 12:48,27.58786159,136.1286375,27.78745612,67.69496373
02-09-2025 12:49,21.03938893,120.6109834,13.93203889,40.6224922
02-09-2025 12:50,26.61131899,67.91180434,43.56228162,52.06914948
02-09-2025 12:51,27.63785034,125.3817153,19.20779137,31.17161795
02-09-2025 12:52,26.12780797,136.8580034,33.91363656,61.06874299
02-09-2025 12:53,21.79639801,65.41530504,35.55866537,54.53132594
02-09-2025 12:54,22.75125397,76.53541709,47.01865786,67.41964828
02-09-2025 12:55,22.16359567,184.2268383,12.32666076,24.72656988
02-09-2025 12:56,22.56132703,177.5477433,67.71757215,48.06873013
02-09-2025 12:57,23.43370511,190.7484906,28.74927313,37.97575558
02-09-2025 12:58,28.97677812,196.7078929,52.01921911,53.35815569
02-09-2025 12:59,32.12209359,165.6818347,34.3180358,21.71853813
02-09-2025 13:00,27.5418509,186.8373694,17.33951111,34.89191962
02-09-2025 13:01,15.14167294,197.6748277,23.74608864,60.67495031
02-09-2025 13:02,27.14807241,133.5571661,96.34388438,66.60462228
02-09-2025 13:03,22.79663693,141.7177205,79.63599438,49.27530187
02-09-2025 13:04,25.54198181,148.3667063,99.50384735,48.09549647
02-09-2025 13:05,20.46116925,169.0731072,79.14116698,31.62332416
02-09-2025 13:06,23.03701212,94.60427501,89.88847478,63.86302396
02-09-2025 13:07,30.41942642,185.3971933,56.14714348,32.17073278
02-09-2025 13:08,18.7040363,191.2552466,39.45709602,41.38585893
02-09-2025 13:09,22.2649704,88.55824629,96.76755689,40.7489281
02-09-2025 13:10,26.17278458,108.1060848,56.99369642,63.90155216
02-09-2025 13:11,24.7952838,147.5869872,47.15774319,40.62350119
02-09-2025 13:12,27.95180288,128.5807213,63.00600008,34.89789927
02-09-2025 13:13,20.91164289,64.39347323,70.39146641,53.61299146
02-09-2025 13:14,27.89958395,156.6130551,85.10362942,50.46472604
02-09-2025 13:15,23.33912225,144.180181,45.5810563,33.78876161
02-09-2025 13:16,24.37931621,85.46806435,47.76167604,70.43627845
02-09-2025 13:17,31.2222265,194.6257828,99.6648224,37.72445999
02-09-2025 13:18,25.16644395,74.031747,80.15368065,31.0355262
02-09-2025 13:19,27.5905244,73.18462507,23.43906527,40.86876907
02-09-2025 13:20,30.2715417,155.1149472,45.52781196,66.15479716
02-09-2025 13:21,21.69429209,112.12787,31.00719728,54.48660831
02-09-2025 13:22,17.99612083,102.686508,77.71940219,76.93185168
02-09-2025 13:23,18.19757686,149.8543272,11.00163581,69.76903233
02-09-2025 13:24,23.3149073,196.0952605,92.53800637,55.86747549
02-09-2025 13:25,29.85986624,186.5714969,99.75309334,32.86972682
02-09-2025 13:26,27.87049058,177.1449003,69.10470848,26.44066074
02-09-2025 13:27,20.47327759,196.7785742,12.20681639,48.01411614
02-09-2025 13:28,21.93312335,143.3056994,46.97974924,37.85604927
02-09-2025 13:29,27.74733396,183.8317273,35.49870018,57.48058089
02-09-2025 13:30,26.58276401,107.9651747,77.86369593,76.77909597
02-09-2025 13:31,14.7533583,126.5643112,84.53488445,39.83101368
02-09-2025 13:32,21.9004045,144.6175055,67.54359506,29.4030303
02-09-2025 13:33,27.85441817,109.9978608,61.3941713,27.22859134
02-09-2025 13:34,32.1914914,63.7842422,83.07594212,49.39599024
02-09-2025 13:35,31.12809782,53.37018097,21.03098468,47.90325967
02-09-2025 13:36,23.36807167,66.4264895,93.06548185,44.37188826
02-09-2025 13:37,29.57300013,124.9898745,71.50109747,43.59017373
02-09-2025 13:38,19.61472916,107.5062688,75.6258632,70.69467631
02-09-2025 13:39,29.92493388,190.3754606,84.66133089,60.01318273
02-09-2025 13:40,18.67801547,62.56430015,81.37762475,43.66109846
02-09-2025 13:41,29.49389057,101.3876344,98.14911033,37.10758842
02-09-2025 13:42,26.7553673,91.77304171,56.18266915,21.34214637
02-09-2025 13:43,27.14843961,166.2411873,13.49572823,42.41820237
02-09-2025 13:44,21.60164804,66.41394278,93.04257287,30.96476703
02-09-2025 13:45,24.40436612,120.124811,25.1871526,46.67395817
02-09-2025 13:46,22.74698327,58.0065717,27.73701144,62.8601102
02-09-2025 13:47,30.30711038,114.799417,58.55660901,59.34476643
02-09-2025 13:48,29.22945604,167.1793707,59.00436075,51.70322085
02-09-2025 13:49,25.7148179,197.5815824,42.7547196,22.50553943
02-09-2025 13:50,23.55379194,90.71609503,82.34154956,78.17753792
02-09-2025 13:51,31.17746523,76.02257944,15.11384433,35.7151089
02-09-2025 13:52,21.90342685,66.20203367,95.06480595,72.48071772
02-09-2025 13:53,27.82903472,178.5222672,38.10640441,78.45862997
02-09-2025 13:54,12.96611,104.4974673,36.61416903,24.22925778
02-09-2025 13:55,40.67715529,78.0147758,83.00468087,42.73000751
02-09-2025 13:56,28.81479793,175.8830919,17.52998457,60.22702299
02-09-2025 13:57,22.74485694,105.2463751,54.76227096,29.9082171
02-09-2025 13:58,19.80933857,174.7478815,19.11137136,53.7413786
02-09-2025 13:59,22.41247235,57.62288172,80.42134091,71.4601284
02-09-2025 14:00,16.37568758,171.8216565,20.58711926,73.6684815
02-09-2025 14:01,27.84437201,190.8209581,72.65689864,56.56684975
02-09-2025 14:02,30.53969735,125.4090562,45.7470995,65.09296493
02-09-2025 14:03,15.99368154,87.06765949,62.01367012,36.94460206
02-09-2025 14:04,35.67448657,152.807278,46.93085395,41.73283407
02-09-2025 14:05,26.88293009,102.0068587,79.60371378,56.05144123
02-09-2025 14:06,21.96555327,196.5277047,20.3450107,62.07250056
02-09-2025 14:07,16.05266239,166.3558751,54.12533966,71.37098495
02-09-2025 14:08,25.06046165,128.6638274,22.27751207,72.5191295
02-09-2025 14:09,28.517456,100.9965779,56.83206782,79.2464066
02-09-2025 14:10,32.56242933,114.6301914,89.22965878,71.39576113
02-09-2025 14:11,34.83828429,163.2787415,26.21676542,39.62513404
02-09-2025 14:12,26.41012799,78.07325224,82.09521387,31.74692857
02-09-2025 14:13,30.85338033,147.1832166,75.07888409,73.47357243
02-09-2025 14:14,24.60489959,79.66347933,43.98222173,51.22160674
02-09-2025 14:15,19.79045598,79.73643629,54.55504347,43.72542175
02-09-2025 14:16,12.64838845,63.38245472,53.62376323,60.03199148
02-09-2025 14:17,27.41320767,83.69684957,64.21031213,53.0867964
02-09-2025 14:18,23.296209,56.2409984,68.32100757,78.15626366
02-09-2025 14:19,19.85131853,114.5733126,14.80253388,31.132369
02-09-2025 14:20,16.98150675,65.09970942,65.41758655,20.04995545
02-09-2025 14:21,23.92596766,150.1526329,80.63947157,29.27587321
02-09-2025 14:22,30.21202886,183.174728,58.11990484,77.07356769
02-09-2025 14:23,24.01809296,54.14173948,45.51212801,26.86710714
02-09-2025 14:24,22.74860787,129.84171,95.87443017,63.57087378
02-09-2025 14:25,29.57808337,68.65495755,69.52218728,64.69899681
02-09-2025 14:26,25.14393138,197.9996771,74.46442411,63.40796539
02-09-2025 14:27,33.72220486,95.47356101,74.3683263,61.93921225
02-09-2025 14:28,30.95266232,133.606752,68.94928297,23.60523274
02-09-2025 14:29,27.80491293,138.7426116,13.93160714,46.85541192
02-09-2025 14:30,28.6758872,111.2284073,69.61948567,33.74947717
02-09-2025 14:31,30.43678245,99.72992556,93.00457303,52.37320132
02-09-2025 14:32,37.53759918,88.8433551,51.39710842,32.16452261
02-09-2025 14:33,22.73037743,171.1782332,96.30375863,20.50529403
02-09-2025 14:34,26.80807494,63.80391819,80.43891402,60.15417711
02-09-2025 14:35,26.23756996,175.4797588,87.70995714,39.54696369
02-09-2025 14:36,15.56218652,103.2873094,57.69068304,69.08631677
02-09-2025 14:37,26.01247036,118.8640184,46.99293638,32.93531508
02-09-2025 14:38,32.06730035,91.84194625,65.77223659,65.50370722
02-09-2025 14:39,22.57493758,54.85993216,74.6870784,76.85006673
02-09-2025 14:40,23.18383728,173.049769,53.41046485,26.46374591
02-09-2025 14:41,25.21481665,93.16422951,36.48157591,24.24740847
02-09-2025 14:42,15.01541642,124.667715,23.6489047,27.13159554
02-09-2025 14:43,25.85271543,86.15589254,69.04762318,48.05839828
02-09-2025 14:44,26.861836,186.5714521,85.91635852,29.39610405
02-09-2025 14:45,18.02013585,93.58525605,18.79922379,65.21189613
02-09-2025 14:46,22.40654711,86.37731704,84.11576155,59.95285581
02-09-2025 14:47,22.7794354,50.94643999,88.91785353,58.98188183
02-09-2025 14:48,28.4709215,133.7410637,70.84959684,72.05130895
02-09-2025 14:49,28.4516471,162.2793254,30.87626889,66.75606162
02-09-2025 14:50,29.80590693,84.54180551,41.5532933,20.49190243
02-09-2025 14:51,24.6981618,72.43507189,32.14741297,31.8331798
02-09-2025 14:52,32.5070945,108.0649163,27.1750201,56.02750055
02-09-2025 14:53,35.1115588,167.8927622,90.42927262,29.92495519
02-09-2025 14:54,19.86843001,62.24760834,95.52249601,60.90994252
02-09-2025 14:55,23.31019578,104.9106017,59.5516272,22.01307949
02-09-2025 14:56,29.5398539,104.3132182,40.61359235,70.15143201
02-09-2025 14:57,27.7073123,82.82567792,77.40027584,35.19829265
02-09-2025 14:58,25.50278735,77.02412595,35.85677345,79.31972804
02-09-2025 14:59,25.68707678,141.1829226,42.8977982,55.12910511
02-09-2025 15:00,24.71454829,124.6014279,55.61809132,60.07958499
02-09-2025 15:01,26.61600371,173.4422721,48.66753561,57.03226382
02-09-2025 15:02,35.59340163,147.8839797,22.15287826,64.50492327
02-09-2025 15:03,22.41982304,98.47224444,80.28573719,55.87088918
02-09-2025 15:04,23.60748643,99.47738698,67.38194503,27.14018462
02-09-2025 15:05,23.73287123,179.9603895,10.07408261,77.29616069
02-09-2025 15:06,33.5899047,162.9718408,48.18935298,40.66611827
02-09-2025 15:07,29.01356472,183.7789163,38.4908249,46.68333391
02-09-2025 15:08,24.41837246,199.5140061,92.4689141,28.0854808
02-09-2025 15:09,21.42036358,62.21134976,69.44185769,23.24927374
02-09-2025 15:10,9.148818509,152.4841401,97.550447,42.00418767
02-09-2025 15:11,27.17071405,85.32530221,67.07987172,79.47356015
02-09-2025 15:12,26.61258975,71.10203807,61.7542506,30.41924589
02-09-2025 15:13,20.23350182,62.3006253,78.82172189,57.79569208
02-09-2025 15:14,14.80365367,128.3361606,12.48248902,20.65424241
02-09-2025 15:15,22.99989731,71.52745403,65.46003274,67.51427799
02-09-2025 15:16,22.75122171,65.30528295,45.5065784,61.72351194
02-09-2025 15:17,24.98412305,62.43090697,51.86665716,64.80736088
02-09-2025 15:18,29.46625034,164.1230334,52.92322036,37.57083676
02-09-2025 15:19,24.15766913,168.8770475,99.23317352,29.30971589
02-09-2025 15:20,18.95108886,82.47584625,99.36867015,37.76706059
02-09-2025 15:21,35.70531686,105.2122065,57.22194402,47.690466
02-09-2025 15:22,27.01568628,194.2860493,15.87279757,32.38807049
02-09-2025 15:23,29.53645886,89.06648079,85.23495465,41.32158329
02-09-2025 15:24,26.0176504,170.9993573,61.81399307,26.24716403
02-09-2025 15:25,27.96221301,77.45576785,24.03150474,76.62727026
02-09-2025 15:26,24.22498719,183.1866692,47.96536064,71.38028662
02-09-2025 15:27,23.66323322,89.65812463,33.03483748,33.40443539
02-09-2025 15:28,28.43626995,140.6427954,25.24100563,40.02170724
02-09-2025 15:29,17.86063323,185.7744425,35.62972737,79.0999836
02-09-2025 15:30,25.68785851,56.29407319,68.08515874,40.19441153
02-09-2025 15:31,27.67660537,140.11407,27.52707803,65.02111569
02-09-2025 15:32,17.75847479,163.5575269,21.16813239,68.69832799
02-09-2025 15:33,25.91485781,164.0198142,82.47349437,24.06679106
02-09-2025 15:34,22.15963539,54.88222819,49.55456134,48.04883125
02-09-2025 15:35,29.89891977,75.88022703,87.43191574,29.55221165
02-09-2025 15:36,24.9462558,60.09794642,52.54541264,69.1089821
02-09-2025 15:37,22.97035053,110.1025426,75.66124872,63.85779536
02-09-2025 15:38,28.64862014,93.96635645,97.27001741,73.66755367
02-09-2025 15:39,29.37881068,115.7957788,44.31619195,37.85150191
02-09-2025 15:40,28.95374492,151.7274227,27.00704949,58.54027998
02-09-2025 15:41,29.31066916,146.5969201,17.11969845,67.12419233
02-09-2025 15:42,19.28580995,133.2171149,44.93163158,45.5212777
02-09-2025 15:43,31.34307598,132.6011055,60.78003056,32.25290927
02-09-2025 15:44,16.36876816,135.2767003,56.79656451,36.81160853
02-09-2025 15:45,16.68448574,158.6867763,47.30450655,29.53130459
02-09-2025 15:46,26.60305365,176.3986028,84.25460544,25.68810617
02-09-2025 15:47,27.005949,122.4977536,41.15852534,45.99156843
02-09-2025 15:48,25.15046277,129.7459711,15.20154849,34.66604449
02-09-2025 15:49,21.61232357,55.34065871,51.31117881,70.26169915
02-09-2025 15:50,30.19169709,144.5734402,65.07596948,32.54575298
02-09-2025 15:51,18.82216324,190.0443345,25.52168626,52.85585553
02-09-2025 15:52,9.146184973,160.5449366,92.42047215,32.22053383
02-09-2025 15:53,19.84744465,148.8670727,16.14535327,28.39307322
02-09-2025 15:54,16.68302714,69.67638559,30.40304467,20.46761974
02-09-2025 15:55,19.63087369,100.8012036,51.8363258,35.55136162
02-09-2025 15:56,28.69451146,131.5836277,72.11311475,35.63648139
02-09-2025 15:57,28.62578432,161.7258097,55.01448135,41.32202116
02-09-2025 15:58,21.70565135,90.39579129,74.64167673,32.01781191
02-09-2025 15:59,30.3641911,124.541083,56.94988495,60.71778058
02-09-2025 16:00,20.05673664,96.20937421,67.1496046,73.92824012
02-09-2025 16:01,20.3510542,125.4332976,87.95336444,51.71508172
02-09-2025 16:02,21.7935356,145.7096636,15.08684174,41.85532151
02-09-2025 16:03,19.85452651,115.1114458,11.27698057,56.88288231
02-09-2025 16:04,18.98026549,145.4924179,53.54763131,69.58284253
02-09-2025 16:05,19.95223252,196.2239726,92.8945089,52.67732726
02-09-2025 16:06,27.40068519,187.7789368,34.81086309,36.77263095
02-09-2025 16:07,24.83893531,182.2592421,62.86981397,42.46081323
02-09-2025 16:08,22.49071973,90.89148187,45.31456246,77.59649632
02-09-2025 16:09,19.47395387,122.700909,83.73351691,25.05882175
02-09-2025 16:10,27.59066708,182.558869,81.90246288,75.44416712
02-09-2025 16:11,16.23716587,171.68787,35.37287337,53.68779479
02-09-2025 16:12,28.06375464,89.04295851,24.0471339,50.69242807
02-09-2025 16:13,20.60681141,165.9367895,69.17265626,20.65173436
02-09-2025 16:14,23.6162369,70.32976779,79.79909802,43.68391015
02-09-2025 16:15,15.09369898,97.94302677,83.1763422,69.55072488
02-09-2025 16:16,23.6033684,136.4893496,42.61751204,67.01426206
02-09-2025 16:17,30.70114541,180.4878484,95.94712446,61.34047992
02-09-2025 16:18,26.34275869,176.6719788,50.78689612,62.04418857
02-09-2025 16:19,24.08125948,83.95552799,49.47361416,25.98778338
02-09-2025 16:20,25.58231202,143.8895939,24.08814503,50.75693611
02-09-2025 16:21,24.63477678,80.67693357,82.99529844,70.17525405
02-09-2025 16:22,21.8226906,199.015864,15.78477383,24.49286584
02-09-2025 16:23,21.32326227,75.08953622,12.24613099,60.3923112
02-09-2025 16:24,25.49710604,71.03169928,84.47791334,24.14477023
02-09-2025 16:25,22.17146985,188.840471,42.0570859,71.1978084
02-09-2025 16:26,26.20082518,140.7369809,28.51588005,36.82741902
02-09-2025 16:27,19.51635928,71.39450364,22.4343102,48.15584635
02-09-2025 16:28,29.17467815,196.4836478,53.21854696,38.43457523
02-09-2025 16:29,28.11698072,109.9184374,74.48287873,39.56581761
02-09-2025 16:30,23.37235961,143.2820383,36.25877951,79.92525917
02-09-2025 16:31,27.69928944,98.40709755,80.47835343,53.3555067
02-09-2025 16:32,25.01861011,93.0667738,67.46070674,44.84387571
02-09-2025 16:33,18.36749938,180.5843513,73.45865223,34.20446741
02-09-2025 16:34,21.22676664,58.85089659,12.49115552,69.10659558
02-09-2025 16:35,26.25174143,140.3148436,25.32099052,45.9862975
02-09-2025 16:36,28.47630176,137.4461665,68.5623925,41.1347133
02-09-2025 16:37,31.51590198,143.1566669,43.85261491,62.27066434
02-09-2025 16:38,28.79362343,88.99093551,49.16002133,45.8990502
02-09-2025 16:39,19.86573239,92.29067705,33.96885127,54.427423
02-09-2025 16:40,28.28876176,61.18084713,73.20847351,54.76864954
02-09-2025 16:41,31.87430659,50.62527093,84.69894911,64.54131292
02-09-2025 16:42,25.92999702,142.6120524,10.3663216,37.50369274
02-09-2025 16:43,27.68703676,172.9738464,32.90716812,23.00164179
02-09-2025 16:44,26.10967587,178.8247043,19.06105305,27.85129631
02-09-2025 16:45,26.26375164,115.3130407,94.04106653,43.6431006
02-09-2025 16:46,19.41352531,102.231712,91.80365213,77.85290877
02-09-2025 16:47,20.03921799,130.0514768,25.26583911,57.02592224
02-09-2025 16:48,20.58030746,194.8329219,44.71430564,46.03408403
02-09-2025 16:49,29.84969784,121.3917467,22.31034928,61.95460984
02-09-2025 16:50,24.42917672,128.2200554,50.55121015,28.50864572
02-09-2025 16:51,33.5069549,55.94321237,46.65492058,79.25698332
02-09-2025 16:52,16.82600485,159.4044201,58.45825307,68.96136976
02-09-2025 16:53,24.7047189,190.248032,13.01225193,23.595479
02-09-2025 16:54,22.62794935,73.3430953,11.17997181,79.64675201
02-09-2025 16:55,25.01901734,169.3170673,47.28301162,50.93493321
02-09-2025 16:56,30.47899237,54.25219484,42.10892489,30.77890113
02-09-2025 16:57,28.52558006,55.60627828,65.41143923,67.4991176
02-09-2025 16:58,25.72087215,157.8790539,34.38748989,54.62260176
02-09-2025 16:59,31.59252138,79.63554151,63.83801726,46.52525534
02-09-2025 17:00,13.11868537,112.5345753,33.27135394,68.95412702
02-09-2025 17:01,25.69515285,159.7291724,74.45475755,21.62135074
02-09-2025 17:02,23.58560686,67.48601187,56.19646836,72.35935819
02-09-2025 17:03,18.93467735,164.8886858,73.52720264,34.19479256
02-09-2025 17:04,28.83707974,126.6839174,49.77612952,35.80017632
02-09-2025 17:05,23.22828771,108.0034759,90.26337273,51.58544572
02-09-2025 17:06,28.54000158,136.7751111,48.15807347,75.54360193
02-09-2025 17:07,20.08127296,165.0261658,23.65335597,25.92759439
02-09-2025 17:08,29.6364247,138.2487088,63.96553416,41.72983066
02-09-2025 17:09,25.13433865,164.2961603,42.33346389,36.57861916
02-09-2025 17:10,24.9744257,163.9497583,99.27313351,62.04461354
02-09-2025 17:11,19.73161551,70.83567209,91.39827152,41.29325129
02-09-2025 17:12,26.08455005,159.3205359,94.78666773,68.25238689
02-09-2025 17:13,19.98138883,174.9673685,49.71173268,34.86564533
02-09-2025 17:14,27.9499024,110.0961654,28.49545014,35.71006385
02-09-2025 17:15,20.01009876,106.2103563,22.15064373,65.77457877
02-09-2025 17:16,22.32516657,68.85761109,91.68390007,23.79314844
02-09-2025 17:17,35.07302361,113.2693209,69.48348715,64.1081802
02-09-2025 17:18,23.94570678,194.2399707,61.37457201,39.78384991
02-09-2025 17:19,30.91329702,127.4633145,95.05410429,39.14216931
02-09-2025 17:20,26.74691669,120.4098489,99.09674702,72.50760162
02-09-2025 17:21,33.27460817,190.5940032,99.81658348,70.90073994
02-09-2025 17:22,19.64694755,89.26712075,43.65236132,71.75771033
02-09-2025 17:23,20.2772718,186.4848862,27.71556011,24.75758963
02-09-2025 17:24,22.55625563,116.6280217,26.83757846,53.94786001
02-09-2025 17:25,25.06569028,78.69636192,15.22099089,78.91097647
02-09-2025 17:26,26.16585676,139.8871404,92.31235304,49.99096143
02-09-2025 17:27,22.72171117,86.72915454,75.35110423,41.81608692
02-09-2025 17:28,15.74039532,145.2831888,62.23851542,61.64757607
02-09-2025 17:29,20.89149082,121.4156604,95.55842831,40.36127341
02-09-2025 17:30,18.32485054,60.44545734,37.27675688,34.35957658
02-09-2025 17:31,22.01081847,100.5793074,32.94472849,77.97446997
02-09-2025 17:32,21.10628331,161.1897682,81.64569185,59.49227328
02-09-2025 17:33,18.89134431,90.4714506,85.27083127,23.87602923
02-09-2025 17:34,29.37697863,164.923518,31.89884776,75.4287045
02-09-2025 17:35,22.43459912,74.00544663,52.32798375,20.3154923
02-09-2025 17:36,21.77979549,145.1415025,40.68607215,70.92072378
02-09-2025 17:37,18.7038708,192.1099522,38.21790539,51.90666344
02-09-2025 17:38,30.54018513,81.34132419,80.89002845,22.32816399
02-09-2025 17:39,33.70010124,92.99969518,31.95582849,62.19813097
02-09-2025 17:40,15.59186648,101.3799208,38.19370707,22.80896179
02-09-2025 17:41,32.0397708,66.15720018,37.30236315,42.4867152
02-09-2025 17:42,25.63208402,58.15248291,70.15223301,51.93569817
02-09-2025 17:43,19.71898846,154.3605389,86.63701785,59.42302931
02-09-2025 17:44,16.63193118,133.5244272,10.82712389,72.66754378
02-09-2025 17:45,22.7697912,151.9344189,31.61771124,43.68370169
02-09-2025 17:46,38.07080855,138.3616186,79.25698826,53.37605041
02-09-2025 17:47,27.68914115,124.3741858,47.65216729,22.51234661
02-09-2025 17:48,28.64632317,124.6974565,17.45993779,61.79847525
02-09-2025 17:49,15.54883855,185.2663263,85.33345805,77.57882049
02-09-2025 17:50,18.22490921,106.0363997,29.28125911,79.29599417
02-09-2025 17:51,30.7863885,51.60365167,48.23797808,51.86871004
02-09-2025 17:52,20.08786278,52.44545048,43.01853927,42.75968265
02-09-2025 17:53,26.01633448,138.0506969,98.47775392,43.7314157
02-09-2025 17:54,26.93568325,95.87498177,38.5217302,40.82972195
02-09-2025 17:55,32.67563209,74.27084644,57.48024095,40.82939755
02-09-2025 17:56,30.30088487,66.62177676,85.52871244,56.56419586
02-09-2025 17:57,16.74399054,111.426687,27.4994608,53.33087014
02-09-2025 17:58,23.01092362,85.72640662,92.43549593,54.15950546
02-09-2025 17:59,33.07939273,60.97827677,33.65706027,65.42993937
02-09-2025 18:00,24.45162238,108.1355534,14.72293463,71.71713799
02-09-2025 18:01,21.32225614,127.9177872,69.14315666,65.58749937
02-09-2025 18:02,25.78197433,190.4599926,88.77967295,62.96119034
02-09-2025 18:03,23.03290768,124.1752849,94.43593629,64.58088939
02-09-2025 18:04,35.92120111,135.6057644,38.74560405,25.16180003
02-09-2025 18:05,19.92354196,186.8626621,27.28997979,66.40561058
02-09-2025 18:06,21.6057378,77.9398302,31.34088224,79.71215977
02-09-2025 18:07,29.78269119,185.7780727,96.55120281,74.80003169
02-09-2025 18:08,28.65715374,79.43357572,70.77273792,76.73457323
02-09-2025 18:09,17.68272051,137.2342575,23.04089301,57.35365547
02-09-2025 18:10,21.43044767,108.8852715,67.46457322,24.52080478
02-09-2025 18:11,28.76865849,99.35170212,66.21442893,52.4020872
02-09-2025 18:12,25.11515642,196.0861999,54.03334357,61.10763874
02-09-2025 18:13,19.79265709,183.939755,12.94974853,27.58511997
02-09-2025 18:14,28.57440559,103.0677915,73.22409646,43.30697888
02-09-2025 18:15,20.3486636,171.760144,37.64785485,46.18020129
02-09-2025 18:16,28.51723574,126.8077561,86.5765001,79.98490183
02-09-2025 18:17,23.90257554,116.5689878,64.77133292,54.85356704
02-09-2025 18:18,22.82188148,82.52777626,13.58835372,44.75765424
02-09-2025 18:19,27.26052117,128.3323623,86.80795311,20.5661277
02-09-2025 18:20,27.22169292,193.7188125,17.75152915,24.97624432
02-09-2025 18:21,24.95740877,127.2090885,10.98326349,21.45533819
02-09-2025 18:22,20.26660326,123.0578844,48.13902836,78.98424908
02-09-2025 18:23,26.12077577,66.02521021,91.10577284,76.45953945
02-09-2025 18:24,21.28765784,107.6827597,40.36409737,35.31112252
02-09-2025 18:25,22.80746183,78.11431592,48.45922221,42.61533784
02-09-2025 18:26,34.92365115,174.1598674,46.09128428,72.58790637
02-09-2025 18:27,24.62344078,52.18843556,65.72869282,77.3900025
02-09-2025 18:28,25.84622359,137.4884254,76.75987077,46.00112408
02-09-2025 18:29,31.5048093,63.94718588,45.59886237,77.08842349
02-09-2025 18:30,21.09605385,114.9419487,44.30022914,79.29488104
02-09-2025 18:31,17.72919738,185.446765,80.3488666,26.48987302
02-09-2025 18:32,26.48666218,126.0565769,50.24532261,38.39622562
02-09-2025 18:33,21.03316653,70.91747343,28.54101893,78.4281332
02-09-2025 18:34,24.70112273,169.4587421,43.21578927,68.86358772
02-09-2025 18:35,24.91057526,87.08398643,24.97500471,46.56329272
02-09-2025 18:36,28.57987686,96.71783716,10.07429785,37.24602403
02-09-2025 18:37,26.52684078,55.51701478,92.84893099,29.03985366
02-09-2025 18:38,26.67292517,182.3728003,31.81866872,33.256113
02-09-2025 18:39,22.92062487,139.4495422,30.41110658,50.25967867
02-09-2025 18:40,29.9428699,108.9838348,31.90258474,49.96259877
02-09-2025 18:41,23.82908734,134.2596545,92.37560206,58.58183604
02-09-2025 18:42,29.09811026,59.53286405,60.30354908,72.17545662
02-09-2025 18:43,24.20774847,133.2960989,88.97700012,53.35797171
02-09-2025 18:44,19.91610963,106.0560502,95.38903695,36.2486302
02-09-2025 18:45,18.30453037,129.1276587,54.10796198,48.15127742
02-09-2025 18:46,32.30037994,106.1903756,75.84329201,36.77388699
02-09-2025 18:47,28.78652381,82.77414487,60.89466404,34.69038283
02-09-2025 18:48,26.93189364,132.2564209,70.82693398,45.88055468
02-09-2025 18:49,26.55601142,156.2880317,87.98560277,61.09825436
02-09-2025 18:50,31.08240256,67.49423221,63.72777949,60.24232387
02-09-2025 18:51,26.76497924,52.71759931,22.47801973,51.13907693
02-09-2025 18:52,25.51581106,89.68806238,98.3472199,63.92944614
02-09-2025 18:53,19.99184078,173.8750096,31.6822746,61.38942493
02-09-2025 18:54,28.30534418,164.603389,82.6518873,72.58909758
02-09-2025 18:55,18.25742136,112.0983691,19.94845639,44.57754173
02-09-2025 18:56,20.52051941,103.5548695,31.47098113,73.82599829
02-09-2025 18:57,27.95183299,141.836089,62.06334361,73.50868039
02-09-2025 18:58,20.63655334,163.312262,23.13628348,57.43275676
02-09-2025 18:59,19.03088791,161.5024659,79.17935895,69.80927296
02-09-2025 19:00,18.6607982,94.19109762,68.78726999,36.81854641
02-09-2025 19:01,27.19302851,69.9279357,94.96966468,55.09874496
02-09-2025 19:02,28.68512354,109.3271456,55.1960262,79.68712832
02-09-2025 19:03,29.40069421,141.2096306,15.49022863,58.29140596
02-09-2025 19:04,31.07040342,192.7283422,18.61416754,26.18034249
02-09-2025 19:05,30.53523861,154.6970874,68.50389982,40.53308459
02-09-2025 19:06,24.86046986,73.71778979,60.37450371,34.72289952
02-09-2025 19:07,17.40387533,147.8583561,86.95371864,34.46975217
02-09-2025 19:08,22.18272491,106.5268346,27.0146449,51.74618646
02-09-2025 19:09,21.60985343,91.4539768,23.45385153,34.68177664
02-09-2025 19:10,35.67534238,187.7854179,64.06924802,57.01535921
02-09-2025 19:11,15.73344659,105.7014834,66.91550568,35.81417006
02-09-2025 19:12,23.30992039,63.57721861,40.38424548,76.82788879
02-09-2025 19:13,21.66802212,179.1406935,18.59242079,29.74047254
02-09-2025 19:14,17.48833702,73.59595799,32.0117559,61.34296071
02-09-2025 19:15,27.50527597,60.43426674,86.33657393,70.77792438
02-09-2025 19:16,23.17577123,138.5606182,24.84882974,47.64941737
02-09-2025 19:17,18.0896972,118.466071,65.96535251,20.90339292
02-09-2025 19:18,29.19748277,176.5611025,67.34740926,70.1756247
02-09-2025 19:19,19.97145907,85.63787148,56.76108427,51.29366831
02-09-2025 19:20,21.27112324,121.7203309,93.69442911,60.44542112
02-09-2025 19:21,27.85495529,140.3417036,15.45514912,66.08928914
02-09-2025 19:22,32.33267437,197.0170442,86.29859399,32.30202914
02-09-2025 19:23,20.17823021,174.4018544,30.98693153,24.1537953
02-09-2025 19:24,20.57826954,150.3906762,77.75126336,29.29678527
02-09-2025 19:25,22.53201589,110.2214039,26.11283092,55.87841974
02-09-2025 19:26,30.56712544,96.01066108,78.7622328,27.01223405
02-09-2025 19:27,27.44353804,183.5672638,71.06845829,53.2775203
02-09-2025 19:28,28.86907164,67.14950772,89.45619532,41.55336429
02-09-2025 19:29,22.56710753,134.3975786,14.93046106,40.55124321
02-09-2025 19:30,26.12142766,96.04584779,70.17291247,48.08602306
02-09-2025 19:31,21.6118047,154.4205507,41.29673015,79.91823359
02-09-2025 19:32,31.00553471,174.2295984,31.8077319,79.61142371
02-09-2025 19:33,18.94377491,72.92576178,82.37796176,65.56170895
02-09-2025 19:34,29.09112081,196.7397321,97.07890932,79.96368106
02-09-2025 19:35,20.02608231,157.9356945,86.68764513,67.26665709
02-09-2025 19:36,22.4802646,81.08676255,66.58767073,79.39934373
02-09-2025 19:37,33.8501761,74.36180356,38.39344155,31.84244438
02-09-2025 19:38,19.7819268,131.5723487,97.88970155,74.76294077
02-09-2025 19:39,25.65472838,155.8511032,18.44913156,79.63134044
02-09-2025 19:40,25.3139881,93.02098698,17.29036178,48.50387068
02-09-2025 19:41,26.41891373,141.2212014,56.10070116,51.03234971
02-09-2025 19:42,25.44033514,74.53956195,78.10135123,21.24017991
02-09-2025 19:43,27.95702023,109.875724,84.42953668,75.38794201
02-09-2025 19:44,21.71112292,73.24956521,94.4452171,23.03995167
02-09-2025 19:45,24.86123732,62.77625669,13.14424229,51.58856802
02-09-2025 19:46,30.41863139,98.49090972,27.43305419,55.89789297
02-09-2025 19:47,23.00413545,194.1240715,45.92043197,68.2636435
02-09-2025 19:48,24.52416745,86.83481352,16.11418378,25.17809822
02-09-2025 19:49,28.19767515,171.0004209,87.77240041,79.48862312
02-09-2025 19:50,31.83786326,106.1539743,47.50762206,62.91066911
02-09-2025 19:51,28.33699847,51.22771922,72.20916386,23.47194055
02-09-2025 19:52,27.70385981,181.2276568,55.1142551,39.14917812
02-09-2025 19:53,25.85465957,72.11509322,86.99069932,32.65736787
02-09-2025 19:54,26.98505543,102.0833248,22.80240847,62.20296771
02-09-2025 19:55,23.23512915,138.7276052,32.05681421,22.88851089
02-09-2025 19:56,26.30856395,131.8450132,70.31411825,24.80368394
02-09-2025 19:57,28.14281564,144.3897584,31.92342498,68.07346205
02-09-2025 19:58,32.5628156,64.69784426,45.60578996,20.5814031
02-09-2025 19:59,28.36940147,138.5545992,50.64052555,51.0426183
02-09-2025 20:00,23.4644036,70.91623866,15.61820763,65.14515641
02-09-2025 20:01,18.17646275,155.3444924,92.13079272,40.3486299
02-09-2025 20:02,14.90048739,173.6019237,94.68086465,79.84982892
02-09-2025 20:03,23.84755655,139.0791295,95.78333998,33.10072054
02-09-2025 20:04,27.4317375,146.2270111,57.50891829,61.05692477
02-09-2025 20:05,26.48522223,109.251799,62.0875775,70.30863451
02-09-2025 20:06,22.25598576,149.2112943,69.45576931,55.29024837
02-09-2025 20:07,24.21635322,51.01142909,84.11223316,35.77127282
02-09-2025 20:08,27.14381762,112.0749896,41.62628423,22.24032601
02-09-2025 20:09,30.83546401,187.7088682,36.17906014,45.04328679
02-09-2025 20:10,23.92810645,157.3690717,82.86261927,40.94567779
02-09-2025 20:11,26.05683526,158.2138465,65.19464567,56.81777698
02-09-2025 20:12,24.20426017,164.1269656,19.83970094,44.65449909
02-09-2025 20:13,23.78238927,172.175405,37.71749963,50.19051837
02-09-2025 20:14,26.40365121,73.1345763,35.55658699,70.56092426
02-09-2025 20:15,36.20099411,78.10779011,10.53919728,75.41607317
02-09-2025 20:16,29.89433309,144.4115402,30.02434991,42.20481359
02-09-2025 20:17,17.72066094,63.90133623,73.45480022,21.33719497
02-09-2025 20:18,20.81401426,134.988881,34.17864828,38.22507916
02-09-2025 20:19,29.36168545,94.68984932,95.52855962,33.47793144
02-09-2025 20:20,25.66233785,79.10691144,88.27350653,60.30175309
02-09-2025 20:21,17.41587803,135.3366049,83.37921167,63.74961049
02-09-2025 20:22,28.9364282,166.9826099,26.05615862,37.73540848
02-09-2025 20:23,19.51307593,176.4568106,58.10709161,26.29022632
02-09-2025 20:24,28.23240932,93.41677443,15.67429956,22.26396975
02-09-2025 20:25,21.99716355,137.1669874,91.93755089,52.2248466
02-09-2025 20:26,33.10004481,122.915278,22.96164232,69.64925447
02-09-2025 20:27,38.45921103,51.45454667,49.08071178,65.86486424
02-09-2025 20:28,22.16182593,92.62723726,82.41156883,32.55903842
02-09-2025 20:29,20.68691756,91.67658615,43.60432296,21.41638548
02-09-2025 20:30,24.95869536,119.2356288,39.68978633,57.72629344
02-09-2025 20:31,23.87712412,68.5637142,70.05277937,35.17208629
02-09-2025 20:32,29.38390993,135.1337281,88.8472837,34.45394272
02-09-2025 20:33,17.95569098,177.4320704,66.47850892,44.25237068
02-09-2025 20:34,18.87536912,169.3671747,54.06101638,56.62191385
02-09-2025 20:35,24.09331824,65.06066615,12.75450385,61.81996515
02-09-2025 20:36,28.34891131,129.7466759,52.4490846,52.82406088
02-09-2025 20:37,25.48857115,72.13748275,33.23824532,22.50379347
02-09-2025 20:38,24.06710561,106.2144226,54.16756901,42.72748391
02-09-2025 20:39,23.33429445,109.7185337,78.42737091,48.41197119
02-09-2025 20:40,17.23802015,96.41651819,96.28946497,37.85874024
02-09-2025 20:41,28.18443915,137.0882346,97.32231082,74.44745231
02-09-2025 20:42,40.04158437,90.83445467,81.7782769,55.86571583
02-09-2025 20:43,28.8804514,140.8029962,18.83982112,77.12563172
02-09-2025 20:44,33.08332685,116.9253607,27.60755784,74.29723078
02-09-2025 20:45,31.13175174,168.4372917,55.17776875,78.60088361
02-09-2025 20:46,24.83181247,192.7623237,29.33479166,45.22869027
02-09-2025 20:47,24.94513974,134.1767011,82.08211286,51.7364691
02-09-2025 20:48,31.53994768,192.9641963,76.5486087,63.97671746
02-09-2025 20:49,24.03492076,51.08230502,87.82046824,63.38913748
02-09-2025 20:50,38.85394101,182.4441009,26.44298932,77.84551737
02-09-2025 20:51,24.96627227,180.1219606,11.46851974,64.13926496
02-09-2025 20:52,26.31481032,112.5891714,33.07603783,67.17365821
02-09-2025 20:53,18.78488051,57.36266192,28.81902755,31.21037358
02-09-2025 20:54,24.74005566,137.5942659,63.27304708,44.54004242
02-09-2025 20:55,20.3489814,123.6037379,22.66402014,36.58809851
02-09-2025 20:56,31.26034343,103.9974378,25.34766773,55.78633095
02-09-2025 20:57,28.62267445,104.4779916,91.36705267,70.56442606
02-09-2025 20:58,29.16585378,186.3458298,30.69939978,67.48625919
02-09-2025 20:59,35.32681548,157.0612687,86.01417748,39.39076825
02-09-2025 21:00,22.39153743,182.0523277,60.59756559,40.02532936
02-09-2025 21:01,39.98612789,156.8278097,94.73008795,37.55950299
02-09-2025 21:02,26.99906075,186.5038368,59.22645962,21.9313679
02-09-2025 21:03,23.01646506,63.35746232,58.99767092,37.08615792
02-09-2025 21:04,24.26575785,191.8529475,73.1859483,76.62004899
02-09-2025 21:05,18.77939751,109.8483835,21.82444836,78.68711659
02-09-2025 21:06,21.93522568,64.41998995,21.86153056,48.94792163
02-09-2025 21:07,30.73644137,140.7022611,73.57797052,20.07979557
02-09-2025 21:08,26.01522872,198.1883434,48.7779447,65.83951568
02-09-2025 21:09,30.99764358,172.7833947,73.39390941,28.75862528
02-09-2025 21:10,21.9880173,186.2066004,26.45134009,40.6519992
02-09-2025 21:11,24.9895498,116.5481616,43.74857382,61.84542258
02-09-2025 21:12,15.97136588,95.20063085,79.76790304,74.36798245
02-09-2025 21:13,23.74520814,100.8573176,95.84721172,48.93578949
02-09-2025 21:14,25.88653198,188.1560172,96.90670376,78.89908141
02-09-2025 21:15,23.08565396,149.7334148,59.540621,60.40435316
02-09-2025 21:16,17.07233296,52.59227975,78.79145772,70.23414296
02-09-2025 21:17,29.37162651,100.253282,99.70387467,75.29240936
02-09-2025 21:18,16.56792943,143.6624144,29.26215647,71.55986307
02-09-2025 21:19,21.85159356,53.57436217,10.77263754,67.35992438
02-09-2025 21:20,27.89601897,98.4405407,49.17006934,23.61149053
02-09-2025 21:21,30.18674045,157.7933241,43.68709906,50.94491226
02-09-2025 21:22,26.55883077,95.28747096,26.5302701,72.76858664
02-09-2025 21:23,16.72325773,64.03530286,36.18795791,45.64711136
02-09-2025 21:24,22.57892515,68.10693639,59.617908,25.3317184
02-09-2025 21:25,20.09010914,78.08427445,19.49707061,77.61806282
02-09-2025 21:26,29.52754521,176.9518534,87.1418456,62.72969159
02-09-2025 21:27,28.91319948,137.5631731,67.86926023,42.26379052
02-09-2025 21:28,24.41756446,103.2317488,87.93130241,73.97048504
02-09-2025 21:29,27.85457447,153.0788541,26.24563563,68.49163382
02-09-2025 21:30,24.05267204,79.76364781,83.61797993,66.50792201
02-09-2025 21:31,24.99618946,133.7466483,95.86120552,50.76712754
02-09-2025 21:32,19.95178115,110.8193231,75.44035352,72.95429624
02-09-2025 21:33,22.05038622,124.7411095,73.09308962,62.80494765
02-09-2025 21:34,23.03649753,74.5363904,84.07780146,20.80380205
02-09-2025 21:35,28.1662206,52.87105119,74.02806649,31.73173902
02-09-2025 21:36,18.80350628,155.6195069,48.72768856,33.49947431
02-09-2025 21:37,17.6223218,109.7716891,55.59085485,44.78357982
02-09-2025 21:38,25.98578749,52.98853162,49.18521955,67.35086238
02-09-2025 21:39,24.95682722,98.54825936,64.85252366,55.58430874
02-09-2025 21:40,25.76433722,71.93572341,79.9903221,71.18907405
02-09-2025 21:41,31.37043362,191.4914134,32.87909651,30.86564087
02-09-2025 21:42,25.22570311,72.57776743,89.67208035,30.5730657
02-09-2025 21:43,38.70835371,199.6154725,49.81525377,47.44208411
02-09-2025 21:44,27.6985291,112.3206632,37.09161849,44.30732325
02-09-2025 21:45,20.67752303,88.81864391,42.82241746,30.16060876
02-09-2025 21:46,18.71300787,62.59318307,44.37368837,54.10721176
02-09-2025 21:47,23.61679311,120.8005356,95.75891759,76.6325951
02-09-2025 21:48,29.28682856,163.9659387,64.85712681,45.83840227
02-09-2025 21:49,31.21395687,145.8715503,66.5949431,27.7470977
02-09-2025 21:50,30.9678727,73.18893273,28.19271394,52.70355462
02-09-2025 21:51,24.87023696,152.0963433,23.48831219,54.66812244
02-09-2025 21:52,28.23633869,54.67479304,37.85066497,21.84366242
02-09-2025 21:53,23.14086038,88.17927074,60.21793278,78.25496103
02-09-2025 21:54,28.47779196,70.30676171,66.89216956,66.26623518
02-09-2025 21:55,26.67830259,132.778557,64.44169555,79.91515068
02-09-2025 21:56,29.72213695,193.2452122,60.3762654,33.61970989
02-09-2025 21:57,23.32391604,62.29500682,98.58280422,48.75826002
02-09-2025 21:58,17.81873996,131.7870493,37.84357303,48.62184876
02-09-2025 21:59,31.79595604,157.6061826,90.44140853,23.73180105
02-09-2025 22:00,30.01108049,68.44328613,39.58629566,50.30005198
02-09-2025 22:01,16.90257931,61.55265944,22.15846932,39.37850455
02-09-2025 22:02,28.79193001,66.8817416,38.79705041,49.73919545
02-09-2025 22:03,26.45145663,71.96111336,49.8276466,79.04080119
02-09-2025 22:04,21.27008202,158.9299741,19.16648666,75.43810913
02-09-2025 22:05,19.85868064,82.48137034,88.09806297,22.15451517
02-09-2025 22:06,23.52816995,74.64083592,46.79398619,42.02894375
02-09-2025 22:07,26.37627252,61.09958204,58.71218349,32.22723535
02-09-2025 22:08,21.77526599,62.11037789,57.47191187,68.46921402
02-09-2025 22:09,26.34528251,132.9117432,64.92001126,69.88145728
02-09-2025 22:10,24.22718948,67.22248432,59.88417524,43.349686
02-09-2025 22:11,27.98019105,51.93357637,42.30724405,56.00557052
02-09-2025 22:12,19.99929444,170.390636,42.90446578,38.36050566
02-09-2025 22:13,25.23021326,189.3165902,61.70990437,67.9243101
02-09-2025 22:14,19.9857296,65.69121731,13.17668231,36.3983198
02-09-2025 22:15,22.72146175,198.7444765,32.988167,29.40082271
02-09-2025 22:16,25.05773138,82.71869168,80.19229622,70.8946642
02-09-2025 22:17,33.77434272,118.4323591,79.79718588,62.85007135
02-09-2025 22:18,24.46920223,83.55242914,26.66037089,69.99606259
02-09-2025 22:19,33.24162462,91.00265228,55.58634914,71.11413103
02-09-2025 22:20,23.38249601,127.8792477,71.95969083,66.35196197
02-09-2025 22:21,16.92702787,197.1711586,80.61863812,29.46314792
02-09-2025 22:22,27.33698915,126.8978725,74.57887961,28.88400381
02-09-2025 22:23,26.56517755,97.49586067,73.12776498,66.70030313
02-09-2025 22:24,27.88218531,62.92567443,88.61980022,68.44607932
02-09-2025 22:25,24.61121123,51.79606921,19.80324043,74.99482441
02-09-2025 22:26,22.34765877,130.4447339,50.98007397,50.92698329
02-09-2025 22:27,30.57410573,114.0829831,20.28666005,20.22703593
02-09-2025 22:28,25.29957272,84.08294697,11.16768823,71.41837184
02-09-2025 22:29,24.77137889,113.8075481,87.85124822,48.98045936
02-09-2025 22:30,29.36066918,119.986509,95.33792723,56.18600505
02-09-2025 22:31,26.70851908,197.0466094,99.86098695,58.85791916
02-09-2025 22:32,27.11803668,149.0908567,49.94481709,54.13120658
02-09-2025 22:33,24.69883447,196.0087029,61.63157915,23.29370341
02-09-2025 22:34,27.08685256,64.66449281,77.80114459,53.46043357
02-09-2025 22:35,12.51833306,193.3836176,59.95177737,74.66633206
02-09-2025 22:36,23.66278432,51.61110694,76.98033439,67.3397479
02-09-2025 22:37,27.41550426,94.02484638,28.70488902,45.26087974
02-09-2025 22:38,24.00779466,63.44392575,88.19141227,27.18467195
02-09-2025 22:39,14.56877659,86.06172839,21.37197693,48.07570152
02-09-2025 22:40,22.13083663,126.9037381,94.97670606,57.99184448
02-09-2025 22:41,29.314043,151.9716928,80.76276151,54.24339496
02-09-2025 22:42,16.33405865,132.1834601,95.76364674,24.06165133
02-09-2025 22:43,23.73546494,130.8426859,10.44875903,53.570893
02-09-2025 22:44,21.13253645,80.09381962,74.15978219,65.55432004
02-09-2025 22:45,27.64605798,99.03378902,23.81546047,71.13670949
02-09-2025 22:46,28.1668534,157.4532396,75.44476519,46.33493161
02-09-2025 22:47,21.68716584,120.2898639,92.79140268,26.18215387
02-09-2025 22:48,25.11297432,154.6263566,33.0267185,22.4237366
02-09-2025 22:49,30.79590061,80.11523992,69.26511015,34.87776286
02-09-2025 22:50,23.41361682,90.76304472,33.43322633,72.49814449
02-09-2025 22:51,27.96479659,102.5879501,86.70750475,45.86410764
02-09-2025 22:52,32.29163242,95.80939143,30.01536914,45.33142493
02-09-2025 22:53,22.98094005,171.2140216,88.5516051,30.85842337
02-09-2025 22:54,25.32708296,95.5214785,56.03118788,72.80400193
02-09-2025 22:55,21.01518901,168.264898,83.81514192,22.49589209
02-09-2025 22:56,24.29794238,171.3344014,17.11399998,71.27469644
02-09-2025 22:57,24.02389285,60.17427924,12.10622104,64.17499692
02-09-2025 22:58,24.30297113,148.2595908,19.50192877,37.60808897
02-09-2025 22:59,20.99613406,176.8003575,25.06904894,29.55505101
02-09-2025 23:00,31.35363254,191.4444066,70.28285048,30.97877329
02-09-2025 23:01,24.85107132,124.070272,44.30307836,79.59498486
02-09-2025 23:02,36.31225781,75.43122967,67.21036514,68.22760005
02-09-2025 23:03,24.90114296,107.6538574,73.98144659,51.01483479
02-09-2025 23:04,25.69118569,61.84332238,28.57493893,56.46723548
02-09-2025 23:05,28.90630062,116.7440871,21.55786731,61.57314296
02-09-2025 23:06,21.66810614,186.0557051,69.14826315,67.82076239
02-09-2025 23:07,25.76711222,102.6762786,66.68743824,53.5623348
02-09-2025 23:08,18.67673301,97.98875301,29.81879581,72.13056997
02-09-2025 23:09,24.01709663,94.06717079,53.92844496,56.22545643
02-09-2025 23:10,23.29177887,50.47628379,13.30258863,48.8994869
02-09-2025 23:11,28.20654691,113.6472699,40.33915191,74.23842718
02-09-2025 23:12,17.41979126,143.269551,71.16656978,59.00772486
02-09-2025 23:13,29.82719376,83.28489226,25.21477315,27.96154251
02-09-2025 23:14,26.16428178,185.6263457,57.68627434,36.69238016
02-09-2025 23:15,28.26202351,79.06537382,60.63552941,71.0721225
02-09-2025 23:16,24.15392405,106.6516132,18.93513739,28.35345066
02-09-2025 23:17,23.09513673,95.35012879,43.59751896,43.75956737
02-09-2025 23:18,25.39797558,81.20425637,80.16645415,61.99759918
02-09-2025 23:19,26.98898855,154.0053702,90.96297467,40.1469004
02-09-2025 23:20,27.22497765,98.81606521,80.87518104,46.43162619
02-09-2025 23:21,26.81759511,152.0879965,52.4341373,46.03177328
02-09-2025 23:22,19.55351014,168.6955289,95.01328871,35.10549913
02-09-2025 23:23,26.38426266,117.0630667,57.96075133,65.88473764
02-09-2025 23:24,29.87139895,178.8358184,75.70200359,53.08855443
02-09-2025 23:25,27.64680518,106.7828389,99.88212478,63.31338262
02-09-2025 23:26,23.89194285,85.59552808,69.64278766,23.54437618
02-09-2025 23:27,25.26650389,177.6607581,83.03047932,40.47847724
02-09-2025 23:28,22.63494147,134.785368,24.87616279,36.46082177
02-09-2025 23:29,21.57576137,178.2584058,31.5164149,56.95570753
02-09-2025 23:30,25.1631322,80.04689085,99.26450295,20.84593145
02-09-2025 23:31,31.59754519,163.6432962,65.0301712,39.40842646
02-09-2025 23:32,19.80775671,118.2199653,22.20417303,29.68476849
02-09-2025 23:33,19.76375545,193.3756007,63.83792557,22.89325041
02-09-2025 23:34,18.61562664,120.1691713,66.64452432,69.35405328
02-09-2025 23:35,23.01157531,156.793634,36.88801988,57.46327183
02-09-2025 23:36,17.62399644,66.70949835,63.9358081,55.39104904
02-09-2025 23:37,27.91125947,92.79262944,89.06022012,61.48237619
02-09-2025 23:38,21.14241726,184.5698194,91.26077688,25.81520867
02-09-2025 23:39,31.86643043,74.26911547,50.30371524,30.6198348
02-09-2025 23:40,26.70310784,58.19930378,84.47846465,75.83220223
02-09-2025 23:41,18.49719116,114.0073563,79.47765938,29.05972915
02-09-2025 23:42,33.36156701,69.89093784,23.7941592,74.57687122
02-09-2025 23:43,18.06348414,144.6311076,29.33693024,57.57559595
02-09-2025 23:44,24.95162511,196.9606333,22.69931964,42.97548513
02-09-2025 23:45,27.56514742,138.6590041,47.72773079,59.03145982
02-09-2025 23:46,21.25000417,130.0012089,34.41164745,39.74608557
02-09-2025 23:47,35.55655169,185.1448096,23.75360198,40.71289129
02-09-2025 23:48,22.41976239,118.9904439,24.52318303,43.52603349
02-09-2025 23:49,26.8651262,196.5713805,35.83285063,49.69478682
02-09-2025 23:50,33.84156805,117.2405179,94.31828491,72.44405935
02-09-2025 23:51,27.32739094,75.74383375,98.51861354,68.22783254
02-09-2025 23:52,25.82163257,105.2072568,31.51239522,33.9139431
02-09-2025 23:53,22.17743292,153.3364125,62.70885003,66.44506043
02-09-2025 23:54,19.951429,101.0205047,41.71648544,67.36866011
02-09-2025 23:55,16.42580297,177.6830244,77.34115724,68.21360212
02-09-2025 23:56,26.46930717,157.4740735,20.13950087,68.00678972
02-09-2025 23:57,25.45705566,99.34103192,48.10956339,60.40998329
02-09-2025 23:58,19.72966545,135.0132059,61.50512866,71.10715508
02-09-2025 23:59,28.61562276,51.32070565,63.94066967,28.75581009
03-09-2025 00:00,12.71371288,79.86831681,37.34686705,26.29047011
03-09-2025 00:01,31.88302239,148.773696,33.2383525,50.25568054
03-09-2025 00:02,24.48280064,66.35099896,29.00029582,46.14219989
03-09-2025 00:03,23.33404358,60.41792717,62.26864695,65.25418809
03-09-2025 00:04,24.77310121,180.593843,99.59315654,69.59819523
03-09-2025 00:05,27.75915533,158.150687,10.57472803,52.41005112
03-09-2025 00:06,30.72789392,169.399716,24.7062131,30.0626434
03-09-2025 00:07,22.12813705,177.4983722,10.26792212,54.79282442
03-09-2025 00:08,15.22979764,84.43927307,87.01990621,46.43731409
03-09-2025 00:09,22.59804591,104.4905009,76.82840487,41.29881048
03-09-2025 00:10,21.34261666,89.6592235,35.97003721,42.38502334
03-09-2025 00:11,27.08740658,189.502287,72.19285022,52.14270012
03-09-2025 00:12,22.34240206,150.2891664,73.85300306,48.47582015
03-09-2025 00:13,10.39162818,154.5368316,62.19908316,43.35465539
03-09-2025 00:14,30.6372483,171.7187227,59.32229451,59.50376592
03-09-2025 00:15,32.3671761,169.3958322,65.81834477,44.49848993
03-09-2025 00:16,26.82666095,156.8211848,95.71054524,25.20600219
03-09-2025 00:17,23.48835209,123.3573132,19.73220396,22.20276651
03-09-2025 00:18,20.0927677,122.7900358,80.20072128,68.80936218
03-09-2025 00:19,31.69571212,175.4196069,48.96941682,32.74844762
03-09-2025 00:20,22.10012186,131.3486416,35.29455448,75.44610732
03-09-2025 00:21,23.65752243,157.7451444,44.2037407,20.48374868
03-09-2025 00:22,26.57019375,164.215273,40.52874357,68.03392091
03-09-2025 00:23,30.25884984,132.3698935,68.15183592,75.03463541
03-09-2025 00:24,28.8119334,122.227072,23.02505348,63.00125116
03-09-2025 00:25,29.0429458,51.35228622,21.48076123,21.21932567
03-09-2025 00:26,26.98338584,129.5182307,80.10355047,28.27542508
03-09-2025 00:27,22.81361064,148.2042436,73.85923048,60.30029768
03-09-2025 00:28,25.1671072,185.9847867,43.49589387,40.66547238
03-09-2025 00:29,31.41854115,125.8202317,28.74638392,46.69825439
03-09-2025 00:30,26.59423402,149.7942952,39.10929596,60.09007795
03-09-2025 00:31,21.77770429,111.4829865,96.09301288,28.6698573
03-09-2025 00:32,34.59409594,71.65182899,82.31541106,49.43385207
03-09-2025 00:33,27.53426738,171.7368115,28.15179175,48.08981986
03-09-2025 00:34,37.44087487,157.8916191,17.56031518,30.33422736
03-09-2025 00:35,24.10188534,185.7419751,54.7902956,40.77081317
03-09-2025 00:36,22.63037257,197.348024,73.83513739,21.47648643
03-09-2025 00:37,22.52351782,192.4214672,72.97749196,73.76744697
03-09-2025 00:38,27.3195458,182.5321032,99.97131516,48.80839425
03-09-2025 00:39,16.55110128,141.9830225,37.61487698,28.18250563
03-09-2025 00:40,31.22187401,88.27431357,99.37413527,21.02543328
03-09-2025 00:41,29.26505365,147.3331153,73.30898454,30.19834895
03-09-2025 00:42,30.95507736,124.8032252,59.68884913,38.08013497
03-09-2025 00:43,32.42068902,106.6542565,62.10418952,64.50111536
03-09-2025 00:44,25.04780086,120.4774804,73.79614832,56.11365451
03-09-2025 00:45,24.74451358,58.42950051,69.63462488,42.81239625
03-09-2025 00:46,30.72474631,90.26272232,96.11334487,36.78058168
03-09-2025 00:47,12.80425827,118.4079916,33.17099206,22.16470083
03-09-2025 00:48,20.46410052,100.3119711,19.6739294,72.37254158
03-09-2025 00:49,29.62097718,55.64082106,88.29185317,76.85878751
03-09-2025 00:50,22.5538309,156.2352491,93.86100836,58.89108807
03-09-2025 00:51,24.88413757,63.0756926,27.05150092,62.94236555
03-09-2025 00:52,27.73268042,196.9662317,16.55571315,44.63161439
03-09-2025 00:53,27.16278092,64.72664046,38.78851258,67.09582727
03-09-2025 00:54,21.94270234,105.0787284,97.91826192,28.72424612
03-09-2025 00:55,24.5232499,106.5411945,55.58992451,20.38612125
03-09-2025 00:56,16.66232581,95.83977639,32.77214449,51.45524507
03-09-2025 00:57,24.03295994,90.44335583,29.78126404,45.49582894
03-09-2025 00:58,31.75486877,139.1363806,60.73002794,46.86680757
03-09-2025 00:59,21.18446025,131.0824168,35.66488963,75.32495795
03-09-2025 01:00,25.43433497,171.3864726,21.953369,48.3066704
03-09-2025 01:01,26.47248171,193.7454902,11.27060557,23.92390036
03-09-2025 01:02,25.75943439,144.6452618,87.76195029,28.70930365
03-09-2025 01:03,25.09818788,198.8830062,31.842067,68.43332507
03-09-2025 01:04,27.32146617,173.6601813,72.73789985,30.14828269
03-09-2025 01:05,27.61733592,113.3910063,40.26355217,61.46824651
03-09-2025 01:06,21.24589371,165.8742902,10.10246798,24.05837477
03-09-2025 01:07,33.94063447,141.1416708,87.31022553,52.88698475
03-09-2025 01:08,21.89431148,58.52090681,20.52762163,54.62922994
03-09-2025 01:09,23.19367587,64.24601574,79.85933797,44.41656882
03-09-2025 01:10,26.47264882,113.5169483,80.20852491,26.64933353
03-09-2025 01:11,31.11036431,188.7353472,53.89528767,66.56798506
03-09-2025 01:12,30.61467456,104.6891107,39.40063291,45.76518076
03-09-2025 01:13,15.18933748,101.0785712,16.10749351,42.0443353
03-09-2025 01:14,28.46549509,187.0194179,22.14915534,67.00271066
03-09-2025 01:15,31.25069092,171.5860991,96.89878088,76.96350575
03-09-2025 01:16,26.33556166,109.1681561,30.39963359,42.94778252
03-09-2025 01:17,21.17575593,198.6720867,38.19732606,35.46243821
03-09-2025 01:18,18.44928908,120.5508637,71.9549629,49.85066789
03-09-2025 01:19,17.40545252,112.302672,43.17951429,44.05014564
03-09-2025 01:20,22.07054581,141.4609988,17.92769942,56.43186086
03-09-2025 01:21,22.1819818,137.9735681,27.97317006,27.93382715
03-09-2025 01:22,31.90323839,132.3117865,45.09121315,36.50461177
03-09-2025 01:23,24.50421537,94.55142084,20.63608151,32.29186704
03-09-2025 01:24,23.00322691,68.44850251,17.46205415,25.8487061
03-09-2025 01:25,22.09953664,154.6099802,47.72308619,33.93904912
03-09-2025 01:26,26.20625945,88.14254251,28.26468774,34.44568459
03-09-2025 01:27,22.28114141,135.4283924,75.12095174,41.50940029
03-09-2025 01:28,17.41750575,183.3640367,71.95981811,28.49569536
03-09-2025 01:29,30.85110919,175.3295396,23.45980565,37.27706276
03-09-2025 01:30,33.60277243,132.9956225,84.19678935,21.37953291
03-09-2025 01:31,19.52362041,80.66016958,59.20493634,28.00963704
03-09-2025 01:32,24.59294062,189.3020128,55.07689685,38.44262672
03-09-2025 01:33,28.75550146,80.47872968,54.45021084,35.51051554
03-09-2025 01:34,15.58801905,51.07523677,80.36529198,42.66447196
03-09-2025 01:35,28.53240917,127.7622477,16.22591828,67.41688856
03-09-2025 01:36,33.25891665,118.6864626,59.5327908,41.33156894
03-09-2025 01:37,27.32970078,165.0370328,94.04317055,36.11108954
03-09-2025 01:38,20.69364389,173.8382785,27.87553472,32.28313799
03-09-2025 01:39,19.24728997,61.24447116,20.82207463,26.20509475
03-09-2025 01:40,19.1767728,66.89159682,33.14157864,27.7469632
03-09-2025 01:41,25.31314666,63.80484531,21.91169357,73.73881584
03-09-2025 01:42,29.81268855,91.45385967,58.88103995,71.08750967
03-09-2025 01:43,27.88089019,87.67000932,83.97876425,48.53227756
03-09-2025 01:44,25.87307807,68.95122635,86.23431232,25.14523333
03-09-2025 01:45,30.63381744,61.17581914,15.21717569,27.77989554
03-09-2025 01:46,27.30176156,110.353672,74.48212727,59.55885887
03-09-2025 01:47,19.76350713,118.0722015,11.58990311,52.04419163
03-09-2025 01:48,20.56349047,63.36400555,58.54746244,28.1318467
03-09-2025 01:49,26.54836056,151.5080789,14.75873338,59.07034713
03-09-2025 01:50,20.01009148,103.9990721,35.1906384,52.65367751
03-09-2025 01:51,15.04902801,59.33800642,91.06328165,62.65362885
03-09-2025 01:52,35.63370683,137.5971438,36.41910675,43.34181953
03-09-2025 01:53,22.82197971,105.031983,47.16333106,69.57692434
03-09-2025 01:54,32.32044079,114.0243625,62.99923585,58.99672816
03-09-2025 01:55,16.13446199,54.12452177,74.44202404,25.69603276
03-09-2025 01:56,21.16509635,197.9656578,70.01959168,38.37874534
03-09-2025 01:57,22.23173554,155.0015976,64.92120048,28.691239
03-09-2025 01:58,28.45719557,145.2651498,41.99238779,65.93667304
03-09-2025 01:59,23.12790806,124.0912814,60.19517966,73.30493289
03-09-2025 02:00,18.01545446,52.12562559,71.677691,54.09922314
03-09-2025 02:01,27.87430938,91.88488213,26.28605739,68.68125512
03-09-2025 02:02,20.22286191,80.22937608,50.10316473,71.84416389
03-09-2025 02:03,25.07827914,91.24641282,19.15988786,35.33314222
03-09-2025 02:04,27.90095472,171.6715529,18.86752055,30.5864813
03-09-2025 02:05,25.68508233,62.81692593,71.92791966,74.35792796
03-09-2025 02:06,25.82439479,154.5591141,97.39391517,29.44108561
03-09-2025 02:07,28.88243568,168.8435129,56.620042,75.92549181
03-09-2025 02:08,23.66979076,78.65319987,63.8470051,56.23096235
03-09-2025 02:09,24.08457088,197.6668553,66.17218661,70.82195398
03-09-2025 02:10,20.55586521,87.30883286,99.35696446,56.62389848
03-09-2025 02:11,23.82699365,88.2466722,33.0938048,56.22493959
03-09-2025 02:12,25.50306264,97.30045617,17.29999179,31.10944331
03-09-2025 02:13,20.05047756,126.9194891,64.54018014,66.49629426
03-09-2025 02:14,22.0126598,95.37141941,69.62661191,28.3710847
03-09-2025 02:15,15.28117502,88.91026047,37.10108873,46.40559244
03-09-2025 02:16,22.55939809,170.1171204,17.65683305,52.09546289
03-09-2025 02:17,11.77105706,158.3001606,66.65027703,40.32477477
03-09-2025 02:18,25.64229145,52.7941249,68.30896713,59.92468573
03-09-2025 02:19,22.97071779,84.77307249,48.71508573,74.86339317
03-09-2025 02:20,35.47912902,81.19583019,11.6938961,71.30203238
03-09-2025 02:21,21.96420085,172.3022636,90.11901922,47.52048436
03-09-2025 02:22,11.45152472,179.4860671,46.9505249,44.07391035
03-09-2025 02:23,23.15902067,54.52420725,39.88996509,49.47754096
03-09-2025 02:24,28.07528563,159.0171187,58.82963934,49.57456748
03-09-2025 02:25,27.93983438,193.2028089,81.67916025,26.8368936
03-09-2025 02:26,32.93377981,97.61884723,48.33811093,40.02079993
03-09-2025 02:27,23.39096341,53.90054995,17.35822493,71.80081624
03-09-2025 02:28,32.90492364,162.0589721,72.67040147,43.04850253
03-09-2025 02:29,32.83668012,72.15470009,76.44915636,62.81834964
03-09-2025 02:30,15.75491916,81.32646035,75.38185843,59.63321314
03-09-2025 02:31,21.73016829,130.5747427,93.39225373,75.06649466
03-09-2025 02:32,29.38058951,183.6393828,97.44895859,71.89532844
03-09-2025 02:33,27.97005413,126.956168,60.33464485,69.33872703
03-09-2025 02:34,20.72818814,77.18261846,51.807511,47.00405021
03-09-2025 02:35,16.13810628,154.8381716,91.4939292,45.07680017
03-09-2025 02:36,20.67624661,89.26104033,30.58081807,36.08399562
03-09-2025 02:37,20.69044305,54.87280525,83.87987053,63.33363424
03-09-2025 02:38,27.01084461,77.3432638,63.69324808,29.11785424
03-09-2025 02:39,21.15829333,144.5223706,82.79412277,32.80286178
03-09-2025 02:40,21.2531726,84.19807104,20.09130873,49.65839425
03-09-2025 02:41,17.859847,84.9081961,90.13926927,51.63426509
03-09-2025 02:42,20.00609256,122.379904,89.29577012,26.0976103
03-09-2025 02:43,20.56692395,144.1663029,34.26077189,55.49843248
03-09-2025 02:44,22.42809455,142.9258888,39.28966746,57.62779411
03-09-2025 02:45,21.90872825,112.5313846,49.79971014,51.63127307
03-09-2025 02:46,28.60528428,87.39289685,21.57548458,38.8737823
03-09-2025 02:47,27.2929665,68.67751015,46.52074422,70.6793386
03-09-2025 02:48,18.43883058,138.0689535,19.89005775,69.5645413
03-09-2025 02:49,27.37287687,57.04069148,99.45712625,47.14837114
03-09-2025 02:50,9.739159839,92.15388834,59.0825065,21.14532124
03-09-2025 02:51,23.78423207,95.09514117,76.04679353,76.8489775
03-09-2025 02:52,27.00085806,187.6316088,25.0911795,62.81254154
03-09-2025 02:53,30.72312484,96.13091986,26.68597579,22.98313562
03-09-2025 02:54,29.91716532,188.2901319,56.21493644,51.73751305
03-09-2025 02:55,22.674554,102.7017907,57.66351023,29.23654541
03-09-2025 02:56,32.36506099,122.64635,36.11783606,58.70233972
03-09-2025 02:57,24.79403132,158.1813076,57.23041879,39.73807322
03-09-2025 02:58,22.25921649,161.1617031,57.01176287,72.58001287
03-09-2025 02:59,18.30228838,177.6110699,25.09279525,38.17904495
03-09-2025 03:00,31.92672369,68.16636435,53.85225082,49.26562368
03-09-2025 03:01,30.45654777,170.7071385,65.06459416,68.48139986
03-09-2025 03:02,24.44977109,120.5662701,65.30835883,75.4068154
03-09-2025 03:03,30.01808767,192.9193828,15.98801055,20.6741129
03-09-2025 03:04,24.69489924,196.7950362,57.08611585,65.17670085
03-09-2025 03:05,30.11616088,138.3445666,80.16976975,63.30204921
03-09-2025 03:06,26.8553332,144.2963556,69.92866044,32.82120785
03-09-2025 03:07,36.44538225,70.76772697,99.47123834,26.09680647
03-09-2025 03:08,20.38778019,131.5959389,38.72223759,76.17468094
03-09-2025 03:09,23.97220988,110.4537624,73.28249229,70.43455093
03-09-2025 03:10,21.79695819,166.874891,14.95140325,60.0061394
03-09-2025 03:11,21.8047237,87.19052654,55.05148941,25.06852658
03-09-2025 03:12,31.56150874,79.65431988,73.50400177,41.69510603
03-09-2025 03:13,34.56399948,139.3518667,55.83601328,22.11260235
03-09-2025 03:14,20.58599893,157.5361036,23.82675996,55.48453768
03-09-2025 03:15,14.57023692,71.53502714,54.19507983,46.35960681
03-09-2025 03:16,27.58209604,89.93615902,70.59425834,51.30799815
03-09-2025 03:17,24.71970655,51.232216,93.60073586,58.0386153
03-09-2025 03:18,21.13906214,169.0432966,62.65145961,58.56300368
03-09-2025 03:19,24.08250342,192.5608305,78.7276426,34.45651782
03-09-2025 03:20,24.57856324,65.02433604,93.86352343,32.52033048
03-09-2025 03:21,20.55706319,183.1418731,37.24916149,55.86675226
03-09-2025 03:22,24.72795746,199.4437806,91.53063032,72.88019936
03-09-2025 03:23,26.57359496,62.69903865,97.9990247,69.63816013
03-09-2025 03:24,19.58362698,142.1119517,13.31461493,77.02768505
03-09-2025 03:25,29.83387828,173.8636322,79.22289712,29.18686502
03-09-2025 03:26,30.75966888,127.043949,28.88275331,63.29005764
03-09-2025 03:27,24.07354508,148.1058672,69.31395393,43.00385832
03-09-2025 03:28,20.60781204,77.40387771,48.80838758,48.9998246
03-09-2025 03:29,10.16873681,180.8435951,71.0809803,68.28693034
03-09-2025 03:30,23.55041235,134.0610377,46.51407898,50.90763605
03-09-2025 03:31,18.35173794,141.3708814,48.73217013,29.39967193
03-09-2025 03:32,19.16614112,173.4951178,40.29115062,64.82331767
03-09-2025 03:33,19.81906139,79.33849274,30.19896458,67.21277436
03-09-2025 03:34,13.18218565,169.9157113,28.89861963,28.75287848
03-09-2025 03:35,19.68714091,123.6017961,98.01173697,31.52600839
03-09-2025 03:36,20.33739548,112.5589665,50.58446661,63.2197801
03-09-2025 03:37,15.53423136,103.6192123,59.74929145,39.42244501
03-09-2025 03:38,35.87003169,154.042066,77.80898481,41.45263914
03-09-2025 03:39,20.86832805,117.6596935,76.05389653,23.6887772
03-09-2025 03:40,28.80496275,56.87285268,58.5356271,28.72121276
03-09-2025 03:41,29.98741787,99.69061333,97.73955423,77.87387158
03-09-2025 03:42,21.37951471,165.5453422,84.58819677,21.92983285
03-09-2025 03:43,32.47250797,91.50476019,72.57694307,22.8832351
03-09-2025 03:44,30.62574278,73.22735719,38.83672183,64.86691751
03-09-2025 03:45,21.86634883,185.0359627,83.88350991,54.15592246
03-09-2025 03:46,30.70257622,178.7030658,58.37953189,47.77074719
03-09-2025 03:47,21.81736865,177.4071008,80.42394301,63.46615742
03-09-2025 03:48,25.8487254,55.57826581,68.42764368,37.44872478
03-09-2025 03:49,22.30575705,130.9491082,92.98514087,41.23795765
03-09-2025 03:50,25.5704005,100.6646303,92.48573699,31.38593574
03-09-2025 03:51,30.7272681,51.48619869,89.95591519,22.04309927
03-09-2025 03:52,20.26915717,99.50269839,20.6892041,42.87714505
03-09-2025 03:53,25.60971842,82.56143038,65.49367101,38.42637778
03-09-2025 03:54,29.88130899,166.8336048,34.96736973,43.24076284
03-09-2025 03:55,23.78319902,51.56632376,56.59248432,78.12310366
03-09-2025 03:56,33.71510496,74.88766624,12.12604455,43.79871003
03-09-2025 03:57,28.63446258,112.6049814,40.99736552,51.37800656
03-09-2025 03:58,24.95230184,121.2689006,99.12141551,53.05355712
03-09-2025 03:59,13.63422913,64.71735221,98.00863152,50.53810669
03-09-2025 04:00,21.01589289,100.9464041,37.42526635,24.34453923
03-09-2025 04:01,26.90518596,160.0154722,59.04336851,27.51984179
03-09-2025 04:02,27.83330242,90.32273904,75.12367091,40.36183634
03-09-2025 04:03,24.061777,199.3354984,91.13410671,47.42168435
03-09-2025 04:04,27.53293836,68.92234634,47.19371221,67.18142421
03-09-2025 04:05,22.41231816,52.37426576,64.15352218,43.53768512
03-09-2025 04:06,24.28041712,151.0336745,33.92198726,35.92984715
03-09-2025 04:07,30.22813702,131.1438088,69.86047469,37.61893146
03-09-2025 04:08,19.75761171,127.9221495,73.57639725,62.74523574
03-09-2025 04:09,25.39389192,153.4988774,40.3948395,60.13069589
03-09-2025 04:10,13.30867286,122.0254765,31.23037092,48.50336185
03-09-2025 04:11,26.73978743,135.5615762,65.36169161,47.46165435
03-09-2025 04:12,20.26406127,74.02837,21.38298446,45.5052278
03-09-2025 04:13,28.10662723,147.5394319,78.41120777,24.06808813
03-09-2025 04:14,31.85883585,85.69301291,55.29630088,56.87239778
03-09-2025 04:15,26.45309139,54.80781137,63.88977502,20.30565688
03-09-2025 04:16,27.85023235,110.6634156,84.79621239,43.3707084
03-09-2025 04:17,20.35054722,134.8889109,60.53293912,55.41570119
03-09-2025 04:18,26.60219706,77.90381641,72.68666254,29.90901282
03-09-2025 04:19,31.76561897,89.51882913,43.64017055,73.79645357
03-09-2025 04:20,28.18077987,135.5494832,40.16984078,49.27948427
03-09-2025 04:21,23.10088156,152.2987972,33.59173828,51.23331846
03-09-2025 04:22,16.6617308,192.8257402,75.21835973,20.41928039
03-09-2025 04:23,27.88518714,90.71306106,85.9856269,44.32289889
03-09-2025 04:24,16.49569828,125.1278627,79.16610382,24.96032647
03-09-2025 04:25,21.26982621,51.57012832,11.85301162,30.45326099
03-09-2025 04:26,28.15539801,169.9324145,20.14799775,47.93543964
03-09-2025 04:27,22.48741306,79.57716561,37.5912258,27.56349517
03-09-2025 04:28,25.51960288,73.49937464,34.14592903,34.71217758
03-09-2025 04:29,24.71833789,76.78507576,57.75569113,26.87949451
03-09-2025 04:30,29.88068701,130.5621969,53.41077617,22.85313515
03-09-2025 04:31,24.43263343,98.79117181,20.79485921,36.96662846
03-09-2025 04:32,25.2217938,59.08690444,86.8425039,25.89660031
03-09-2025 04:33,34.60703835,83.7573385,50.52647178,20.32155225
03-09-2025 04:34,20.93606852,155.3659794,18.15026819,24.75689685
03-09-2025 04:35,27.30287059,157.6786378,23.63517374,50.57675763
03-09-2025 04:36,20.80016835,92.76395763,48.43283874,76.30888445
03-09-2025 04:37,19.90790321,55.39812552,14.55182717,20.60069532
03-09-2025 04:38,24.61985041,156.8348574,98.62995551,65.32606644
03-09-2025 04:39,19.57562732,124.8358874,75.8624751,48.31078105
03-09-2025 04:40,28.41614354,139.935705,98.75478014,40.25423637
03-09-2025 04:41,25.98865261,78.12094841,66.24138079,21.68147567
03-09-2025 04:42,32.36371782,156.1130449,20.88437852,69.39596893
03-09-2025 04:43,36.48958457,187.5688197,88.5976063,64.12982207
03-09-2025 04:44,36.46175129,189.7423575,44.2669419,34.45549488
03-09-2025 04:45,23.38886593,166.686393,75.96606427,39.97137946
03-09-2025 04:46,22.2542304,99.43426763,46.17023537,24.25016963
03-09-2025 04:47,22.24933559,60.40977513,41.76476357,70.35485426
03-09-2025 04:48,24.5613087,151.9405957,50.70125066,66.24503318
03-09-2025 04:49,30.61915684,124.0352768,59.36909924,60.20836562
03-09-2025 04:50,28.24017365,121.9704626,99.47728348,36.38609826
03-09-2025 04:51,24.90603037,140.3617958,59.33928232,73.04156189
03-09-2025 04:52,26.23362517,67.1405271,65.92282388,78.30353393
03-09-2025 04:53,21.32786639,76.38317624,54.61710552,38.88103559
03-09-2025 04:54,24.17396339,154.006363,64.322021,27.91428115
03-09-2025 04:55,26.30022131,139.3864275,69.98842413,78.96818636
03-09-2025 04:56,33.37789821,110.9251002,62.82817866,41.41544537
03-09-2025 04:57,24.33430367,168.3955203,38.6047592,25.60011251
03-09-2025 04:58,30.42383453,174.3123859,10.77573712,59.03164316
03-09-2025 04:59,22.4493103,54.54180241,49.96678698,67.56256172
03-09-2025 05:00,16.72413362,124.4594582,33.573086,59.72433062
03-09-2025 05:01,22.106165,194.2122863,95.51647876,70.10998816
03-09-2025 05:02,23.08873801,165.2712742,23.13840183,60.09753776
03-09-2025 05:03,28.31001943,110.4293674,27.63922788,73.86864296
03-09-2025 05:04,30.11235339,147.7804949,31.5996405,37.81178533
03-09-2025 05:05,20.47362404,98.82191526,96.65135077,70.76571595
03-09-2025 05:06,32.00761066,186.56668,49.86808286,61.67614737
03-09-2025 05:07,25.65397865,119.8839668,34.46420618,79.05534808
03-09-2025 05:08,28.29638185,164.2039893,16.46507963,44.86268216
03-09-2025 05:09,18.81344066,90.3880251,58.28243652,35.29986663
03-09-2025 05:10,31.54640145,65.42212856,26.09660508,24.69742618
03-09-2025 05:11,36.25818502,98.26839171,56.82359277,31.62813094
03-09-2025 05:12,31.82742996,91.35520598,93.01816742,60.1710964
03-09-2025 05:13,23.79383686,182.1755239,83.46188395,34.07722218
03-09-2025 05:14,29.71747533,175.0598551,97.50224916,35.78902041
03-09-2025 05:15,25.94887663,156.3866839,68.14150243,45.89819301
03-09-2025 05:16,22.44897194,178.8157865,13.75151334,59.44308624
03-09-2025 05:17,24.56390188,112.0465895,22.44933976,43.77493709
03-09-2025 05:18,18.38658271,122.2687911,67.09659294,59.93256645
03-09-2025 05:19,33.12806525,188.8499362,53.28199108,76.32590106
03-09-2025 05:20,19.50786051,98.07363337,76.06094699,59.04131143
03-09-2025 05:21,28.41036383,191.4125648,98.66934034,70.29789144
03-09-2025 05:22,28.8340172,198.3545107,27.91860209,56.45756645
03-09-2025 05:23,26.51405644,56.81388865,86.81372473,77.32476008
03-09-2025 05:24,26.84884687,156.7974914,46.48661653,53.11180999
03-09-2025 05:25,28.73917977,162.4862818,60.50176203,75.0335122
03-09-2025 05:26,26.24077489,137.947715,38.69326545,43.96006777
03-09-2025 05:27,32.499742,167.0250867,48.14914011,43.77193614
03-09-2025 05:28,31.48063369,177.4590624,39.21210638,43.12288765
03-09-2025 05:29,31.04427748,103.3739211,39.13279543,27.84242767
03-09-2025 05:30,20.40292394,120.7042229,50.1275575,26.67987869
03-09-2025 05:31,24.81647812,111.803425,51.17247317,77.90603964
03-09-2025 05:32,26.50767986,78.25523659,32.11435461,51.82013753
03-09-2025 05:33,30.79807705,112.8474963,46.62991773,57.9283676
03-09-2025 05:34,18.33995772,57.59084201,73.31315021,48.6408944
03-09-2025 05:35,32.05235031,86.37309199,14.91959221,69.3502138
03-09-2025 05:36,13.10932135,88.89956077,88.09891956,27.55888948
03-09-2025 05:37,21.50656556,99.68237161,13.5788709,25.83398704
03-09-2025 05:38,19.83363191,116.6954483,18.10856667,78.89784766
03-09-2025 05:39,31.24561206,186.3938969,87.03418858,23.32550565
03-09-2025 05:40,20.69703418,155.9297725,44.46503317,43.35068952
03-09-2025 05:41,26.21992116,139.7968202,95.605166,67.63650206
03-09-2025 05:42,28.31520643,64.6057052,34.21403654,33.92961607
03-09-2025 05:43,26.47990733,55.1681936,93.85817653,74.40279022
03-09-2025 05:44,18.46481877,181.6591584,39.53135743,24.76607978
03-09-2025 05:45,31.85639079,70.39500837,15.11425875,36.62474876
03-09-2025 05:46,29.45087924,87.67011278,33.3837117,72.83225283
03-09-2025 05:47,24.33833763,127.8432853,26.68796945,66.76040207
03-09-2025 05:48,22.87306799,181.3975803,54.78530614,62.43249137
03-09-2025 05:49,26.36623313,66.93885663,50.42408471,58.47318572
03-09-2025 05:50,31.00380038,62.59328938,54.60330953,55.18962138
03-09-2025 05:51,19.67651815,167.1045154,92.0194863,64.1061059
03-09-2025 05:52,27.57951866,169.1222704,33.29706469,65.97666171
03-09-2025 05:53,26.6545128,73.51947777,93.63438254,56.64698782
03-09-2025 05:54,28.17584821,140.2499373,13.08232081,77.06587042
03-09-2025 05:55,15.25722093,79.02791677,78.83054613,55.78107617
03-09-2025 05:56,17.80982703,142.2524886,18.80331192,54.63856068
03-09-2025 05:57,30.12151777,181.2831675,24.13714177,78.75933424
03-09-2025 05:58,26.06012822,76.59610852,38.430497,20.83506456
03-09-2025 05:59,26.1224056,194.0297717,84.1630998,33.15001031
03-09-2025 06:00,23.38530767,138.7674012,75.10144095,70.84434675
03-09-2025 06:01,25.31196952,128.9248115,38.04316736,21.76726092
03-09-2025 06:02,32.65587929,50.13997735,49.47275918,23.95384254
03-09-2025 06:03,23.03210927,175.246189,67.92405676,69.38001693
03-09-2025 06:04,21.31911064,62.6158584,55.22227572,49.24205825
03-09-2025 06:05,19.78176482,78.06620816,28.36577562,22.24188478
03-09-2025 06:06,23.85473971,146.0849429,10.39632974,48.97769582
03-09-2025 06:07,24.14890774,67.43013872,94.14331938,75.48977284
03-09-2025 06:08,24.23740874,64.29566389,21.77856474,45.66400751
03-09-2025 06:09,24.06449672,164.1130859,45.79392227,78.721032
03-09-2025 06:10,28.75645709,117.2386758,35.67527675,58.58104517
03-09-2025 06:11,25.70126691,157.3863329,86.42214069,26.30541185
03-09-2025 06:12,24.93412824,66.4732295,28.39937463,72.74201704
03-09-2025 06:13,25.77837971,127.0553747,62.62396095,27.57432508
03-09-2025 06:14,20.8355032,63.35121534,26.65808119,40.05667543
03-09-2025 06:15,22.67144555,83.02507646,13.81890521,78.6598484
03-09-2025 06:16,21.21744811,105.1825009,32.97943033,46.24148947
03-09-2025 06:17,20.33107219,196.8051975,62.54046605,45.60831829
03-09-2025 06:18,30.51549624,128.1437601,70.82082766,39.27939818
03-09-2025 06:19,22.58164168,57.92591925,33.67556633,65.75481184
03-09-2025 06:20,21.55164866,182.1651958,56.62883472,74.5135689
03-09-2025 06:21,30.38853222,109.3072637,70.95420382,29.93692094
03-09-2025 06:22,20.1510791,130.9724248,75.69854032,45.8650137
03-09-2025 06:23,26.89358029,173.3994009,75.14039449,20.97040409
03-09-2025 06:24,22.85623627,144.3253828,19.7732267,71.21501798
03-09-2025 06:25,29.15017733,100.9744383,32.34229431,54.12597389
03-09-2025 06:26,29.21842086,146.1360438,73.37213116,62.00029916
03-09-2025 06:27,16.29369794,119.340947,48.70240344,47.05327237
03-09-2025 06:28,22.17458667,89.61465451,80.75529495,66.87415651
03-09-2025 06:29,22.9595606,113.0582391,88.31457224,35.93493568
03-09-2025 06:30,27.23635216,184.8258704,51.79346005,57.64284129
03-09-2025 06:31,32.51417035,153.89474,41.03967767,79.61067868
03-09-2025 06:32,29.37659508,148.4687367,14.43849334,60.36256074
03-09-2025 06:33,33.49331833,185.3202866,79.45092266,39.21985617
03-09-2025 06:34,21.73048993,123.6805739,40.97862565,38.85081969
03-09-2025 06:35,26.40222925,173.4453453,80.12849477,22.85944626
03-09-2025 06:36,18.41821909,95.79387422,40.20314604,36.15929736
03-09-2025 06:37,23.74936269,141.3767377,62.04554515,46.49740576
03-09-2025 06:38,23.68842482,61.84248858,65.26176558,58.95768603
03-09-2025 06:39,23.8889199,72.50775009,81.4896104,71.72372767
03-09-2025 06:40,22.27366814,156.2353803,46.16123705,39.40669678
03-09-2025 06:41,27.46701597,64.43122415,14.79222081,44.03083057
03-09-2025 06:42,17.2124901,185.0940197,10.45597205,61.16891234
03-09-2025 06:43,22.77511188,75.5194868,54.30268884,45.9659296
03-09-2025 06:44,27.98606947,60.37932156,64.72036815,58.83101823
03-09-2025 06:45,30.51885326,116.6513263,74.35143895,25.9504495
03-09-2025 06:46,26.21456652,120.2110071,45.70698686,49.95923915
03-09-2025 06:47,18.74221816,129.4483104,57.89095697,26.91016407
03-09-2025 06:48,24.607601,182.4004416,46.59187813,25.76185922
03-09-2025 06:49,16.79733378,68.76436324,69.86226689,77.1172434
03-09-2025 06:50,27.12661653,125.8916729,70.35309584,58.61771779
03-09-2025 06:51,28.37486891,82.04809758,51.04856409,63.39315282
03-09-2025 06:52,24.75456571,88.4786877,37.3803437,35.04716287
03-09-2025 06:53,21.5661429,173.9057765,82.77235714,20.06292026
03-09-2025 06:54,26.34119257,127.2609204,58.21577583,58.58215876
03-09-2025 06:55,34.68275039,64.51557651,41.6297925,73.44482938
03-09-2025 06:56,24.23706269,61.13529232,63.7087185,70.89636143
03-09-2025 06:57,32.93515947,59.09349235,64.85437529,38.50921877
03-09-2025 06:58,32.71424112,129.6496642,75.67903536,46.53108944
03-09-2025 06:59,28.26826355,131.9619588,37.90541609,30.51564733
03-09-2025 07:00,20.10985135,159.9380606,79.2257803,33.0821802
03-09-2025 07:01,22.97249902,172.9339694,47.781255,64.57390644
03-09-2025 07:02,28.319735,64.16289756,81.4389812,71.46281772
03-09-2025 07:03,35.78023198,177.9483808,27.51635,69.2728348
03-09-2025 07:04,17.68978573,198.4098223,52.07596763,72.10129797
03-09-2025 07:05,28.8034333,194.4810764,30.55777351,79.41122481
03-09-2025 07:06,14.23449467,117.7082948,36.21253039,79.84938138
03-09-2025 07:07,18.75291392,89.1318578,54.89755206,42.83717238
03-09-2025 07:08,28.97612774,98.03129096,30.05169813,69.3166045
03-09-2025 07:09,18.4657114,95.69225186,12.9164895,22.06995577
03-09-2025 07:10,37.21515835,76.70662843,13.87842143,77.39279758
03-09-2025 07:11,21.07274399,165.47403,76.47327343,31.34774085
03-09-2025 07:12,21.47045219,159.494169,43.15947454,36.7642145
03-09-2025 07:13,29.03665431,180.5683258,27.41998173,35.71947531
03-09-2025 07:14,33.21681544,126.9960441,77.60964232,59.8285122
03-09-2025 07:15,26.03293237,92.26028318,86.83058243,39.39847347
03-09-2025 07:16,25.2171562,55.23369503,99.96734019,75.18530987
03-09-2025 07:17,23.27702013,170.6898383,96.77315023,43.52951725
03-09-2025 07:18,28.51580113,140.3252022,65.23684791,50.08805669
03-09-2025 07:19,23.28730727,59.19822476,22.60090496,65.18339579
03-09-2025 07:20,24.14245495,183.7937538,32.65840105,71.02532849
03-09-2025 07:21,26.56809407,94.95432145,18.8802533,48.56932554
03-09-2025 07:22,26.0762699,169.4849938,18.69050758,31.95863909
03-09-2025 07:23,23.07640491,161.9031356,37.31154594,28.90607396
03-09-2025 07:24,27.1889519,115.9268908,60.40348894,74.50224492
03-09-2025 07:25,32.02039952,57.28835815,96.75198872,39.47157605
03-09-2025 07:26,30.14683575,135.0059596,68.74070088,24.98943387
03-09-2025 07:27,23.21107987,141.065099,18.13475998,79.61506961
03-09-2025 07:28,18.84927948,60.01513491,50.18800547,70.20099073
03-09-2025 07:29,32.42951486,107.97274,46.56540568,48.19299614
03-09-2025 07:30,26.08070612,94.11792807,32.72524618,71.98633911
03-09-2025 07:31,26.2671604,138.1770015,49.04344386,74.10106041
03-09-2025 07:32,25.63571418,92.20944569,51.46784002,33.43876307
03-09-2025 07:33,25.81507873,69.73393387,29.49442972,56.27178667
03-09-2025 07:34,24.84950164,59.41839264,91.95710313,68.03105415
03-09-2025 07:35,24.32909844,72.48338963,98.8741859,75.70412484
03-09-2025 07:36,31.24166955,70.32750884,29.75754557,78.27677201
03-09-2025 07:37,24.25882531,153.9405394,44.03019927,67.92121354
03-09-2025 07:38,17.79019502,165.2573707,34.96944017,56.50860151
03-09-2025 07:39,22.89709836,159.4252503,75.00824665,44.09803102
03-09-2025 07:40,27.3149558,121.7364931,32.91985763,57.1211217
03-09-2025 07:41,22.49521933,131.0460382,38.37934686,67.42079329
03-09-2025 07:42,27.80394292,190.6410467,19.29995536,24.6487744
03-09-2025 07:43,31.82324702,124.997671,89.57244959,58.85224563
03-09-2025 07:44,18.84720988,159.7483058,84.16206078,51.64176604
03-09-2025 07:45,28.31944941,78.60416728,65.00280773,61.15942647
03-09-2025 07:46,20.05733407,146.2714835,41.88955641,64.68995759
03-09-2025 07:47,25.85922687,145.0423525,16.80568698,43.71337305
03-09-2025 07:48,31.11917235,176.6773759,38.4244026,62.13401371
03-09-2025 07:49,19.70651914,83.64452675,32.6349589,31.26949399
03-09-2025 07:50,15.42725894,71.71610911,93.68468706,36.25234504
03-09-2025 07:51,29.96208467,87.73197845,85.71566446,46.55473955
03-09-2025 07:52,26.28503643,111.5491663,86.18682442,57.35027491
03-09-2025 07:53,19.6634948,166.6043906,59.74222982,65.13972728
03-09-2025 07:54,21.19700011,79.83462288,80.42933334,58.55407602
03-09-2025 07:55,32.33563686,167.1162655,58.32395296,75.11924325
03-09-2025 07:56,26.76190535,156.4630586,58.29041597,26.72318789
03-09-2025 07:57,35.48917636,180.341994,25.60168872,36.82705835
03-09-2025 07:58,17.01845523,123.1374862,61.3590412,75.46999394
03-09-2025 07:59,18.00607263,100.1185276,81.7720317,43.11257168
03-09-2025 08:00,26.58918883,132.9526561,97.80459102,23.25103283
03-09-2025 08:01,31.04395127,102.299239,52.3551433,20.97063495
03-09-2025 08:02,22.97692738,53.82129319,47.196855,69.16091327
03-09-2025 08:03,24.32647945,55.49940395,33.52483511,48.48880736
03-09-2025 08:04,30.2937845,103.2707528,60.62970235,58.65028534
03-09-2025 08:05,16.24320209,145.0643343,70.0781413,67.83127908
03-09-2025 08:06,17.93535547,134.9674627,61.0177771,64.36603291
03-09-2025 08:07,30.13679101,99.55653675,22.7791006,54.10793393
03-09-2025 08:08,29.98941807,107.7495942,90.49287901,37.03195866
03-09-2025 08:09,23.85784136,78.20038048,55.23357312,68.04628926
03-09-2025 08:10,21.51107578,54.11704768,84.06740665,23.63843022
03-09-2025 08:11,23.15748476,100.4305303,19.46293347,74.30754151
03-09-2025 08:12,18.6598524,155.878768,25.55912889,74.61689493
03-09-2025 08:13,20.14781048,155.9353101,30.10389804,43.46441358
03-09-2025 08:14,34.60931482,103.5240246,22.1992844,25.79477699
03-09-2025 08:15,19.25861595,183.2561356,29.59963651,34.42132907
03-09-2025 08:16,26.91346419,158.7372259,10.82113586,66.16974464
03-09-2025 08:17,23.9957372,150.4888336,14.6777071,22.65113755
03-09-2025 08:18,29.0101934,172.4196775,82.14609951,78.99793892
03-09-2025 08:19,23.42145943,165.3173827,24.97472208,69.98970341
03-09-2025 08:20,26.98112889,100.9090089,65.43667692,45.10317665
03-09-2025 08:21,21.82711687,166.7883808,98.41230581,56.00711753
03-09-2025 08:22,24.66696311,66.26740371,59.31358454,67.78652864
03-09-2025 08:23,33.16345728,122.2133397,52.66261273,66.0060592
03-09-2025 08:24,21.80219424,141.4636396,46.10580697,58.22735608
03-09-2025 08:25,25.98543618,178.844997,89.23517254,33.27813445
03-09-2025 08:26,26.77887485,153.758463,83.15174879,63.69651849
03-09-2025 08:27,29.32560036,178.6380229,61.87350803,49.94654084
03-09-2025 08:28,26.03770975,118.0899696,71.33974447,50.62847433
03-09-2025 08:29,27.27720144,75.55333602,34.29826274,63.9400902
03-09-2025 08:30,23.4892534,167.6428633,51.0084375,45.47499381
03-09-2025 08:31,24.92715771,102.1317974,28.70570442,26.98547843
03-09-2025 08:32,17.41143761,67.93596376,53.57124254,28.66475554
03-09-2025 08:33,20.22519061,51.16056795,22.39727031,56.83935544
03-09-2025 08:34,23.24484928,113.9368892,49.42362493,71.9822799
03-09-2025 08:35,21.22312548,61.57387724,38.56714621,20.44186662
03-09-2025 08:36,24.90921916,127.9798239,59.00443577,44.04741133
03-09-2025 08:37,29.9084975,156.4244874,70.30812232,44.48295777
03-09-2025 08:38,18.89608665,59.49076476,44.58900062,44.0231544
03-09-2025 08:39,18.15598478,56.19935348,31.21072656,35.76012811
03-09-2025 08:40,23.62045023,175.1975536,48.19980793,24.7610597
03-09-2025 08:41,25.03070672,137.5103676,15.67924814,77.22088733
03-09-2025 08:42,29.92390876,194.3479679,99.96171042,37.36895768
03-09-2025 08:43,23.42302692,127.766803,14.13995569,30.79797533
03-09-2025 08:44,26.70366042,174.1731769,84.16677931,67.9676201
03-09-2025 08:45,27.1566717,100.0481223,73.12686982,38.58670564
03-09-2025 08:46,25.11543127,133.1739002,40.99610604,42.78255753
03-09-2025 08:47,24.55852544,53.61982623,70.54397612,46.81257397
03-09-2025 08:48,23.44815728,165.2550921,71.36836045,41.9470264
03-09-2025 08:49,18.52582375,169.2014953,90.78504318,36.44210232
03-09-2025 08:50,19.07868872,85.84450238,63.6873471,39.65353535
03-09-2025 08:51,28.67817797,77.86142851,91.98934947,34.54934555
03-09-2025 08:52,24.50281596,141.4041836,87.40746095,26.65342638
03-09-2025 08:53,16.84649785,140.4690082,89.0112471,40.97759464
03-09-2025 08:54,26.43961245,161.2045749,56.63230918,20.93364903
03-09-2025 08:55,21.60337021,101.5662165,26.89778382,60.83442324
03-09-2025 08:56,15.27269525,112.5015445,82.1091196,29.86225165
03-09-2025 08:57,23.33594499,143.3006091,29.18584049,74.51609077
03-09-2025 08:58,20.08143347,138.761333,16.51244321,60.57491339
03-09-2025 08:59,29.87577344,160.2320135,38.26049659,28.63939332
03-09-2025 09:00,22.09477529,76.45203485,49.60427752,26.13471267
03-09-2025 09:01,20.76153243,162.3232847,68.57862898,49.60190694
03-09-2025 09:02,24.34131548,131.9978155,29.13823631,48.19426523
03-09-2025 09:03,24.67526241,91.34222509,65.71499507,76.73138722
03-09-2025 09:04,26.51208654,99.02484445,45.82765699,23.92390439
03-09-2025 09:05,21.12444187,77.67779357,98.42434726,50.39739647
03-09-2025 09:06,30.06171833,134.4826968,85.07638599,67.08392707
03-09-2025 09:07,16.69163034,59.79891994,72.248372,65.05569137
03-09-2025 09:08,30.97326473,91.8590517,99.75810699,25.91837824
03-09-2025 09:09,21.98775595,112.727721,38.6180017,67.63195786
03-09-2025 09:10,24.37293293,77.79676491,81.95480793,20.42639672
03-09-2025 09:11,25.51585881,78.70645973,76.60387889,76.68272185
03-09-2025 09:12,27.99743622,172.4476765,48.57110471,31.78279496
03-09-2025 09:13,21.88471256,102.8096284,70.04935702,54.58530333
03-09-2025 09:14,28.27876257,90.85017746,16.10564562,25.06534086
03-09-2025 09:15,28.13851017,96.315516,98.26421093,43.92838001
03-09-2025 09:16,28.61034138,52.20842856,61.98533325,78.10116187
03-09-2025 09:17,26.05248054,169.7566857,86.53378027,26.82492277
03-09-2025 09:18,20.92595994,120.6637076,96.952571,63.06306416
03-09-2025 09:19,28.97053479,129.3589901,58.95730188,76.63149823
03-09-2025 09:20,26.19440382,182.5674726,83.83442545,78.67551072
03-09-2025 09:21,29.74886209,165.4932046,85.99986388,36.58645892
03-09-2025 09:22,20.88530339,61.43105727,98.07363164,77.675603
03-09-2025 09:23,25.77682675,185.3252814,41.84167395,57.3375119
03-09-2025 09:24,21.17532593,55.38095078,68.11504003,42.74481613
03-09-2025 09:25,24.3028925,113.7913731,51.1357539,34.57299106
03-09-2025 09:26,22.10877681,73.03191417,84.1277145,23.93449366
03-09-2025 09:27,22.81996199,150.9893101,71.09555277,60.83152693
03-09-2025 09:28,15.53576588,150.6007963,70.2429732,53.43459555
03-09-2025 09:29,27.67241583,102.8653241,22.65470333,74.19071789
03-09-2025 09:30,32.46023712,135.7792,62.16793237,34.01916398
03-09-2025 09:31,18.63429507,119.617346,49.33715424,46.41256994
03-09-2025 09:32,31.08923341,157.9968759,93.31660014,45.885679
03-09-2025 09:33,22.64502616,80.93537689,95.393557,23.97236002
03-09-2025 09:34,29.03072686,103.44018,46.77916383,31.07590206
03-09-2025 09:35,22.75407595,100.9075532,15.44535624,55.65857798
03-09-2025 09:36,23.66442041,191.3923767,96.62839671,41.34190694
03-09-2025 09:37,26.61950536,164.4865177,49.19773269,38.4171467
03-09-2025 09:38,23.63447055,65.14622051,37.50977428,58.80453206
03-09-2025 09:39,21.54707704,165.0257813,58.37005786,40.09419256
03-09-2025 09:40,24.21188509,175.6529267,82.96752853,48.25369803
03-09-2025 09:41,28.78124203,123.3724866,48.0151474,58.15760692
03-09-2025 09:42,23.50331275,52.92347351,16.05032708,39.20677331
03-09-2025 09:43,10.49279187,136.9537658,99.26148092,55.41173194
03-09-2025 09:44,17.45910995,154.1883735,54.2693118,20.07448128
03-09-2025 09:45,25.16201388,189.6837333,30.55788688,57.15178202
03-09-2025 09:46,27.70734182,124.8017909,69.60805413,53.98710183
03-09-2025 09:47,23.66371878,118.9122054,34.87569126,63.74838136
03-09-2025 09:48,26.0598953,184.9337391,33.38436758,21.42789483
03-09-2025 09:49,22.73997879,158.4499244,14.04448961,21.45332982
03-09-2025 09:50,26.59819842,170.2282287,98.72391631,54.9148616
03-09-2025 09:51,18.56230971,58.63561574,38.05445974,22.84480451
03-09-2025 09:52,18.64714219,161.7225374,23.76131091,43.2634745
03-09-2025 09:53,24.24273681,121.1626259,65.32769035,75.60914647
03-09-2025 09:54,26.46143067,159.1677491,38.93193009,59.0481043
03-09-2025 09:55,23.65176423,150.3367248,28.62285615,37.76761273
03-09-2025 09:56,30.50968503,177.6975102,10.25400116,75.67125471
03-09-2025 09:57,29.36184692,145.4024473,25.10367787,65.72483821
03-09-2025 09:58,24.50704934,179.8947871,24.94348548,68.60413514
03-09-2025 09:59,35.90797585,145.367411,88.67427288,39.78923926
03-09-2025 10:00,24.48163173,127.0508668,15.10880677,39.49483615
03-09-2025 10:01,23.71347261,98.76383791,97.29800241,58.71924441
03-09-2025 10:02,35.18621687,174.1142459,34.51271218,40.54043833
03-09-2025 10:03,38.09592532,106.121464,29.5847662,74.87320361
03-09-2025 10:04,18.85901547,135.118192,88.24065631,34.76007115
03-09-2025 10:05,26.85227471,74.64988199,61.72475593,29.10601804
03-09-2025 10:06,25.15748033,67.86257423,16.95570968,25.10952684
03-09-2025 10:07,30.89960249,184.0859531,35.36042563,37.88472386
03-09-2025 10:08,24.99670542,82.89738755,80.18569027,22.71954074
03-09-2025 10:09,24.78578307,67.70751138,78.6689808,43.7627658
03-09-2025 10:10,35.53477952,110.2344024,10.2268812,42.79652998
03-09-2025 10:11,23.54217183,194.7544721,45.65817253,39.63072346
03-09-2025 10:12,31.87206138,134.6295371,97.13551355,52.63402631
03-09-2025 10:13,21.51497545,75.55692658,67.68793059,76.79241949
03-09-2025 10:14,32.25486183,98.63775827,80.30268972,45.74243812
03-09-2025 10:15,12.79499326,162.9379817,83.79177331,43.7925147
03-09-2025 10:16,31.20988978,55.5258909,24.86623618,46.3358272
03-09-2025 10:17,20.13769159,199.6373775,45.60094002,59.50251405
03-09-2025 10:18,27.92642901,183.210809,52.21736612,24.69496334
03-09-2025 10:19,38.515143,76.55206406,56.26442757,35.24681869
03-09-2025 10:20,29.07708964,168.3893407,49.66821851,26.2991867
03-09-2025 10:21,34.83524928,96.28615621,81.0008409,20.30636327
03-09-2025 10:22,28.2010583,57.67433773,58.97579212,54.29684052
03-09-2025 10:23,27.87221596,60.65285676,35.91614491,77.82409579
03-09-2025 10:24,32.09047015,124.5864481,85.59563291,20.53030578
03-09-2025 10:25,29.15508087,176.4528003,44.43613905,43.41906535
03-09-2025 10:26,28.07615072,87.81627363,91.23228646,42.65299703
03-09-2025 10:27,20.17988508,158.1487206,87.55737901,69.9605356
03-09-2025 10:28,26.33057888,170.4750095,98.78232775,52.721594
03-09-2025 10:29,13.62026687,77.53609064,52.16879979,35.38089585
03-09-2025 10:30,12.07765392,103.9858262,10.78206297,70.75510658
03-09-2025 10:31,20.7712035,62.46930112,85.79461126,78.19380359
03-09-2025 10:32,21.2388634,141.8362533,94.53723254,79.27960778
03-09-2025 10:33,35.66060957,74.77925596,77.53959689,64.99758071
03-09-2025 10:34,21.78581311,62.32498049,77.75850206,43.53330456
03-09-2025 10:35,25.38632456,120.05348,23.12064657,55.53102724
03-09-2025 10:36,27.76635582,191.7867866,15.06283551,69.72547921
03-09-2025 10:37,27.07930586,66.31320425,38.29549199,24.59441899
03-09-2025 10:38,21.07127639,180.0375624,77.82293774,28.29847431
03-09-2025 10:39,31.94740031,108.0048652,69.14433236,73.9591134
03-09-2025 10:40,42.14507803,113.6261193,66.56829138,53.89677526
03-09-2025 10:41,17.98947443,156.7482097,48.20424545,65.16317111
03-09-2025 10:42,25.32879321,109.8339805,85.92632609,37.95900946
03-09-2025 10:43,24.43190949,135.1837481,72.68872666,78.99090596
03-09-2025 10:44,25.6483334,60.6354283,44.86036441,26.99102119
03-09-2025 10:45,28.42400645,176.8318565,25.93595664,66.34680846
03-09-2025 10:46,25.21499899,167.5120172,39.19099537,61.38556749
03-09-2025 10:47,24.19275268,155.7850699,38.23787939,44.74401551
03-09-2025 10:48,26.89290016,156.80843,21.98875386,56.74005755
03-09-2025 10:49,24.24295217,168.8988978,95.13263977,54.20958395
03-09-2025 10:50,25.05688294,190.1284517,44.76138776,28.00404907
03-09-2025 10:51,23.4668531,148.233823,94.73623235,50.23118911
03-09-2025 10:52,25.02606029,74.71716155,74.15558781,41.74874406
03-09-2025 10:53,27.37686577,104.2033684,66.40538377,48.16808768
03-09-2025 10:54,25.7764126,182.6263577,91.11768011,61.36902012
03-09-2025 10:55,25.8407204,91.12000391,37.69610756,65.89755346
03-09-2025 10:56,26.22056646,80.35332116,31.57441982,24.06274431
03-09-2025 10:57,16.07530513,89.30846472,34.86985508,23.11662014
03-09-2025 10:58,17.80629324,194.5393463,69.20052316,68.92666191
03-09-2025 10:59,22.82819457,67.74585772,62.14425251,27.60050769
03-09-2025 11:00,28.06491727,155.0912291,16.27284944,57.76822981
03-09-2025 11:01,29.6673305,182.566346,25.69870828,32.19133763
03-09-2025 11:02,21.76902521,129.3415792,37.70103154,37.344282
03-09-2025 11:03,28.95085461,171.0001365,22.72124444,68.84205025
03-09-2025 11:04,26.04943895,114.0905865,62.87418837,66.45445566
03-09-2025 11:05,25.48763725,64.68742983,40.38237216,21.70253184
03-09-2025 11:06,22.82432759,140.6939896,90.98585013,29.1662137
03-09-2025 11:07,23.89598947,162.1159467,42.58634441,43.06155335
03-09-2025 11:08,24.58734322,176.524246,24.88169861,75.2767903
03-09-2025 11:09,28.29920597,81.89732453,36.72530369,61.57780341
03-09-2025 11:10,19.90847541,96.02397821,62.94441433,43.46370441
03-09-2025 11:11,22.19834909,63.42352219,43.08019913,64.27818381
03-09-2025 11:12,19.66627529,125.4740257,21.4339395,76.35130585
03-09-2025 11:13,24.15893132,90.14226513,73.28747858,24.73681242
03-09-2025 11:14,31.90943202,99.1345715,43.0592334,58.78119501
03-09-2025 11:15,20.41593678,140.9512414,76.37228351,55.9619712
03-09-2025 11:16,20.99534466,192.5020204,52.86774125,53.11498157
03-09-2025 11:17,34.95335717,152.912221,59.76290017,25.82421439
03-09-2025 11:18,25.58570623,123.1677002,63.26139238,45.49792319
03-09-2025 11:19,15.78264209,115.1454392,50.42031577,52.91915209
03-09-2025 11:20,32.31925577,139.17342,46.35339156,39.31191704
03-09-2025 11:21,29.53788846,102.0933117,92.03182689,57.08416422
03-09-2025 11:22,13.28018745,79.3385847,21.46691776,49.17763752
03-09-2025 11:23,26.43746299,133.0821517,25.46881521,47.96155813
03-09-2025 11:24,26.58660191,198.8601946,44.25302008,62.22369647
03-09-2025 11:25,34.32287716,189.4185453,39.00871764,76.61148344
03-09-2025 11:26,31.09500647,130.9949311,10.28297853,60.63751606
03-09-2025 11:27,23.97062035,178.983877,49.18469482,63.2898642
03-09-2025 11:28,33.29148801,112.3640204,26.5748997,35.38026261
03-09-2025 11:29,20.31874175,133.6965127,69.22971436,68.47144591
03-09-2025 11:30,19.20126423,171.9797332,91.553603,33.04117067
03-09-2025 11:31,28.39644945,80.51919553,76.32550075,35.9458501
03-09-2025 11:32,25.34872652,105.8926548,42.64055498,41.16185883
03-09-2025 11:33,28.88336723,113.5060827,68.36411439,54.48095021
03-09-2025 11:34,17.81647207,138.3385077,64.73801969,37.54416423
03-09-2025 11:35,16.74063338,197.1171123,68.73919067,62.93663689
03-09-2025 11:36,23.45768156,134.5926436,19.70693011,52.08296031
03-09-2025 11:37,22.94128152,77.98600414,67.05467377,70.65852743
03-09-2025 11:38,20.46257306,164.5018497,73.95981714,33.03263832
03-09-2025 11:39,31.25676219,135.3310719,32.65727711,52.64831106
03-09-2025 11:40,20.71708395,196.4907428,20.14988119,27.75718698
03-09-2025 11:41,27.0899015,135.8221228,52.24444509,65.23453088
03-09-2025 11:42,19.95262493,128.8010253,55.7108015,73.15890097
03-09-2025 11:43,23.43090178,151.2541671,94.6897765,47.58973485
03-09-2025 11:44,19.40155569,73.76992626,42.8613937,53.00238222
03-09-2025 11:45,23.60063664,162.132719,92.21331716,67.35796226
03-09-2025 11:46,23.61538814,54.56363509,75.63051894,39.78902853
03-09-2025 11:47,33.36186939,64.26847002,31.14947417,56.9416033
03-09-2025 11:48,22.87204292,88.84198545,49.39802469,42.41612161
03-09-2025 11:49,30.13486357,153.8655914,94.91762198,74.90736858
03-09-2025 11:50,19.8542932,138.0235163,13.92513165,50.4629746
03-09-2025 11:51,20.64685361,183.0118725,68.31309814,21.51556555
03-09-2025 11:52,21.39030832,158.9384639,27.2278177,21.14958516
03-09-2025 11:53,15.14300175,198.6468919,25.9636779,23.86269071
03-09-2025 11:54,21.91875149,170.8212359,57.91641799,52.16898308
03-09-2025 11:55,27.17771043,187.5537568,19.23731992,53.66829488
03-09-2025 11:56,32.72017647,138.2385756,31.36705304,35.01063097
03-09-2025 11:57,30.97009979,185.4473922,84.85220238,47.93345016
03-09-2025 11:58,29.5804397,84.51141664,28.04303916,52.49267076
03-09-2025 11:59,31.77536732,108.1038421,22.02924529,69.9080084
03-09-2025 12:00,25.26996212,102.9309832,80.65701638,29.75663461
03-09-2025 12:01,23.83951924,174.7442937,20.21769318,55.35043517
03-09-2025 12:02,21.47303737,172.3415835,67.1799979,44.82669103
03-09-2025 12:03,26.82736233,140.4938335,56.78597841,36.23159593
03-09-2025 12:04,18.6537333,51.1661886,99.64049081,69.86564348
03-09-2025 12:05,16.47357124,195.2567854,55.93068008,48.49124635
03-09-2025 12:06,24.03642447,155.0508295,87.0790711,35.52693325
03-09-2025 12:07,24.5740887,117.6632198,70.95803517,44.60065062
03-09-2025 12:08,23.85867377,126.381686,34.09795893,49.31713002
03-09-2025 12:09,21.66505416,58.05350939,18.23624661,65.36105184
03-09-2025 12:10,20.79323561,144.5374935,99.07437385,53.71004891
03-09-2025 12:11,29.73953587,102.9289409,97.80308578,42.54059411
03-09-2025 12:12,26.55703387,133.0934022,31.61182342,61.87461275
03-09-2025 12:13,21.55734344,178.4070398,34.65209775,30.16564191
03-09-2025 12:14,20.5086125,157.7763652,50.36839934,30.68563007
03-09-2025 12:15,40.49415004,154.8616091,56.45993895,28.37527888
03-09-2025 12:16,19.37696038,133.7867089,93.43756714,33.90314205
03-09-2025 12:17,29.49737239,66.68695213,20.30866635,48.16553052
03-09-2025 12:18,24.18853078,54.50319459,83.31027557,65.72582012
03-09-2025 12:19,35.204751,95.1312058,25.97578132,58.45700318
03-09-2025 12:20,29.16091262,153.8628272,36.17695307,53.83855775
03-09-2025 12:21,22.40002111,102.6863113,88.66153398,29.70914006
03-09-2025 12:22,32.06909813,186.5249136,15.47966462,49.5680201
03-09-2025 12:23,27.2988619,160.7473771,56.41341798,60.20938869
03-09-2025 12:24,23.47191427,135.3494061,90.95933544,64.08325508
03-09-2025 12:25,18.99829007,91.8415603,38.95876785,79.83444353
03-09-2025 12:26,32.13727434,133.3893411,43.70118868,72.20795742
03-09-2025 12:27,21.27708668,179.3242497,81.06981312,29.29454287
03-09-2025 12:28,34.86706509,185.6826617,99.48827011,63.09540119
03-09-2025 12:29,25.78366125,163.4005659,33.0376087,33.60591647
03-09-2025 12:30,21.07635552,113.3701888,45.81494177,73.07550008
03-09-2025 12:31,24.85480825,167.2639996,20.99143648,46.35771119
03-09-2025 12:32,32.8323265,191.7042021,19.13736612,43.43174147
03-09-2025 12:33,19.49937155,191.0551195,88.21497464,26.3907545
03-09-2025 12:34,24.83334287,142.1241313,41.72323667,71.70399105
03-09-2025 12:35,28.17776181,101.0336801,63.54481137,33.97151417
03-09-2025 12:36,36.7500642,150.071922,31.07180841,73.00834664
03-09-2025 12:37,21.52596705,72.83079897,36.50614539,60.50935699
03-09-2025 12:38,25.99921965,169.5369275,10.83789376,75.99670172
03-09-2025 12:39,26.40059653,55.77147875,62.50097993,63.06190964
03-09-2025 12:40,21.80527001,189.357009,80.01201234,67.5254987
03-09-2025 12:41,28.03396635,102.0049976,50.32288891,27.39848525
03-09-2025 12:42,26.75158937,125.16836,23.06210221,25.20884006
03-09-2025 12:43,30.23888354,175.7574793,18.13324248,40.10831021
03-09-2025 12:44,34.15729722,124.5387662,81.0121296,47.1523474
03-09-2025 12:45,28.87348667,107.1102555,94.17337767,31.20083524
03-09-2025 12:46,21.82180719,110.2471084,32.17752289,25.01877439
03-09-2025 12:47,22.81342674,153.2786705,79.18596513,58.05832607
03-09-2025 12:48,21.49345238,96.75243138,42.34927985,56.65737889
03-09-2025 12:49,14.74233165,162.4903702,36.36646871,43.83391722
03-09-2025 12:50,22.92727963,165.8756402,23.01648058,24.78079953
03-09-2025 12:51,32.54467376,103.1860166,81.46232105,69.81300693
03-09-2025 12:52,13.61261477,56.461747,12.42037646,43.42260329
03-09-2025 12:53,14.84880279,85.82085262,39.42266123,66.79872764
03-09-2025 12:54,19.39187598,63.23351398,73.53423345,54.02605508
03-09-2025 12:55,18.68758754,71.47263908,68.98917722,20.36674612
03-09-2025 12:56,24.489731,164.9710857,10.75329023,78.26347908
03-09-2025 12:57,31.8120144,191.1895732,34.70793514,58.82336793
03-09-2025 12:58,27.68333945,180.7360371,16.22828311,60.86113523
03-09-2025 12:59,26.25786315,158.7055159,59.32439279,32.0553801
03-09-2025 13:00,35.94240266,182.710729,29.86854793,37.75192938
03-09-2025 13:01,21.78132128,177.5543516,16.39498391,53.7525213
03-09-2025 13:02,26.68927279,192.1258226,72.3258696,64.6343229
03-09-2025 13:03,26.44796474,67.73820897,40.83782098,53.5584328
03-09-2025 13:04,23.85468122,193.8014354,51.34182979,29.3302717
03-09-2025 13:05,26.14209301,131.3866174,85.4577504,40.2308479
03-09-2025 13:06,23.8672765,71.27279085,59.45237256,73.4197251
03-09-2025 13:07,35.41881391,113.5744778,64.13860241,60.05200285
03-09-2025 13:08,26.68968217,63.47919926,32.89730272,20.39472485
03-09-2025 13:09,26.51315264,101.2679929,31.48740595,45.67491567
03-09-2025 13:10,28.59093712,146.131757,39.13212934,32.65293751
03-09-2025 13:11,26.17165879,114.9678078,53.63371112,34.32444694
03-09-2025 13:12,24.6854564,72.21397026,98.07590127,64.2248938
03-09-2025 13:13,21.97582152,142.0469748,99.48818297,64.51712009
03-09-2025 13:14,29.29766392,113.1743978,29.51296043,30.11343528
03-09-2025 13:15,27.4119659,192.8661816,80.7121321,50.0298031
03-09-2025 13:16,28.42730442,98.50593931,36.30681123,62.03595691
03-09-2025 13:17,30.10635134,123.4179656,70.40587586,72.97330378
03-09-2025 13:18,24.75761438,136.3425126,61.26481025,38.09304382
03-09-2025 13:19,31.7695244,138.9823832,89.95581421,65.28010854
03-09-2025 13:20,32.44970114,191.2835567,75.99890409,20.90722589
03-09-2025 13:21,19.05500037,135.6931825,78.47061048,55.46316526
03-09-2025 13:22,25.31966038,96.55131229,46.01553604,58.40284239
03-09-2025 13:23,26.08270863,144.6606593,92.33061118,46.43963837
03-09-2025 13:24,26.99711363,149.8660087,42.64005388,69.57601813
03-09-2025 13:25,24.33644686,148.4103556,57.75747867,59.31861229
03-09-2025 13:26,20.89838139,100.8849587,71.15816407,56.74450454
03-09-2025 13:27,30.91308797,187.0812394,18.8071001,66.31164476
03-09-2025 13:28,29.97363426,137.5571082,98.94660052,49.22153489
03-09-2025 13:29,27.44571774,58.16985205,35.96360081,37.78219682
03-09-2025 13:30,36.98042928,89.0767438,57.60719827,46.04578957
03-09-2025 13:31,23.48055282,95.06356803,77.10914463,66.95293144
03-09-2025 13:32,31.91406144,168.1812282,82.47993118,32.24032145
03-09-2025 13:33,22.59032261,63.24824549,23.16828677,61.47377947
03-09-2025 13:34,26.17834723,161.5172805,86.02097952,31.7964125
03-09-2025 13:35,25.12271958,100.8730169,59.7074437,25.27281636
03-09-2025 13:36,23.57144835,140.5192159,79.41898387,25.14716365
03-09-2025 13:37,26.26294773,175.2333044,17.36180231,39.38410854
03-09-2025 13:38,21.6875687,121.8617006,89.90792229,45.98241001
03-09-2025 13:39,30.15901558,185.8449325,13.07992155,56.59153528
03-09-2025 13:40,25.93001667,104.2499002,11.19821124,21.46751136
03-09-2025 13:41,21.9560157,67.70312637,30.8687148,49.81397909
03-09-2025 13:42,26.34760059,171.1469888,35.29936623,53.48249556
03-09-2025 13:43,22.38637307,99.04431091,21.70712002,67.86209002
03-09-2025 13:44,30.23938729,181.3245723,64.60528348,67.94020781
03-09-2025 13:45,22.91081428,186.2031303,14.3823479,60.30852105
03-09-2025 13:46,23.9580612,194.3950931,44.38012783,52.92589849
03-09-2025 13:47,30.89613078,104.1962144,66.36825745,26.54260124
03-09-2025 13:48,31.84122619,122.2901723,45.25668983,34.84952108
03-09-2025 13:49,24.33768868,64.03076153,37.85050487,26.09896655
03-09-2025 13:50,21.45848433,88.09984844,60.07817482,60.48255285
03-09-2025 13:51,23.98524729,149.0298493,29.20947202,26.6539061
03-09-2025 13:52,27.07109036,111.4385387,92.57826913,67.08377774
03-09-2025 13:53,26.22915159,185.4431547,34.211606,75.76733278
03-09-2025 13:54,16.6420546,163.5802056,65.17832011,26.63898016
03-09-2025 13:55,31.26042451,145.9467566,84.06831098,71.12723075
03-09-2025 13:56,22.44208622,94.3396709,30.69758296,56.26483528
03-09-2025 13:57,22.6502201,97.56887203,82.83443192,30.41112014
03-09-2025 13:58,24.7199593,188.9621035,49.71863309,66.83129965
03-09-2025 13:59,29.42036456,102.3174198,70.00813341,50.49799398
03-09-2025 14:00,19.67344474,86.88221799,33.63114351,42.72001393
03-09-2025 14:01,26.96061099,91.51346819,16.85103404,39.75124029
03-09-2025 14:02,20.65435587,91.03817546,18.388073,72.41181465
03-09-2025 14:03,23.57719156,166.1411754,78.73027046,41.58905453
03-09-2025 14:04,25.30643873,148.959987,55.83161189,54.19764488
03-09-2025 14:05,23.44301463,188.9513466,55.04885854,42.16835478
03-09-2025 14:06,23.23955132,85.86746647,74.61673878,25.15700167
03-09-2025 14:07,25.73698351,100.5534509,30.83326868,34.5796307
03-09-2025 14:08,27.9844294,170.4423636,84.92935009,37.27708386
03-09-2025 14:09,27.15762954,109.9393147,60.36233977,43.82815459
03-09-2025 14:10,26.0116739,109.0413706,27.18990834,61.25015436
03-09-2025 14:11,16.01263514,135.8202365,15.82563611,45.59184461
03-09-2025 14:12,29.89709127,158.9118239,94.10882778,37.47690688
03-09-2025 14:13,24.37127783,106.5718037,33.59507406,36.39162404
03-09-2025 14:14,16.9510825,135.8660173,48.37550877,62.72589676
03-09-2025 14:15,20.83514265,170.5933104,88.44843743,27.47573839
03-09-2025 14:16,26.41992578,119.2788404,65.85805904,73.86103223
03-09-2025 14:17,19.1770036,74.54490321,92.89111135,40.15826436
03-09-2025 14:18,22.55924605,79.61953004,17.41355488,54.10212384
03-09-2025 14:19,24.60607288,66.35095424,44.48334164,37.33088668
03-09-2025 14:20,29.06774309,87.32743632,98.3441216,43.76904368
03-09-2025 14:21,23.02165067,135.7319017,75.20891949,69.49233097
03-09-2025 14:22,35.19372009,62.8411175,96.97152925,27.33108918
03-09-2025 14:23,15.78348911,196.5882726,21.89504939,79.31900084
03-09-2025 14:24,25.25217444,84.13839522,78.84837241,39.58461838
03-09-2025 14:25,21.92549223,177.1833838,87.62499824,41.58636129
03-09-2025 14:26,23.13786814,129.1322816,73.0512671,47.08058494
03-09-2025 14:27,29.96493351,108.6347268,13.30666442,35.12751918
03-09-2025 14:28,24.56126045,98.06160148,12.53394795,48.4349479
03-09-2025 14:29,24.46795318,71.12771854,37.65737092,65.10973937
03-09-2025 14:30,20.48702849,178.5303728,29.12880097,53.59663634
03-09-2025 14:31,22.58468978,181.0214942,79.16002132,27.72739219
03-09-2025 14:32,25.1364317,174.6265329,14.43609005,43.32045426
03-09-2025 14:33,25.99754912,92.320761,52.36528163,27.26102695
03-09-2025 14:34,24.89365969,69.92316349,46.23695665,32.61782393
03-09-2025 14:35,30.1636838,197.5172594,93.03496961,23.88043391
03-09-2025 14:36,22.9484344,192.550122,67.52993389,56.97531948
03-09-2025 14:37,31.98996175,66.38134745,17.75403756,70.73434856
03-09-2025 14:38,27.47060199,105.3701897,53.40348601,28.86780281
03-09-2025 14:39,23.45030664,68.29178538,61.80438619,78.58010063
03-09-2025 14:40,22.41565246,76.25135943,49.67265581,78.83236097
03-09-2025 14:41,33.76977159,99.03213286,22.48070999,25.50207311
03-09-2025 14:42,27.25234542,152.598365,35.53529473,52.03754741
03-09-2025 14:43,17.43795067,102.6436764,89.41638878,52.28237605
03-09-2025 14:44,21.72398158,95.81563888,43.59601645,41.5985952
03-09-2025 14:45,23.17711417,123.6975764,61.68344359,44.83656722
03-09-2025 14:46,20.19341283,136.4036222,41.73601376,37.93313696
03-09-2025 14:47,17.67952945,149.9163746,76.15522474,64.46382008
03-09-2025 14:48,29.12483084,119.4771181,94.50277106,24.88854112
03-09-2025 14:49,24.38639537,127.9642674,85.1012898,67.10898903
03-09-2025 14:50,28.65940996,127.0760268,27.16032414,40.8363916
03-09-2025 14:51,32.94842954,95.09094639,86.45723043,68.01332247
03-09-2025 14:52,27.09442336,67.6774254,79.45089623,63.70933332
03-09-2025 14:53,26.85219139,104.7953443,54.64780373,59.99857927
03-09-2025 14:54,18.56403226,134.9137383,64.12986645,67.3413913
03-09-2025 14:55,24.83109044,192.4601269,13.63064444,22.69062704
03-09-2025 14:56,30.87991864,162.9674881,48.65208391,38.15714215
03-09-2025 14:57,29.10863937,161.737921,55.16526022,48.85847799
03-09-2025 14:58,19.60901474,114.3196078,28.61516596,72.03618066
03-09-2025 14:59,22.13661621,163.1774523,60.02516626,23.92039027
03-09-2025 15:00,22.80175007,103.8712936,14.47778521,51.66235713
03-09-2025 15:01,26.28957507,170.7727762,41.64016469,53.51806648
03-09-2025 15:02,19.90285534,94.19329157,13.99734709,61.36417817
03-09-2025 15:03,24.67908971,75.52156872,87.38044713,28.46478084
03-09-2025 15:04,23.85592757,94.07976571,74.36204931,51.73016152
03-09-2025 15:05,26.68484475,117.234913,46.62511651,58.92687534
03-09-2025 15:06,18.11549028,99.60397349,48.64776933,56.66368628
03-09-2025 15:07,33.45180691,75.66473439,35.30526369,63.11308706
03-09-2025 15:08,24.24023757,56.1825997,41.3377472,33.20271157
03-09-2025 15:09,22.57850157,120.1383693,83.01523464,37.21626298
03-09-2025 15:10,22.68093021,195.0834113,93.41881554,48.01698164
03-09-2025 15:11,26.15001806,126.540199,61.44388246,57.3509704
03-09-2025 15:12,20.68513028,73.44074904,22.40153671,27.72838879
03-09-2025 15:13,28.21233613,163.1585143,90.8538566,69.70603092
03-09-2025 15:14,16.66493318,147.9797414,70.01541959,55.44430184
03-09-2025 15:15,24.48065531,54.00806231,79.29959839,28.47947394
03-09-2025 15:16,23.74074121,50.99004249,42.83319545,47.40728617
03-09-2025 15:17,25.37473413,178.4765321,40.1899415,51.86436339
03-09-2025 15:18,20.36424699,71.82139689,89.51429345,60.75314828
03-09-2025 15:19,23.58747079,121.7727067,97.11040773,65.84344591
03-09-2025 15:20,27.99222695,172.3716589,21.51367492,59.8847469
03-09-2025 15:21,26.3793371,134.1927519,86.63374696,72.30149051
03-09-2025 15:22,18.02346992,84.99102452,13.71341631,53.34927699
03-09-2025 15:23,26.8325157,133.5439938,90.73363653,71.15010304
03-09-2025 15:24,30.58321572,184.8714757,68.20789487,57.5868096
03-09-2025 15:25,22.26769231,67.40943425,21.37278983,68.06647755
03-09-2025 15:26,23.23986788,165.7821728,30.59872759,68.06501225
03-09-2025 15:27,27.41951392,175.8373587,78.1090894,42.69839169
03-09-2025 15:28,19.81825676,51.38713049,39.79780369,43.79018966
03-09-2025 15:29,34.37516094,122.8438423,56.12614651,41.54475022
03-09-2025 15:30,22.61502667,125.3287395,36.38962299,70.74073618
03-09-2025 15:31,31.52781639,58.70082867,74.35061217,60.80533298
03-09-2025 15:32,22.64657314,60.86341735,24.58300818,46.70442224
03-09-2025 15:33,16.88833885,143.2169779,15.80254743,54.48329622
03-09-2025 15:34,23.28797717,148.0928456,52.86720436,40.37634226
03-09-2025 15:35,22.70702885,117.3155411,94.77338378,29.63463024
03-09-2025 15:36,27.59511937,180.229832,98.88687307,71.38577363
03-09-2025 15:37,27.07740275,66.04975524,68.37422007,73.31848439
03-09-2025 15:38,20.71628165,91.06986915,46.67473881,51.67721171
03-09-2025 15:39,29.7490743,143.2475933,80.78449985,44.37305698
03-09-2025 15:40,21.58087302,92.80507005,72.15179738,78.58918178
03-09-2025 15:41,19.07822044,167.4985455,30.90988906,45.27056046
03-09-2025 15:42,22.02883362,105.202901,18.83145332,58.32869556
03-09-2025 15:43,21.7003016,130.1484785,63.1015983,52.72722982
03-09-2025 15:44,23.07581022,73.96848556,24.38777744,34.82351189
03-09-2025 15:45,26.50493839,121.3814781,77.18533229,60.85402332
03-09-2025 15:46,22.19469556,59.46006047,63.2487423,59.40306209
03-09-2025 15:47,22.61147208,161.2651385,77.79276691,59.82371223
03-09-2025 15:48,21.78679139,106.7385964,34.05533029,31.90357299
03-09-2025 15:49,25.28250377,116.5286757,37.46061512,55.45936131
03-09-2025 15:50,21.35315651,109.1406469,83.34890795,45.14442747
03-09-2025 15:51,27.62091646,181.3119862,42.06176624,30.02796601
03-09-2025 15:52,24.02629603,96.69303909,78.24881195,58.98054936
03-09-2025 15:53,31.42028189,150.8058067,29.20275846,68.70144699
03-09-2025 15:54,20.80307348,141.5195201,68.4039463,42.33686245
03-09-2025 15:55,32.3915211,77.95038542,25.18110313,33.10265528
03-09-2025 15:56,15.4083357,83.25511964,38.99585755,70.68794005
03-09-2025 15:57,26.18428018,73.35967154,94.88614103,23.22623546
03-09-2025 15:58,28.71013995,81.60547781,60.92411293,36.35311103
03-09-2025 15:59,20.6096702,70.07738383,42.01665972,64.71430621
03-09-2025 16:00,31.29398702,126.5239743,95.06979983,79.02143745
03-09-2025 16:01,21.36127637,110.6059267,40.53001548,38.73037864
03-09-2025 16:02,21.53617951,165.8936464,38.22527497,70.56410016
03-09-2025 16:03,28.25468704,135.4426914,17.50973394,72.09902619
03-09-2025 16:04,32.11460972,88.9776452,83.05633972,42.4813703
03-09-2025 16:05,21.72185692,158.7328484,14.02448242,74.97891576
03-09-2025 16:06,27.36798236,139.9767727,64.19794472,60.01550561
03-09-2025 16:07,18.25467766,168.0159262,14.16987235,21.15011901
03-09-2025 16:08,27.88479883,184.6382397,79.96930741,42.96739903
03-09-2025 16:09,22.57749526,185.333188,99.33957476,29.83241743
03-09-2025 16:10,28.7327094,186.9974951,90.19171037,73.30880863
03-09-2025 16:11,22.00665023,60.66616517,74.70389381,50.60389821
03-09-2025 16:12,21.18063399,173.3439054,13.55686103,68.15927414
03-09-2025 16:13,29.77115738,129.8294516,43.7240855,54.62878088
03-09-2025 16:14,22.73123645,184.7204341,29.56683739,71.92528375
03-09-2025 16:15,23.30616961,150.5133143,50.11448361,66.60567676
03-09-2025 16:16,23.14903341,116.5610567,83.63990589,59.85238309
03-09-2025 16:17,29.63403347,181.8012334,77.96982985,48.79329396
03-09-2025 16:18,25.54792041,168.3232139,29.64085975,51.46331789
03-09-2025 16:19,20.54843872,126.2294911,31.9567984,56.51234905
03-09-2025 16:20,26.6672807,171.9017903,85.52881143,58.42032963
03-09-2025 16:21,34.29429438,116.4840479,31.6900853,52.77108635
03-09-2025 16:22,24.44682532,66.5309918,12.86246856,55.84443383
03-09-2025 16:23,23.16142418,125.0395834,36.42558447,57.19763032
03-09-2025 16:24,21.89389115,137.3467558,27.78649554,59.03704581
03-09-2025 16:25,15.98701873,134.0945752,60.75378513,44.75656754
03-09-2025 16:26,18.8782395,193.4288948,44.68717724,66.19690748
03-09-2025 16:27,27.04169957,53.4603875,16.78815023,58.24671888
03-09-2025 16:28,18.67289922,186.0654054,82.80223881,65.39213929
03-09-2025 16:29,19.68736706,76.59364784,44.19871815,28.47682894
03-09-2025 16:30,22.31627248,112.0835032,57.68002233,48.40309232
03-09-2025 16:31,19.31667987,82.03331071,98.61208139,67.81005939
03-09-2025 16:32,23.70978466,126.9501539,26.68322876,48.94334572
03-09-2025 16:33,31.99881044,53.76076487,28.25058913,53.28680317
03-09-2025 16:34,26.70696162,183.5115984,70.54336759,26.58372044
03-09-2025 16:35,28.29678814,91.06305826,24.87927992,44.45293017
03-09-2025 16:36,26.63553262,87.65094361,62.25332063,22.77237566
03-09-2025 16:37,26.79200101,146.3915128,28.6143057,61.33836488
03-09-2025 16:38,24.55007416,187.9525046,16.75640739,23.94335191
03-09-2025 16:39,18.24257365,113.0978135,29.9909665,60.87040745
03-09-2025 16:40,23.87146302,168.9124478,37.79064471,67.91316058
03-09-2025 16:41,24.81205772,196.8015398,95.82551621,35.18323317
03-09-2025 16:42,22.09277535,180.0420926,79.53400769,32.67666087
03-09-2025 16:43,27.13783363,100.2057824,17.21424683,20.60122721
03-09-2025 16:44,32.03397957,87.41174374,65.98895687,79.59865256
03-09-2025 16:45,24.97051345,55.09376572,96.80529867,70.75438653
03-09-2025 16:46,29.43549241,179.876601,76.46736476,49.69455235
03-09-2025 16:47,27.95429481,180.4949999,86.30358449,40.30370136
03-09-2025 16:48,23.94573082,77.24320936,14.83038521,46.57692095
03-09-2025 16:49,19.68936783,186.0397223,69.82653981,71.45372673
03-09-2025 16:50,33.88560204,195.3638935,32.69768222,55.99357859
03-09-2025 16:51,24.18307627,77.87922935,89.47854326,59.89763478
03-09-2025 16:52,14.14749969,73.80260612,49.90877785,74.22419814
03-09-2025 16:53,31.36291997,72.61289013,50.23118546,59.46981175
03-09-2025 16:54,24.8531157,188.8601853,51.92915089,46.49462945
03-09-2025 16:55,24.16469069,172.3062825,29.52038849,39.71431182
03-09-2025 16:56,19.34289957,118.8814371,65.43907063,72.93070024
03-09-2025 16:57,29.44712869,197.1244269,74.63019253,49.39681754
03-09-2025 16:58,21.53060417,120.9316864,27.80576985,43.12054891
03-09-2025 16:59,28.66294776,90.57807156,10.99508766,67.1632975
03-09-2025 17:00,15.97697987,122.7869618,23.73490435,36.87492212
03-09-2025 17:01,25.79473641,184.1411392,55.61530747,76.32063654
03-09-2025 17:02,25.60075471,187.6175039,97.03544595,73.03450327
03-09-2025 17:03,23.45000126,92.94263797,49.24759182,37.75966321
03-09-2025 17:04,29.36519029,86.50093598,26.34683045,44.1363649
03-09-2025 17:05,23.69321506,180.0010428,51.90361649,32.58591634
03-09-2025 17:06,25.96403754,174.5197912,20.28921274,30.13006944
03-09-2025 17:07,26.701879,122.9014882,90.11837944,74.00095573
03-09-2025 17:08,26.41727072,69.48481368,26.18388604,56.93007983
03-09-2025 17:09,18.50614713,84.94607167,14.11217644,79.66624694
03-09-2025 17:10,23.8629862,87.3219494,10.70106073,72.50292826
03-09-2025 17:11,29.2502361,155.658712,77.42230119,23.96455739
03-09-2025 17:12,23.49848226,86.24253846,91.30727992,22.94078376
03-09-2025 17:13,21.51906782,153.417919,46.05861274,65.38405944
03-09-2025 17:14,28.14010093,180.2445858,73.94281847,77.78084054
03-09-2025 17:15,32.08274627,105.6510391,82.03648098,41.95531725
03-09-2025 17:16,26.14365744,63.58289106,47.74848557,75.89833263
03-09-2025 17:17,32.79777617,102.4697104,71.73971559,50.68464069
03-09-2025 17:18,33.81579982,127.3913214,56.92999775,61.60004124
03-09-2025 17:19,22.67797802,187.5155085,23.3987278,21.77997064
03-09-2025 17:20,26.50955575,184.0300023,17.41165097,75.72402932
03-09-2025 17:21,30.52566142,126.1184575,76.10303705,60.59971607
03-09-2025 17:22,25.89184683,95.4346927,54.21303572,73.36315682
03-09-2025 17:23,23.75227831,178.1156762,53.43321954,74.74667164
03-09-2025 17:24,26.70869797,137.5758143,97.06989895,54.42550519
03-09-2025 17:25,13.01012953,107.9251852,28.73619581,25.13233917
03-09-2025 17:26,16.2593252,184.9646851,88.73227007,70.33494103
03-09-2025 17:27,27.59463974,158.7195946,49.79555069,58.97801186
03-09-2025 17:28,31.5276915,134.7126507,70.42948408,79.45208811
03-09-2025 17:29,26.15930405,108.2625687,70.31235108,33.63213889
03-09-2025 17:30,21.49575485,166.7218662,58.92417343,20.22873885
03-09-2025 17:31,31.59243695,51.77725763,68.34908933,59.67307364
03-09-2025 17:32,33.946827,63.12219696,75.34108963,49.67449101
03-09-2025 17:33,32.82339664,198.5435595,49.06712971,38.23083097
03-09-2025 17:34,29.16100583,142.3539765,10.7167239,75.94564137
03-09-2025 17:35,17.86414372,120.3586148,96.45161271,61.76167772
03-09-2025 17:36,21.64223693,70.19232801,76.88759268,59.58644826
03-09-2025 17:37,17.68249047,176.6769031,15.53309366,39.15724699
03-09-2025 17:38,21.52856411,177.9739865,82.94064511,34.07191809
03-09-2025 17:39,25.45239144,169.088184,37.10672035,27.13963189
03-09-2025 17:40,22.2101638,176.608556,64.91432713,42.32539276
03-09-2025 17:41,14.02275094,132.4130963,43.0716049,46.1818809
03-09-2025 17:42,25.02507284,85.02473314,49.61860297,65.9055323
03-09-2025 17:43,26.68288776,75.83471355,32.7228677,71.78508641
03-09-2025 17:44,17.13121953,186.9409829,83.68524322,23.87488567
03-09-2025 17:45,29.17452778,90.17823808,10.0672244,50.42055277
03-09-2025 17:46,18.03443662,117.7669477,78.47837302,50.56976753
03-09-2025 17:47,24.75145454,165.7890386,35.63676285,36.05696386
03-09-2025 17:48,22.08453429,190.1923785,27.85645279,57.53408764
03-09-2025 17:49,28.39115797,188.9771296,14.94891858,21.00661472
03-09-2025 17:50,26.34915434,126.2266836,33.94340248,71.80610562
03-09-2025 17:51,21.2844283,198.5419476,29.46941757,40.09988136
03-09-2025 17:52,28.78829232,195.3660345,23.48775485,36.62851526
03-09-2025 17:53,30.90611383,83.68725502,99.85713432,41.64645594
03-09-2025 17:54,18.12806444,57.68351669,97.70090785,78.30197638
03-09-2025 17:55,20.53094035,121.3609558,39.68804761,23.8889789
03-09-2025 17:56,27.75979964,162.231534,54.5918981,73.53320553
03-09-2025 17:57,27.29159836,183.0995006,46.55610469,35.95112826
03-09-2025 17:58,24.13207522,161.5407009,81.8883281,51.51269103
03-09-2025 17:59,21.02470312,143.674555,35.33142748,58.16204503
03-09-2025 18:00,20.51482456,169.6393056,59.03832665,68.60881278
03-09-2025 18:01,29.26123728,88.91781627,13.7400988,40.51695773
03-09-2025 18:02,22.85563374,55.14024883,86.80583871,43.97006561
03-09-2025 18:03,34.13610196,106.1010933,18.07978114,54.02630699
03-09-2025 18:04,20.86172905,146.282645,47.89125972,54.75531946
03-09-2025 18:05,21.47135352,166.1427604,45.58230937,46.13057614
03-09-2025 18:06,22.1333609,175.123501,96.06489032,64.24502325
03-09-2025 18:07,13.1225282,86.87099844,46.1636414,24.61216846
03-09-2025 18:08,22.65289012,121.1018791,79.75130309,69.99999316
03-09-2025 18:09,24.79946254,88.0543385,75.60915009,58.65440713
03-09-2025 18:10,22.64085317,85.87133916,81.82852827,32.17455602
03-09-2025 18:11,28.54697924,102.0352005,64.76550173,65.22008555
03-09-2025 18:12,18.03611133,102.2721981,32.5401686,51.31169819
03-09-2025 18:13,31.29682722,120.2837194,38.57085,33.22853551
03-09-2025 18:14,19.11153482,166.141594,22.47406549,22.56256051
03-09-2025 18:15,27.66448383,78.98650761,78.40117254,32.36973444
03-09-2025 18:16,21.92672417,92.37185859,73.36678407,73.78374147
03-09-2025 18:17,24.86969093,73.75001517,44.28452123,74.64482657
03-09-2025 18:18,30.0979532,151.1453861,37.5663689,32.75853073
03-09-2025 18:19,16.80151942,85.95239241,33.60146123,55.22050337
03-09-2025 18:20,33.34096941,185.8665565,75.37341926,32.95321287
03-09-2025 18:21,27.0740195,105.0290333,69.12693346,59.96044799
03-09-2025 18:22,30.18910648,137.2178779,32.04326116,55.77470039
03-09-2025 18:23,27.35540475,84.61462684,30.67483236,63.11659921
03-09-2025 18:24,21.4666393,177.0513175,48.73687842,36.85079104
03-09-2025 18:25,20.59209226,179.1771132,29.50115521,34.68775438
03-09-2025 18:26,25.9712317,146.0233772,97.56081373,52.46858271
03-09-2025 18:27,16.13337467,127.3148499,97.1876277,67.75024372
03-09-2025 18:28,14.60377389,93.1451935,11.18519046,62.93501793
03-09-2025 18:29,19.75517907,51.84590251,46.25026558,32.79821265
03-09-2025 18:30,37.397617,150.8941885,85.98574875,62.48855552
03-09-2025 18:31,40.80099656,164.3797433,24.09663972,38.11599634
03-09-2025 18:32,24.30456686,118.7328251,91.94734141,37.36332611
03-09-2025 18:33,24.36392241,110.1990376,41.34464808,68.85999357
03-09-2025 18:34,34.46020905,150.3049953,36.82247539,20.43211201
03-09-2025 18:35,32.4096818,87.59399186,83.78781871,58.9169849
03-09-2025 18:36,23.6673259,170.2973352,11.46698646,35.28989983
03-09-2025 18:37,16.0097456,124.1866789,26.13939679,48.46160735
03-09-2025 18:38,24.12925684,78.53876933,77.4630977,31.08484716
03-09-2025 18:39,28.83521135,173.002434,77.04371953,76.00259126
03-09-2025 18:40,22.32550907,192.7799675,78.56210154,73.84663687
03-09-2025 18:41,27.60918725,185.6653461,55.53580498,36.46078592
03-09-2025 18:42,24.71164128,55.85216282,62.77203753,34.26203343
03-09-2025 18:43,24.45800881,137.477355,22.17970174,23.48677911
03-09-2025 18:44,23.14502377,91.17763995,27.67438934,53.49895536
03-09-2025 18:45,22.96613088,102.751984,39.99676261,32.36327033
03-09-2025 18:46,27.46054132,102.9662191,21.53213817,34.83631645
03-09-2025 18:47,23.01869065,52.12434008,44.05320238,64.28282645
03-09-2025 18:48,30.83264777,196.6896942,89.26910607,41.17318277
03-09-2025 18:49,26.34329126,133.0275066,30.07065578,36.84847349
03-09-2025 18:50,23.35577769,125.8008002,39.49703169,60.60159092
03-09-2025 18:51,24.21767578,56.40776388,89.29076425,63.61488564
03-09-2025 18:52,25.72006301,123.1459042,60.11329158,54.33803598
03-09-2025 18:53,30.14742713,194.2369632,79.70903045,76.96647124
03-09-2025 18:54,36.18916889,71.49695215,54.07633856,25.2301804
03-09-2025 18:55,27.77732408,90.99082876,67.21743472,76.45079085
03-09-2025 18:56,21.5186216,139.8860048,50.81207575,41.43712662
03-09-2025 18:57,27.31409098,90.24611389,96.45776976,37.39975972
03-09-2025 18:58,15.10963393,65.15471335,22.94611793,43.7029823
03-09-2025 18:59,27.32388057,57.41409563,46.09861481,68.42454134
03-09-2025 19:00,29.07743727,112.0177107,33.02746313,66.1137564
03-09-2025 19:01,32.46413604,153.4574121,57.91482973,71.18148559
03-09-2025 19:02,25.0849247,117.8871621,71.63764468,39.19162372
03-09-2025 19:03,19.97541609,168.5266381,63.73488284,58.22413582
03-09-2025 19:04,30.05961249,198.4206178,17.8926595,52.09737645
03-09-2025 19:05,27.74159172,149.5200242,22.21630632,69.56182492
03-09-2025 19:06,22.75740422,191.2318817,72.98345519,66.03661598
03-09-2025 19:07,20.24875166,52.26776026,59.99445386,62.61993684
03-09-2025 19:08,20.75850341,67.9939043,93.59376755,52.73752054
03-09-2025 19:09,27.38452178,51.35411669,41.80053256,75.36389416
03-09-2025 19:10,23.62217663,170.9852902,42.66084008,67.87797556
03-09-2025 19:11,27.35086836,196.1836231,32.96084274,40.89553193
03-09-2025 19:12,32.11379822,67.47218702,97.60669498,32.56960158
03-09-2025 19:13,34.19717891,191.8195046,95.30824113,77.97941917
03-09-2025 19:14,20.81409483,123.9311147,21.52688868,66.81653577
03-09-2025 19:15,28.693067,105.7579932,79.26934097,25.50912966
03-09-2025 19:16,17.14514032,180.6473624,58.54243589,24.82194414
03-09-2025 19:17,29.61714333,151.7579089,12.06974332,76.29268077
03-09-2025 19:18,27.42055332,118.1961229,79.69591099,26.21571187
03-09-2025 19:19,16.66153611,122.6020591,59.650539,21.05814971
03-09-2025 19:20,23.31173949,175.6177108,10.0424708,35.6441138
03-09-2025 19:21,17.16308692,66.1764399,82.60948752,21.00641969
03-09-2025 19:22,18.32754801,119.4898845,29.99047811,67.64686708
03-09-2025 19:23,13.52477629,162.4710565,86.65477132,65.6262805
03-09-2025 19:24,18.38410594,110.3676043,83.86300807,74.29741934
03-09-2025 19:25,27.58281561,138.023505,14.93613094,36.75322208
03-09-2025 19:26,32.02636721,171.6072169,54.46064768,27.20268867
03-09-2025 19:27,23.95390959,50.79613459,79.19253577,31.24480452
03-09-2025 19:28,23.69401126,90.22226334,57.35451818,57.97950832
03-09-2025 19:29,21.90376894,104.8378706,26.50480714,47.80689259
03-09-2025 19:30,25.21612345,110.9701731,70.52516896,62.03795095
03-09-2025 19:31,17.83375042,95.34302124,13.60312032,70.93378739
03-09-2025 19:32,20.86931162,177.2954567,37.2897752,53.49989914
03-09-2025 19:33,18.25070198,86.6446523,15.41394951,55.60922533
03-09-2025 19:34,25.5240982,124.6848166,18.68239749,58.29190585
03-09-2025 19:35,24.75976724,102.4630917,89.91705066,60.93365771
03-09-2025 19:36,16.56812214,151.699761,14.93644791,45.01676336
03-09-2025 19:37,27.46854786,192.6801169,42.54838491,35.25940641
03-09-2025 19:38,28.24772073,63.96650828,44.44267834,52.51414009
03-09-2025 19:39,26.17696113,72.5081817,20.88549446,67.81049099
03-09-2025 19:40,24.75592633,118.2520765,88.4975082,43.93089918
03-09-2025 19:41,22.94253446,154.8579383,35.24922393,52.13843313
03-09-2025 19:42,33.05319371,97.6137016,96.34302318,55.86032886
03-09-2025 19:43,23.60870202,55.41606928,64.20203698,66.41146206
03-09-2025 19:44,26.08032193,187.6306316,39.02805883,38.19983955
03-09-2025 19:45,28.83309479,92.62790197,23.20374032,59.73803317
03-09-2025 19:46,31.99821633,165.5727304,91.81994567,24.29282187
03-09-2025 19:47,18.63592078,84.58529479,93.3597699,79.68152312
03-09-2025 19:48,34.36116188,147.4612247,77.98782748,23.47826853
03-09-2025 19:49,22.95534348,56.84407911,17.07569928,56.40005464
03-09-2025 19:50,24.4023506,178.4538192,90.6012845,58.71443362
03-09-2025 19:51,29.87728095,109.5333981,28.07330015,78.48421264
03-09-2025 19:52,19.77323975,146.3239759,80.17655839,32.52964653
03-09-2025 19:53,28.26733506,129.0817105,68.84154374,65.87726114
03-09-2025 19:54,27.13654291,194.3899127,76.8141428,26.56277374
03-09-2025 19:55,30.68496225,93.45340862,82.90783614,76.90410671
03-09-2025 19:56,30.0664688,70.51730591,70.08143971,48.37668218
03-09-2025 19:57,23.50129554,177.3992927,95.53362787,58.68041277
03-09-2025 19:58,24.0050607,101.5921248,26.66666515,36.37451683
03-09-2025 19:59,22.77859326,144.1020557,83.25322847,77.63665752
03-09-2025 20:00,21.5374742,111.6345932,71.60614959,51.1043926
03-09-2025 20:01,29.84001415,83.81822932,91.80875172,58.79193453
03-09-2025 20:02,24.1786515,152.9361837,34.73729458,49.65780306
03-09-2025 20:03,32.84458493,181.6808337,55.0688896,40.90646744
03-09-2025 20:04,26.41173716,125.4672867,94.04915686,66.60753543
03-09-2025 20:05,20.3910134,96.70301225,13.26664284,38.16475858
03-09-2025 20:06,18.61547058,81.49176363,96.87652091,26.8568727
03-09-2025 20:07,30.47528019,148.5143458,59.91718266,54.42444187
03-09-2025 20:08,26.7073741,71.68991515,98.64662163,65.44830697
03-09-2025 20:09,38.00817344,196.4326863,30.47708055,78.112712
03-09-2025 20:10,33.99428283,101.6345388,18.98299885,49.21073376
03-09-2025 20:11,26.82065241,55.84470273,83.54861109,29.75113417
03-09-2025 20:12,25.60286367,114.961433,57.99657748,68.1699951
03-09-2025 20:13,19.64742046,122.9323266,43.95258887,64.27522279
03-09-2025 20:14,23.55496981,132.1413631,51.28433483,79.11820601
03-09-2025 20:15,25.18058416,193.2455433,25.17544047,35.16463821
03-09-2025 20:16,20.51468127,78.94485521,94.48056948,25.83120591
03-09-2025 20:17,28.33149564,121.9494715,73.80026837,71.14664327
03-09-2025 20:18,21.41223302,131.0856755,28.64180557,31.12100988
03-09-2025 20:19,24.38494038,150.0771578,31.1252986,36.31626886
03-09-2025 20:20,24.46871689,142.1685021,16.7654145,62.61916371
03-09-2025 20:21,29.98799133,88.65761741,96.99350002,49.79453554
03-09-2025 20:22,25.56632502,134.7417166,31.40055,71.31502704
03-09-2025 20:23,17.20612507,178.8027533,52.10383434,45.53713985
03-09-2025 20:24,18.36288567,63.43592771,49.77891915,39.94595272
03-09-2025 20:25,25.4856706,51.4131626,34.78261425,45.25762028
03-09-2025 20:26,23.02899055,85.18921429,96.38418188,42.91504689
03-09-2025 20:27,22.16892706,141.170069,53.03557869,66.23121267
03-09-2025 20:28,25.21243179,139.1206625,74.85133664,48.945982
03-09-2025 20:29,27.91312368,139.4985351,90.34466179,49.68039085
03-09-2025 20:30,19.77258177,105.2381559,81.13761019,25.29642652
03-09-2025 20:31,29.08694725,147.889008,19.63113922,46.52851532
03-09-2025 20:32,33.38937559,91.76176586,91.25540274,75.80058396
03-09-2025 20:33,28.85195087,92.98030217,94.48183292,66.78306788
03-09-2025 20:34,26.41353735,65.03529338,58.2924968,79.26741535
03-09-2025 20:35,30.84337078,130.2694855,18.52671133,30.65722737
03-09-2025 20:36,31.78495967,77.07423223,96.92703809,44.95575971
03-09-2025 20:37,26.8771434,115.1627454,82.06686008,77.88089917
03-09-2025 20:38,29.27105752,72.81224064,52.6311159,78.11673899
03-09-2025 20:39,25.22055675,89.34042243,37.69680102,62.19730807
03-09-2025 20:40,29.9788162,57.53882405,97.36591495,61.25414302
03-09-2025 20:41,27.88736626,187.5540809,15.31746664,60.59201678
03-09-2025 20:42,23.14432612,134.0792249,74.89701025,37.13954605
03-09-2025 20:43,21.77624018,94.7362704,27.95502189,67.08187059
03-09-2025 20:44,30.07653306,176.08327,30.88224933,45.99827258
03-09-2025 20:45,22.8292631,195.6880929,45.38334405,41.87859254
03-09-2025 20:46,24.69904666,193.6357536,93.84883908,45.99373106
03-09-2025 20:47,24.56006373,54.07421491,56.75473175,50.60890961
03-09-2025 20:48,28.71464022,130.346603,15.75173491,28.95290887
03-09-2025 20:49,35.78248299,53.83988743,64.69222865,72.29685988
03-09-2025 20:50,22.74461748,70.08683726,32.11103186,52.58007336
03-09-2025 20:51,22.35284521,194.8385298,99.83386047,20.72340299
03-09-2025 20:52,32.38562351,179.8950148,80.55518842,30.87453216
03-09-2025 20:53,13.46868066,139.2523252,75.17482062,44.45958919
03-09-2025 20:54,28.84613656,188.9613456,92.55171563,50.87627514
03-09-2025 20:55,30.0838861,161.6875328,35.00787266,74.78625273
03-09-2025 20:56,23.25871078,123.4360148,33.20669414,39.00824125
03-09-2025 20:57,32.51069272,179.1784668,56.38705216,25.7490305
03-09-2025 20:58,26.45044454,107.0727632,27.06039486,23.75530192
03-09-2025 20:59,16.90344514,151.177247,18.06382685,23.69255165
03-09-2025 21:00,22.15145636,80.90782099,10.74649272,45.51285336
03-09-2025 21:01,25.83515941,193.0230305,45.51887165,43.27764007
03-09-2025 21:02,19.13415576,182.1015914,98.66777138,70.39365081
03-09-2025 21:03,17.26750044,61.48531353,74.58359564,61.33902154
03-09-2025 21:04,27.32698854,141.7661615,95.20227415,74.111558
03-09-2025 21:05,12.10461271,82.99753943,57.90599352,77.85699186
03-09-2025 21:06,27.65393527,118.5755633,10.44098472,42.05217559
03-09-2025 21:07,28.6870506,172.1524635,86.58384998,24.71323237
03-09-2025 21:08,27.21633333,127.1259889,36.27380159,76.84249398
03-09-2025 21:09,19.57304166,170.5765483,55.94800153,54.41358588
03-09-2025 21:10,21.40856839,187.6930924,34.06901962,51.14136616
03-09-2025 21:11,28.68338335,125.9056992,67.6427084,65.21760357
03-09-2025 21:12,31.84907177,51.22802882,26.2188792,52.92478515
03-09-2025 21:13,27.09556893,85.13693678,59.53815058,70.75418553
03-09-2025 21:14,23.27910212,54.75836458,19.53544087,70.88097104
03-09-2025 21:15,34.75898319,56.20875422,32.81196361,72.42022301
03-09-2025 21:16,29.45875345,181.2674436,36.36329115,26.52285618
03-09-2025 21:17,19.39704241,132.678683,19.64651013,55.74029158
03-09-2025 21:18,22.50157408,63.71863913,73.31967183,53.82372942
03-09-2025 21:19,28.26020618,67.44851216,55.87193579,58.34999034
03-09-2025 21:20,22.63216971,113.6516512,27.36141677,53.08808055
03-09-2025 21:21,25.39617122,169.8546017,43.19732847,62.16319221
03-09-2025 21:22,21.17634643,182.5977167,66.88706347,34.59937964
03-09-2025 21:23,22.69533092,72.49326492,17.99752492,54.75166667
03-09-2025 21:24,28.37026417,179.8635183,60.05676054,51.79648803
03-09-2025 21:25,24.32834637,171.6633778,71.37765726,43.86428175
03-09-2025 21:26,27.88583973,50.01235589,24.07703151,41.81521603
03-09-2025 21:27,24.75480643,160.700779,58.10033929,47.30422897
03-09-2025 21:28,18.39363746,197.9052489,22.62974558,53.81436312
03-09-2025 21:29,24.04302042,138.2352028,61.52494066,76.69278641
03-09-2025 21:30,20.90085191,152.3243068,57.98221391,58.92283673
03-09-2025 21:31,21.80848024,176.2997478,61.11564635,43.51450899
03-09-2025 21:32,24.91281542,96.71524098,71.84262558,28.75425476
03-09-2025 21:33,23.0961469,165.5119784,23.71946181,25.17947268
03-09-2025 21:34,25.60026858,151.3974158,79.03042019,23.72949011
03-09-2025 21:35,22.94429176,107.120006,73.12770096,22.56025578
03-09-2025 21:36,25.7205754,120.4348347,61.6702765,76.09728348
03-09-2025 21:37,25.03481881,110.9535462,31.40191529,31.69557859
03-09-2025 21:38,24.41179048,80.73142225,11.6934022,42.82286761
03-09-2025 21:39,27.02027137,84.5949515,10.35346354,28.75160405
03-09-2025 21:40,20.55595382,153.8964361,26.21110588,67.80448631
03-09-2025 21:41,18.86050708,193.7653113,14.03613329,49.78992283
03-09-2025 21:42,21.44518386,143.4288516,58.33366934,39.56195725
03-09-2025 21:43,16.4478581,184.0108319,80.88964926,62.52319646
03-09-2025 21:44,18.34736249,158.9612687,94.17838143,76.69994218
03-09-2025 21:45,24.75309744,75.95935914,34.68064709,66.26978218
03-09-2025 21:46,26.73585292,199.6023834,25.55564704,60.21108958
03-09-2025 21:47,22.2797684,179.6179518,22.55561422,46.84056613
03-09-2025 21:48,23.36863121,65.18173614,20.72821456,53.52790398
03-09-2025 21:49,32.07296321,51.6602349,50.58129409,33.77470637
03-09-2025 21:50,21.89156696,98.6649616,69.09576771,28.22819987
03-09-2025 21:51,27.39458565,139.1215357,74.64860864,79.16692574
03-09-2025 21:52,27.88791166,138.0363401,31.03074103,27.56477077
03-09-2025 21:53,30.5880219,191.6707744,60.4642964,78.73437904
03-09-2025 21:54,24.67481946,106.9358023,24.40979983,50.2703372
03-09-2025 21:55,23.47747282,82.45086763,30.55701715,24.0932736
03-09-2025 21:56,28.00956323,168.1952913,30.44601024,39.04826613
03-09-2025 21:57,23.48137236,182.0121373,73.57671708,21.01910932
03-09-2025 21:58,17.81857685,170.5564442,17.39253282,61.45526416
03-09-2025 21:59,33.44010595,123.7921023,17.11500875,40.86236177
03-09-2025 22:00,25.56165783,102.923145,70.62068457,22.83583197
03-09-2025 22:01,29.76669983,151.6091485,33.51282263,29.95443479
03-09-2025 22:02,19.93488204,167.177,53.47111328,48.09638051
03-09-2025 22:03,22.05691217,77.49544866,30.49001641,59.68269645
03-09-2025 22:04,28.18429233,76.0067539,50.95038163,20.04703345
03-09-2025 22:05,22.97956358,142.924276,76.55470421,23.35313181
03-09-2025 22:06,30.86288447,120.98746,81.6774598,48.45606876
03-09-2025 22:07,14.71296337,96.69131365,63.82350457,38.96453836
03-09-2025 22:08,19.77134084,59.34960059,70.71769311,49.05781505
03-09-2025 22:09,19.97840292,126.8742817,29.1083486,77.46755506
03-09-2025 22:10,19.93479941,98.86828723,50.74183732,79.71008444
03-09-2025 22:11,22.1914467,161.8867835,65.98157354,43.59452433
03-09-2025 22:12,33.08554936,59.72765001,90.2162211,67.3669263
03-09-2025 22:13,23.60320065,181.2351409,83.3332232,77.30389743
03-09-2025 22:14,18.71870842,129.4068351,28.51253479,30.98067692
03-09-2025 22:15,24.72506963,70.3644275,22.49753922,78.78291783
03-09-2025 22:16,21.29445275,103.6426267,44.05848567,62.53234234
03-09-2025 22:17,21.28618347,131.2682373,11.61187764,50.71556675
03-09-2025 22:18,31.74067406,83.08715103,76.91700855,47.49606015
03-09-2025 22:19,19.94823737,123.5077718,54.53482767,70.77140903
03-09-2025 22:20,31.03518293,98.79575735,80.45668221,69.63075928
03-09-2025 22:21,39.13068975,89.26258751,73.07252794,72.51919598
03-09-2025 22:22,18.3612376,82.64821919,38.51751832,72.53893925
03-09-2025 22:23,25.20050174,151.7541516,16.02479676,70.82744761
03-09-2025 22:24,20.42528507,64.18919616,68.70460847,71.42407831
03-09-2025 22:25,12.74578041,175.8056262,94.06177252,32.45533664
03-09-2025 22:26,25.13113083,132.2498916,60.12897209,31.81157937
03-09-2025 22:27,16.53786655,165.1559791,40.27145435,48.69603238
03-09-2025 22:28,31.15872773,74.62446521,23.81175487,66.95142715
03-09-2025 22:29,26.90008128,90.05053942,17.73269556,49.11884522
03-09-2025 22:30,29.20607667,118.5956341,44.38985346,22.6645451
03-09-2025 22:31,30.30851168,158.0930688,29.85465458,20.38496967
03-09-2025 22:32,23.81214066,74.19746206,78.55446132,27.82223775
03-09-2025 22:33,31.34589456,165.2110858,76.28072227,24.39199834
03-09-2025 22:34,27.72126001,56.66444378,90.26423973,67.82114358
03-09-2025 22:35,15.40954272,191.7503139,85.33096599,47.37816448
03-09-2025 22:36,27.76416341,128.5955267,48.04374339,44.30373532
03-09-2025 22:37,23.28303258,75.48178487,80.72171245,33.51076976
03-09-2025 22:38,24.53824063,144.7371642,94.06480393,77.41123154
03-09-2025 22:39,25.03071242,87.51621031,28.10788632,45.11065903
03-09-2025 22:40,30.2212124,181.4060373,23.54142548,70.69671183
03-09-2025 22:41,33.23940746,118.5206443,73.41510261,51.74392262
03-09-2025 22:42,9.704208346,108.7326936,46.51006774,56.43531253
03-09-2025 22:43,29.43093466,175.127095,44.6546203,38.71448555
03-09-2025 22:44,24.84197158,116.6756818,94.6524524,48.5164958
03-09-2025 22:45,27.49868624,177.0899306,36.64466862,49.92098939
03-09-2025 22:46,26.62229831,154.4065516,82.09480415,71.53713865
03-09-2025 22:47,23.25232868,198.3152246,77.85097727,53.88842626
03-09-2025 22:48,27.5604848,118.5298226,57.13999705,72.06240574
03-09-2025 22:49,19.97870797,143.2647498,93.49222713,46.58378188
03-09-2025 22:50,23.03028134,96.52317795,35.92588472,69.9018719
03-09-2025 22:51,23.1066753,138.1294068,35.96797797,46.22298332
03-09-2025 22:52,28.14116122,89.92506111,90.23145811,46.84307762
03-09-2025 22:53,31.90916454,63.54162494,33.02626332,33.82866304
03-09-2025 22:54,25.27907035,99.42606901,25.9394803,40.30503157
03-09-2025 22:55,25.73122506,144.4010492,28.18861729,23.00689123
03-09-2025 22:56,28.1217332,110.700941,79.216351,24.92465563
03-09-2025 22:57,26.17119642,61.28745438,42.79957497,60.82235456
03-09-2025 22:58,28.31429664,85.59139166,62.61340897,76.13279517
03-09-2025 22:59,19.54581729,136.322462,20.07518245,51.13128491
03-09-2025 23:00,21.16671529,137.1996197,63.77638165,51.72754602
03-09-2025 23:01,23.1400198,98.61608867,52.03174898,45.93529089
03-09-2025 23:02,25.95887453,196.8683692,54.63882786,56.86854291
03-09-2025 23:03,22.44466986,100.5814162,17.7798754,22.72546832
03-09-2025 23:04,18.79689988,168.5313845,81.72055325,21.4361588
03-09-2025 23:05,28.47051433,181.0011001,15.17156732,62.3823759
03-09-2025 23:06,28.46146131,159.2864911,17.52431662,20.82368932
03-09-2025 23:07,25.6276787,115.916403,96.82262143,39.98958415
03-09-2025 23:08,22.89215273,69.89668993,24.36858546,26.56847946
03-09-2025 23:09,24.37450826,51.26802572,71.67401689,60.73223409
03-09-2025 23:10,28.84248421,195.6289935,79.55496714,61.6481578
03-09-2025 23:11,22.41363235,70.89466685,87.88651033,29.45170609
03-09-2025 23:12,26.19551005,198.0046867,81.63158904,55.3058405
03-09-2025 23:13,21.18806379,96.07735218,77.11223708,32.9237612
03-09-2025 23:14,28.59443929,98.53847431,50.15094732,71.54807019
03-09-2025 23:15,21.20784773,115.8674323,26.90005067,67.17473886
03-09-2025 23:16,24.00744712,169.1242407,25.50587187,25.54667821
03-09-2025 23:17,24.19475013,177.3253723,23.27889147,69.09928538
03-09-2025 23:18,20.37746512,118.5017356,72.08872969,41.6678308
03-09-2025 23:19,25.34691574,191.6927554,43.85745827,51.02631855
03-09-2025 23:20,34.15925914,194.1562352,51.68746984,34.04339415
03-09-2025 23:21,30.90567084,149.303754,49.24144753,73.43284234
03-09-2025 23:22,21.6233892,120.4433147,97.67637453,50.39465694
03-09-2025 23:23,22.85368796,155.5231684,31.5627154,63.50463187
03-09-2025 23:24,36.37178621,106.4727775,24.67723204,57.1912908
03-09-2025 23:25,22.28927681,83.68147063,88.35326805,51.8878072
03-09-2025 23:26,20.93803918,155.937695,30.73332163,70.73504323
03-09-2025 23:27,23.72667814,103.2263311,87.77966884,72.56140349
03-09-2025 23:28,27.61020968,116.4102496,61.2236692,28.62129304
03-09-2025 23:29,19.82386105,75.63529786,80.6771358,48.58390815
03-09-2025 23:30,16.22847753,143.7882578,45.84616433,66.2283158
03-09-2025 23:31,31.73486819,161.3647081,70.34857431,74.58777511
03-09-2025 23:32,22.03547719,98.23833922,34.33898038,47.40203447
03-09-2025 23:33,29.27285829,109.1411948,18.52203053,30.6241618
03-09-2025 23:34,33.14618568,171.4287633,60.46868491,21.11656749
03-09-2025 23:35,27.59937184,153.4929139,72.52129364,76.10818213
03-09-2025 23:36,27.28068166,175.5362943,52.18963451,55.88607537
03-09-2025 23:37,29.68350755,177.9131569,55.38748812,49.21826581
03-09-2025 23:38,24.57355447,129.7349377,48.2558278,22.34810661
03-09-2025 23:39,29.31302789,165.6715554,69.25000205,22.39201333
03-09-2025 23:40,18.39601143,59.35276135,73.28887874,61.93529096
03-09-2025 23:41,30.33972882,119.7275974,86.81876228,57.07266406
03-09-2025 23:42,16.9224242,167.4839136,16.60585245,47.52249191
03-09-2025 23:43,24.68040779,170.4896837,77.68693077,32.80461201
03-09-2025 23:44,26.68218148,104.448748,16.29996562,67.13554299
03-09-2025 23:45,27.18726576,129.77254,10.81148411,62.60428241
03-09-2025 23:46,27.78621245,99.32647762,86.53531927,48.27168215
03-09-2025 23:47,22.89651589,102.0164333,35.99932487,65.84511126
03-09-2025 23:48,24.2805018,172.8783512,94.28283917,57.33673428
03-09-2025 23:49,23.2497995,79.58426914,75.16131602,57.54891451
03-09-2025 23:50,23.91885544,106.6973938,75.0073174,72.32143427
03-09-2025 23:51,27.74529063,136.8971127,71.8338814,71.64210946
03-09-2025 23:52,23.23655094,128.7443342,86.04637492,38.55011246
03-09-2025 23:53,36.57287678,119.19729,45.35887639,79.32161031
03-09-2025 23:54,34.17914956,56.54054643,50.32871103,57.85764075
03-09-2025 23:55,18.6107532,74.13776046,93.64773127,40.41729749
03-09-2025 23:56,26.81164236,128.7842948,15.91412701,67.53511183
03-09-2025 23:57,29.08504271,102.6716808,99.69330187,55.82336428
03-09-2025 23:58,29.93870456,178.9608597,94.7641056,57.91263833
03-09-2025 23:59,23.25435987,51.25772868,26.91264021,44.46336052
04-09-2025 00:00,26.45775406,93.2575481,40.18995838,48.97601543
04-09-2025 00:01,19.45370965,78.47182856,74.49136057,44.84673493
04-09-2025 00:02,21.6948188,127.9486617,26.00710986,45.43026219
04-09-2025 00:03,22.6792903,55.17367009,24.39492694,48.88747775
04-09-2025 00:04,17.39915941,147.679323,12.6902982,73.14373048
04-09-2025 00:05,21.79255269,145.2107447,31.82576718,21.08684597
04-09-2025 00:06,27.75135359,159.2207635,31.75404033,66.07257085
04-09-2025 00:07,31.52676481,67.42616597,77.37619207,63.95898767
04-09-2025 00:08,18.9586581,56.11813495,63.4397607,49.39886134
04-09-2025 00:09,14.23586679,159.7514339,18.29409179,79.85134082
04-09-2025 00:10,31.67346955,88.52616697,79.99308027,66.73024788
04-09-2025 00:11,21.72615074,165.2810456,90.22687735,67.89315617
04-09-2025 00:12,29.3115563,69.63623168,60.58594162,34.51336504
04-09-2025 00:13,19.02025868,112.8646528,27.35511896,78.34205355
04-09-2025 00:14,24.96211579,114.8258926,66.24663762,48.2038476
04-09-2025 00:15,21.67050625,185.9399333,95.68460773,45.02959825
04-09-2025 00:16,26.12995913,128.8017899,43.26255012,28.85681317
04-09-2025 00:17,19.03981097,120.1502753,69.3497133,31.64608793
04-09-2025 00:18,22.10334505,193.1957729,99.53120011,40.77501303
04-09-2025 00:19,29.59079558,130.02569,65.95511192,39.05121302
04-09-2025 00:20,19.88675338,51.64610875,79.352037,57.70642681
04-09-2025 00:21,25.28918551,155.4029224,46.75048872,24.84175065
04-09-2025 00:22,28.63510271,86.08220524,94.51354181,70.94365044
04-09-2025 00:23,31.57158008,164.7637613,44.98708803,55.4986389
04-09-2025 00:24,29.19261285,165.5106283,38.31965513,56.24367557
04-09-2025 00:25,24.59664412,69.06739488,64.7313408,35.72410475
04-09-2025 00:26,24.39698009,169.1583913,52.23435968,42.80132147
04-09-2025 00:27,26.19514386,154.2819323,16.76706348,31.12000344
04-09-2025 00:28,23.35550273,142.764076,34.67865721,37.66331205
04-09-2025 00:29,20.1821388,86.1410937,65.68594948,28.54096257
04-09-2025 00:30,27.15526929,133.6127558,39.58432917,45.779367
04-09-2025 00:31,28.4092899,106.7229494,67.6826615,55.81493184
04-09-2025 00:32,21.20582503,186.520295,39.98290492,50.67134513
04-09-2025 00:33,33.22352444,168.0263881,25.10790491,70.30902905
04-09-2025 00:34,29.38814958,117.497372,97.72148537,53.42552845
04-09-2025 00:35,27.1906128,114.6998661,97.06386583,63.95153341
04-09-2025 00:36,25.98453702,153.9946,39.27759758,27.06465274
04-09-2025 00:37,19.23565864,131.2071658,88.08291881,65.94476796
04-09-2025 00:38,16.59035173,124.1468922,87.35441229,25.93215118
04-09-2025 00:39,22.46085467,134.3440235,35.86762873,45.30458434
04-09-2025 00:40,24.15881631,111.7567168,31.2498313,55.12699584
04-09-2025 00:41,24.15875013,174.0997816,26.54948198,76.11020174
04-09-2025 00:42,19.14521575,119.9482142,86.39045085,42.03208538
04-09-2025 00:43,31.52489597,108.4137537,43.96703283,53.57352662
04-09-2025 00:44,23.73535983,72.92809064,71.424799,43.36431759
04-09-2025 00:45,19.17601896,66.17735457,85.43225447,66.41267461
04-09-2025 00:46,28.61535648,92.68239802,16.92280183,39.08350196
04-09-2025 00:47,19.42698295,63.12713355,75.04766197,32.40581435
04-09-2025 00:48,28.36986556,133.8037848,49.52088842,58.19792985
04-09-2025 00:49,26.68898466,197.1065362,34.90013106,59.6998549
04-09-2025 00:50,25.80964306,127.2323726,87.10023531,51.43756339
04-09-2025 00:51,22.31923348,99.38707157,92.01522574,56.30307663
04-09-2025 00:52,23.24137646,69.53028789,62.14230469,24.59900584
04-09-2025 00:53,22.95384393,53.81189885,36.06271502,61.54501333
04-09-2025 00:54,26.54761201,129.7611323,76.88248855,25.18563256
04-09-2025 00:55,19.068171,148.9938253,23.23883572,62.59511702
04-09-2025 00:56,29.45895108,156.5620013,21.01672868,21.54201014
04-09-2025 00:57,18.9420744,71.31032614,92.12453897,29.50687535
04-09-2025 00:58,27.94763051,59.55889681,51.27816843,70.19986056
04-09-2025 00:59,24.51456683,133.3163679,50.09996395,57.64858191
04-09-2025 01:00,18.74587653,121.0427506,55.17544141,27.90875087
04-09-2025 01:01,25.88396506,153.3753535,98.72633184,68.83180894
04-09-2025 01:02,27.49966728,125.8965871,94.73846239,60.16101885
04-09-2025 01:03,27.62156449,81.05160032,74.11476725,26.07296893
04-09-2025 01:04,20.22801575,153.5171235,86.33838745,77.33612626
04-09-2025 01:05,29.55259563,124.9477439,38.82782328,37.19894659
04-09-2025 01:06,23.77905362,186.0970306,99.68680507,76.60281902
04-09-2025 01:07,16.25600874,143.2606487,16.07169574,42.00972241
04-09-2025 01:08,33.01934844,137.0145474,55.87495132,38.73032779
04-09-2025 01:09,26.07777802,104.1219143,28.33973928,30.20386104
04-09-2025 01:10,24.33254274,165.4727995,68.01717741,68.2304575
04-09-2025 01:11,26.7232181,115.7202376,41.46121626,23.00556829
04-09-2025 01:12,26.59950739,177.3225859,95.74560267,33.37273367
04-09-2025 01:13,23.22034017,53.15898398,52.14904636,51.89865881
04-09-2025 01:14,18.00097731,196.1424664,85.96305999,22.00475358
04-09-2025 01:15,29.09369806,150.668234,92.16968793,52.02680388
04-09-2025 01:16,21.79654606,70.26512417,99.22989597,24.64956375
04-09-2025 01:17,32.57395173,69.38993628,26.25180447,76.48215514
04-09-2025 01:18,19.89306588,102.5315486,73.65292991,55.56165358
04-09-2025 01:19,17.39673901,124.7622967,43.0434238,35.19421454
04-09-2025 01:20,21.85062689,93.21543367,23.32358764,24.98144229
04-09-2025 01:21,15.6994315,155.5655465,45.9926448,53.19627706
04-09-2025 01:22,24.91525287,195.3909836,92.00865721,46.05812073
04-09-2025 01:23,23.77318091,73.86053813,99.61995445,32.98257336
04-09-2025 01:24,30.47175829,103.0635973,30.5380707,70.54690097
04-09-2025 01:25,21.09575605,165.9240027,40.71530049,27.16244194
04-09-2025 01:26,25.55115734,61.07135766,76.68897319,39.19491462
04-09-2025 01:27,25.44349091,65.10286397,22.78054797,62.51004313
04-09-2025 01:28,30.2165232,119.0186658,80.84235916,37.26773227
04-09-2025 01:29,25.24991298,54.48383082,76.97342035,42.81643029
04-09-2025 01:30,21.8077656,182.7417197,87.21595162,25.63550065
04-09-2025 01:31,27.9446396,157.9406655,81.00327766,79.21593564
04-09-2025 01:32,33.63430086,133.0544356,22.95490544,37.33679177
04-09-2025 01:33,22.51378538,59.63485919,77.11720096,34.39283323
04-09-2025 01:34,30.99027598,193.0661844,96.50957302,43.96764305
04-09-2025 01:35,23.62688801,160.650625,65.01748532,21.85219874
04-09-2025 01:36,28.10476896,196.0483779,45.45773032,49.66092033
04-09-2025 01:37,19.21871648,63.25538098,86.59781719,51.63481176
04-09-2025 01:38,22.34351683,90.59442156,99.82007914,21.80570761
04-09-2025 01:39,25.18473727,118.9607423,44.42780082,72.27959996
04-09-2025 01:40,27.72787442,114.9392004,39.30388152,50.38757303
04-09-2025 01:41,27.82703902,176.4662899,90.5395768,71.91600369
04-09-2025 01:42,14.89279179,187.915181,87.09917846,75.76524338
04-09-2025 01:43,25.53371196,187.0990091,11.28541246,27.70085033
04-09-2025 01:44,20.42901577,114.5906163,49.85002812,66.69194246
04-09-2025 01:45,21.47194309,94.49340639,97.96614776,42.28535798
04-09-2025 01:46,26.1622266,105.0446829,19.21337934,41.21252349
04-09-2025 01:47,24.7243156,118.9786766,17.7919733,74.30197117
04-09-2025 01:48,25.82929052,95.22159732,19.1183916,66.17930128
04-09-2025 01:49,26.73807433,198.1824909,38.01860629,50.30272732
04-09-2025 01:50,27.95325386,72.10763633,46.57918868,48.78241515
04-09-2025 01:51,19.35915144,130.6462468,90.9445212,67.22234697
04-09-2025 01:52,25.80802723,113.7446448,43.41575234,32.53281391
04-09-2025 01:53,21.71214416,150.7420995,61.48628702,58.83505601
04-09-2025 01:54,28.59096729,184.3891686,99.87281386,56.27860737
04-09-2025 01:55,26.02494761,85.13537344,15.87619757,34.97890654
04-09-2025 01:56,33.37602613,197.373378,27.7471479,36.94333745
04-09-2025 01:57,18.10123477,162.626686,52.89458809,22.17090385
04-09-2025 01:58,19.09069821,105.3025467,79.68364493,20.10802148
04-09-2025 01:59,24.47029247,76.25343944,71.36446704,73.76890754
04-09-2025 02:00,35.05052211,116.4521909,66.66458208,56.58171027
04-09-2025 02:01,23.04486514,154.3301369,86.44237276,21.41236621
04-09-2025 02:02,27.21894916,97.84160586,55.44591034,73.0297785
04-09-2025 02:03,26.72124733,158.5045418,13.34263773,26.0867039
04-09-2025 02:04,21.37348832,144.3379254,83.6661661,50.51395144
04-09-2025 02:05,22.87869323,184.7745228,84.58015068,34.73382141
04-09-2025 02:06,27.45867585,109.3594512,70.93012032,78.76322561
04-09-2025 02:07,13.03618691,188.746397,84.93740603,33.33418795
04-09-2025 02:08,22.20465304,82.55978727,95.01547288,55.43356714
04-09-2025 02:09,22.45351435,152.8413043,79.99714831,52.55422447
04-09-2025 02:10,25.53206417,126.1180931,53.66728868,50.01550294
04-09-2025 02:11,24.35918715,100.5749532,63.02696102,70.27634806
04-09-2025 02:12,18.49979316,75.01854092,89.28621819,63.96447005
04-09-2025 02:13,21.75123582,145.4173472,45.43085063,60.824119
04-09-2025 02:14,28.55267766,96.73196277,56.4464992,52.0954544
04-09-2025 02:15,28.96419304,89.329126,50.61332395,25.14215282
04-09-2025 02:16,24.02166182,129.1995311,38.06942785,56.05995886
04-09-2025 02:17,23.13678052,58.82200387,23.6387078,44.62705793
04-09-2025 02:18,20.39734041,100.070199,87.52281102,79.56071999
04-09-2025 02:19,27.32139068,162.8032544,72.61906768,56.36401983
04-09-2025 02:20,28.52326607,189.7754206,50.65844863,57.7819441
04-09-2025 02:21,21.57222749,97.73125454,12.12774652,39.94287329
04-09-2025 02:22,28.620333,51.38277724,98.75735457,46.66929438
04-09-2025 02:23,22.59410153,94.23806954,77.41832623,39.08138884
04-09-2025 02:24,29.19553904,160.4808311,38.82073521,69.88578213
04-09-2025 02:25,28.0326168,67.72024328,21.91671956,78.9849617
04-09-2025 02:26,30.08092232,154.24123,50.88910621,69.11775766
04-09-2025 02:27,25.30279414,143.7311538,19.12798298,70.36029821
04-09-2025 02:28,22.69624578,166.4037752,31.69823718,43.27342908
04-09-2025 02:29,21.39144509,96.66945308,13.39402608,27.9074282
04-09-2025 02:30,22.16972472,145.3955487,54.60984528,23.48098675
04-09-2025 02:31,26.86929671,197.3185829,22.18882327,77.31159945
04-09-2025 02:32,22.89032684,125.8932422,29.60957518,44.89871664
04-09-2025 02:33,29.9546759,174.3474577,27.91222279,46.12560595
04-09-2025 02:34,21.69859374,130.5503679,55.28032872,71.22312148
04-09-2025 02:35,25.79675911,101.1907915,86.33654863,36.93960327
04-09-2025 02:36,28.76897205,133.9542902,60.25280849,24.51644778
04-09-2025 02:37,24.66008997,62.3289313,55.37527968,58.87802234
04-09-2025 02:38,20.89182365,114.4001868,21.99100613,31.22391634
04-09-2025 02:39,16.52138758,162.5538788,99.65319249,61.92105324
04-09-2025 02:40,33.4611484,86.59601139,39.29727715,53.36388615
04-09-2025 02:41,26.79586929,61.18391547,42.13274483,64.22812029
04-09-2025 02:42,24.02539514,150.2283214,74.26063487,74.72577159
04-09-2025 02:43,28.56891341,177.1556473,20.67419739,79.56189293
04-09-2025 02:44,30.19612466,74.25472853,90.11851731,24.57003176
04-09-2025 02:45,25.9726927,179.2702258,77.31216979,34.72569858
04-09-2025 02:46,28.41293432,128.1305721,38.41805648,74.41281556
04-09-2025 02:47,31.14791153,117.3574481,60.11746888,35.71058596
04-09-2025 02:48,31.77322257,130.2346963,86.44852732,30.92357007
04-09-2025 02:49,29.13210367,60.14153304,11.87568775,26.77780409
04-09-2025 02:50,12.23919398,82.51020728,92.78765929,70.85776903
04-09-2025 02:51,22.61141932,162.4183037,22.2491924,70.90473579
04-09-2025 02:52,24.85306272,173.3076609,64.63159952,76.83926952
04-09-2025 02:53,27.54497233,80.62090431,14.07200968,37.94370479
04-09-2025 02:54,25.4985806,194.0727339,62.97472055,69.37631582
04-09-2025 02:55,7.808608441,55.79460678,64.19738809,54.9567493
04-09-2025 02:56,25.99643395,148.5764855,80.09563366,78.75184385
04-09-2025 02:57,30.63812131,114.7448396,34.32341338,40.8047442
04-09-2025 02:58,23.28884795,94.81954432,72.99130309,37.73515944
04-09-2025 02:59,20.56168363,141.736435,95.67156004,71.99363673
04-09-2025 03:00,33.53530171,139.8652105,62.97417122,46.27702888
04-09-2025 03:01,27.00718592,193.564262,94.11489354,24.75616681
04-09-2025 03:02,26.49875109,78.62058402,58.77240378,52.2450488
04-09-2025 03:03,23.58861139,197.2931658,49.10260023,21.29030911
04-09-2025 03:04,34.04094442,97.62466346,83.05604369,49.74017273
04-09-2025 03:05,24.25222876,77.75767578,44.08044733,21.15984902
04-09-2025 03:06,24.34523682,166.8065792,49.3569854,20.33380156
04-09-2025 03:07,15.9421105,130.502361,70.12913886,32.42510829
04-09-2025 03:08,25.42168211,76.49701804,25.38657006,52.57881063
04-09-2025 03:09,15.76643153,89.35130172,72.89764541,44.22412546
04-09-2025 03:10,24.94184767,109.5846514,71.55558873,50.30325339
04-09-2025 03:11,17.42193106,104.1567732,18.99804448,32.04435077
04-09-2025 03:12,31.02363896,123.1857144,14.71889332,44.90671116
04-09-2025 03:13,33.44441689,101.480377,78.69449836,58.94909476
04-09-2025 03:14,24.12751799,106.9030839,11.66805366,36.05310655
04-09-2025 03:15,33.36003887,54.3302215,11.1579682,29.24524223
04-09-2025 03:16,21.16581225,114.8836004,76.66484569,78.9751025
04-09-2025 03:17,20.80162021,132.2190472,87.37006623,25.15861505
04-09-2025 03:18,32.47506405,120.4750541,72.46171206,26.2731989
04-09-2025 03:19,23.2960885,144.4163353,87.7511503,41.29935908
04-09-2025 03:20,31.704792,54.92964066,56.00792588,44.76559114
04-09-2025 03:21,23.33245307,136.5503529,62.16321263,69.97685245
04-09-2025 03:22,18.23523949,151.1298125,14.93332489,39.64425266
04-09-2025 03:23,22.40908192,54.41470754,63.31171872,73.59438458
04-09-2025 03:24,27.01435113,155.6972544,78.99092643,74.00429159
04-09-2025 03:25,13.17671433,133.515289,69.78505572,43.6214909
04-09-2025 03:26,23.78035674,83.37528163,26.88178119,37.39835594
04-09-2025 03:27,17.53223568,92.19124902,40.8021984,49.59024502
04-09-2025 03:28,31.34773688,187.1821694,34.87589106,41.51904741
04-09-2025 03:29,22.09081176,199.3498888,47.22152302,32.03811926
04-09-2025 03:30,21.56151922,163.630077,70.97009899,58.28092498
04-09-2025 03:31,27.38987575,103.8903893,41.61671556,66.36102625
04-09-2025 03:32,14.08334298,83.87577455,71.54793165,73.10899535
04-09-2025 03:33,27.32848536,71.42964885,61.81477375,54.31947176
04-09-2025 03:34,35.47232569,132.3931513,66.50113663,47.79400542
04-09-2025 03:35,27.15528793,150.7461557,57.01037852,69.0647032
04-09-2025 03:36,21.93067113,68.85636388,34.72903245,70.59174675
04-09-2025 03:37,23.25538997,138.8465609,90.9663164,60.11349266
04-09-2025 03:38,26.31203061,58.9024315,22.89893435,44.77515582
04-09-2025 03:39,17.82725114,98.92697578,51.8029871,42.56669923
04-09-2025 03:40,18.74866687,169.6139731,83.6680805,38.01280059
04-09-2025 03:41,28.46553751,162.8400519,15.83641253,61.58802168
04-09-2025 03:42,11.03548408,85.90501727,59.70021369,57.13061925
04-09-2025 03:43,31.55757337,190.9404685,81.1049007,63.89986741
04-09-2025 03:44,31.72044358,199.594563,21.61355824,71.30962599
04-09-2025 03:45,25.18026229,125.3294591,12.244045,32.44725194
04-09-2025 03:46,36.33966124,183.6018639,64.3459481,59.17366213
04-09-2025 03:47,22.43961643,51.17592558,52.49290531,48.08328182
04-09-2025 03:48,28.01843718,131.7251451,44.72031712,24.5941089
04-09-2025 03:49,18.41408389,103.6163406,28.92850535,72.44563761
04-09-2025 03:50,29.3592786,162.082306,13.39275199,70.85592156
04-09-2025 03:51,16.98952211,120.7038279,89.57657974,27.61901594
04-09-2025 03:52,26.52577917,87.49510566,57.70318294,22.09298003
04-09-2025 03:53,6.156082067,102.2355727,44.35976121,62.52960842
04-09-2025 03:54,24.67304017,141.5164567,98.26680977,25.75721987
04-09-2025 03:55,29.40362196,138.2605789,90.73308536,65.74557814
04-09-2025 03:56,30.29250769,63.85338344,71.33336316,68.12420534
04-09-2025 03:57,33.29901352,119.0211551,47.49521475,69.44927746
04-09-2025 03:58,14.63890209,89.94496428,57.74383431,61.77288118
04-09-2025 03:59,17.82604613,76.37396117,78.17680864,46.43206123
04-09-2025 04:00,17.64616843,73.65737269,85.30500277,28.13724396
04-09-2025 04:01,25.19901909,117.1429819,61.51036381,74.64270317
04-09-2025 04:02,21.27107055,189.1735762,81.30098282,41.56615004
04-09-2025 04:03,26.72224306,89.52193907,67.22727423,26.9079614
04-09-2025 04:04,24.43481289,188.4497334,20.30661666,35.61598778
04-09-2025 04:05,28.88643594,68.96845248,42.94741999,32.47751903
04-09-2025 04:06,17.90052229,188.9720219,79.76699678,47.58263812
04-09-2025 04:07,24.3368207,156.8461522,79.53072062,43.21161348
04-09-2025 04:08,26.69798571,139.2058724,19.950603,65.856358
04-09-2025 04:09,22.91214389,124.5799353,82.3329123,46.64334515
04-09-2025 04:10,30.16840745,109.8840454,77.5576412,68.61148921
04-09-2025 04:11,34.80276938,183.7967567,22.46654697,31.09201883
04-09-2025 04:12,17.99152996,128.1255379,22.64524828,21.5098336
04-09-2025 04:13,31.54805395,149.7224206,80.25889136,55.30863592
04-09-2025 04:14,24.4175961,126.6268344,28.64367475,32.02591073
04-09-2025 04:15,29.5201201,144.3328806,88.33990056,38.32741671
04-09-2025 04:16,31.77632605,50.02929852,67.13321665,56.24233055
04-09-2025 04:17,29.1617123,122.8466332,49.80250667,23.28874375
04-09-2025 04:18,16.14186988,84.359012,54.39644878,45.14232833
04-09-2025 04:19,29.56682572,61.53730443,89.78331643,51.61246985
04-09-2025 04:20,35.77043619,186.7271499,63.24844291,62.19123087
04-09-2025 04:21,25.31027985,146.9337958,80.67858349,25.57005608
04-09-2025 04:22,27.44344628,94.91427741,84.57878079,54.78729555
04-09-2025 04:23,21.58080347,187.9962494,69.83978432,29.07471823
04-09-2025 04:24,28.45123662,84.83357077,69.22441835,36.47719513
04-09-2025 04:25,25.94592669,105.4532996,84.48013884,33.87968395
04-09-2025 04:26,25.47048441,157.3206476,64.51753145,31.4561095
04-09-2025 04:27,15.12299203,132.747499,83.19149702,45.83726168
04-09-2025 04:28,24.95104021,133.5629073,71.19356081,57.1465694
04-09-2025 04:29,21.84512859,77.43005558,52.840945,30.53241002
04-09-2025 04:30,21.03015272,120.9586495,32.67708604,20.23725169
04-09-2025 04:31,30.55076239,174.5692516,66.06411103,48.18914034
04-09-2025 04:32,28.78253115,82.03246699,23.77438507,46.36380795
04-09-2025 04:33,22.8615088,103.6423336,12.99399017,44.55484455
04-09-2025 04:34,34.9168623,159.7872872,44.31777189,36.2095932
04-09-2025 04:35,20.43153213,68.54074554,43.94428207,78.91984777
04-09-2025 04:36,18.8085536,149.3696263,49.88425887,21.36113225
04-09-2025 04:37,29.65303683,160.3555091,61.28851771,66.76955516
04-09-2025 04:38,24.71732008,153.5449651,47.41226905,27.76985879
04-09-2025 04:39,20.20972319,116.9384012,86.06536543,24.07326289
04-09-2025 04:40,24.31785788,132.4053576,11.59304208,38.20677978
04-09-2025 04:41,28.25005392,123.8048873,22.80406611,43.10644516
04-09-2025 04:42,29.08785803,185.0572058,61.73100397,48.06322038
04-09-2025 04:43,24.54184096,110.4347035,44.93468682,54.54419238
04-09-2025 04:44,23.52114452,69.7672106,65.02863592,52.37554113
04-09-2025 04:45,25.94823408,130.1627523,48.06333157,27.35139539
04-09-2025 04:46,33.30979684,74.76507288,63.94029818,59.55625218
04-09-2025 04:47,27.58650736,135.4229918,99.77554079,39.59718827
04-09-2025 04:48,20.98559901,106.1482802,92.47554712,27.38220462
04-09-2025 04:49,21.23186879,59.30473151,40.60808289,44.60181833
04-09-2025 04:50,29.93560543,106.4650783,36.31265938,41.68831367
04-09-2025 04:51,28.36054336,79.69273932,44.96058134,47.06517371
04-09-2025 04:52,29.03227103,106.1330275,69.32103505,70.47915236
04-09-2025 04:53,26.10660734,117.4900881,50.62243393,71.31063744
04-09-2025 04:54,20.70256436,52.26540338,92.09643481,38.60623733
04-09-2025 04:55,22.06052818,68.54201533,33.88249826,77.47465162
04-09-2025 04:56,22.13132922,172.2809569,30.78208334,32.20611991
04-09-2025 04:57,31.54994903,56.05812222,41.36338013,46.86025525
04-09-2025 04:58,29.27479904,189.0714058,99.50631192,32.52514231
04-09-2025 04:59,34.87635331,58.01211746,88.03417303,28.10804681
04-09-2025 05:00,29.83792392,139.4533061,80.4499806,38.46762828
04-09-2025 05:01,20.27861062,123.8169018,23.03792163,66.35510336
04-09-2025 05:02,27.59100724,182.6150517,61.35363539,50.68631888
04-09-2025 05:03,29.69925911,145.4682644,41.91704762,25.13083328
04-09-2025 05:04,21.91151331,134.7668489,73.89902645,56.09505149
04-09-2025 05:05,22.53758702,199.51971,22.3192077,71.46702878
04-09-2025 05:06,24.37980959,96.40728398,82.99476119,34.17987817
04-09-2025 05:07,24.77696929,111.9637623,79.37979951,61.06188753
04-09-2025 05:08,26.16877398,51.70244244,11.68083432,43.526669
04-09-2025 05:09,23.02793281,84.65083831,89.85507144,65.50638317
04-09-2025 05:10,24.95506346,50.1014858,31.483572,42.44354313
04-09-2025 05:11,32.12462455,105.5128967,73.06173729,64.08907962
04-09-2025 05:12,22.42971895,97.23095538,14.95262757,21.74777187
04-09-2025 05:13,17.94895553,112.525546,38.83396353,33.83636815
04-09-2025 05:14,27.64564844,103.3483203,88.89426391,24.3801002
04-09-2025 05:15,22.61157629,164.0373281,83.51405495,59.19313347
04-09-2025 05:16,20.25112932,194.648008,21.81213099,66.85642613
04-09-2025 05:17,32.20499187,110.1942177,62.34051563,34.00925792
04-09-2025 05:18,23.69161582,81.57738036,67.52352375,68.53348894
04-09-2025 05:19,33.92494841,129.5442457,71.93585928,31.72144428
04-09-2025 05:20,17.541678,149.4824242,78.18036847,77.50946158
04-09-2025 05:21,23.07857595,118.151249,55.1867751,64.04473943
04-09-2025 05:22,22.48063073,188.4040984,28.71999088,72.86539054
04-09-2025 05:23,21.20013547,130.977127,99.47730457,65.40207868
04-09-2025 05:24,27.32209284,149.9480674,44.17828856,31.11329896
04-09-2025 05:25,20.08079704,196.2928642,99.67006627,26.07158036
04-09-2025 05:26,39.22689307,70.47332612,74.26181274,36.49827575
04-09-2025 05:27,26.3166697,63.00883412,98.47064274,50.12579463
04-09-2025 05:28,26.24112254,112.075005,28.82770227,46.91932774
04-09-2025 05:29,24.40169307,106.7636005,62.13106564,60.7643808
04-09-2025 05:30,21.93936452,73.15419677,16.4719393,41.7315851
04-09-2025 05:31,20.43470899,63.99096019,19.21296711,58.02467053
04-09-2025 05:32,19.82419727,95.79428331,64.08286485,51.27868798
04-09-2025 05:33,18.33368022,162.4880611,12.85061056,58.62808388
04-09-2025 05:34,28.15312118,184.1205359,15.68064097,32.47639877
04-09-2025 05:35,29.39228703,165.6483764,86.36973321,43.92658321
04-09-2025 05:36,28.50156117,157.4465064,29.50684682,67.72860121
04-09-2025 05:37,27.43530624,51.93479547,15.53683961,69.88632399
04-09-2025 05:38,25.42282366,142.7472148,27.69414503,72.35183779
04-09-2025 05:39,21.10769278,95.50977015,11.44360744,69.24130249
04-09-2025 05:40,25.96904745,50.38382185,44.00895528,33.00940457
04-09-2025 05:41,27.22040089,149.7440134,89.36447846,60.05568304
04-09-2025 05:42,24.38225063,182.857423,92.621022,77.43916399
04-09-2025 05:43,15.64114729,62.48863177,24.99654145,78.19401818
04-09-2025 05:44,31.44225733,176.4771368,17.85915609,73.90109029
04-09-2025 05:45,30.99807574,51.19810612,24.23432963,76.27016169
04-09-2025 05:46,31.59323155,173.4261822,75.53783693,51.36131931
04-09-2025 05:47,17.10353488,171.5273278,58.29165186,21.18845439
04-09-2025 05:48,18.49976757,57.61131415,62.77034117,67.47893986
04-09-2025 05:49,28.40619145,83.29274729,34.63629077,29.69279839
04-09-2025 05:50,30.17298587,158.2656244,16.19191681,66.22997932
04-09-2025 05:51,27.61360292,133.9112267,38.74718259,29.71649648
04-09-2025 05:52,24.06274009,112.3808855,97.14337359,45.49550892
04-09-2025 05:53,27.2890953,69.03442007,64.13393255,30.93142357
04-09-2025 05:54,25.60905904,161.1239732,37.0487704,76.35420723
04-09-2025 05:55,20.30079952,190.7426522,41.51771368,74.83393204
04-09-2025 05:56,25.87493491,146.2645397,64.23199505,31.38677514
04-09-2025 05:57,21.5187294,179.9415866,48.26313414,22.68566567
04-09-2025 05:58,24.71817016,177.95786,20.50232588,24.89055592
04-09-2025 05:59,30.85048246,125.9999582,31.47265505,74.99276467
04-09-2025 06:00,15.10787646,68.23074951,76.74314269,55.35308981
04-09-2025 06:01,20.26091734,56.9820883,17.39136458,59.31832579
04-09-2025 06:02,32.98333018,167.6663913,47.26534966,72.30409078
04-09-2025 06:03,30.63542561,148.7486569,58.32507996,67.66920809
04-09-2025 06:04,24.8290861,74.36324962,87.32616661,45.57430657
04-09-2025 06:05,23.10145334,147.7699527,31.30677665,44.87403315
04-09-2025 06:06,20.14959427,81.51027171,63.12495824,37.96532373
04-09-2025 06:07,28.78797108,117.0177701,96.89946191,59.91212231
04-09-2025 06:08,33.14175076,106.5890247,19.90465203,68.68543587
04-09-2025 06:09,20.88151418,96.08688691,55.4616628,79.81632376
04-09-2025 06:10,26.65189732,143.3928065,92.11922544,62.82041568
04-09-2025 06:11,24.52237631,73.93406034,24.91474264,75.793949
04-09-2025 06:12,26.01676143,77.86946346,16.39328188,51.01271347
04-09-2025 06:13,30.96528827,74.45959812,83.51082566,25.22889238
04-09-2025 06:14,10.95151102,130.8210227,27.03600346,45.45609387
04-09-2025 06:15,27.90790872,105.0084711,25.24237108,39.12142703
04-09-2025 06:16,26.83731643,153.707679,88.29379048,36.88444139
04-09-2025 06:17,19.4031598,182.0951708,73.68414862,32.42822189
04-09-2025 06:18,20.95047629,115.1198243,47.03564262,30.58963052
04-09-2025 06:19,25.3876117,83.42361429,86.21120133,53.23418978
04-09-2025 06:20,29.12542706,185.3266523,31.69932924,50.78715078
04-09-2025 06:21,25.314647,140.8085274,29.9286073,23.13606722
04-09-2025 06:22,20.66182235,62.83497244,75.87448636,61.04153558
04-09-2025 06:23,14.71331287,169.0760076,74.55421292,58.97014289
04-09-2025 06:24,19.61597774,196.7212172,21.87342443,56.7148424
04-09-2025 06:25,27.58502822,97.48944841,88.01412718,45.9246155
04-09-2025 06:26,27.52627369,130.4675483,89.43382731,64.27372313
04-09-2025 06:27,25.93265284,186.4888924,44.63932254,64.46320458
04-09-2025 06:28,13.76898287,96.73807401,11.91558268,75.45398129
04-09-2025 06:29,27.05843266,79.16284205,58.6200285,46.03803886
04-09-2025 06:30,18.08203196,175.709423,96.90169165,66.74851025
04-09-2025 06:31,20.87963384,149.0067335,93.7602479,29.38444052
04-09-2025 06:32,24.96067682,79.33958945,15.06765851,31.3576385
04-09-2025 06:33,24.89292814,90.55606166,57.49439473,76.98925516
04-09-2025 06:34,25.97457551,150.889797,82.90889538,49.30701391
04-09-2025 06:35,27.00565824,68.51226473,78.57470138,45.91963661
04-09-2025 06:36,24.92540612,114.1630429,49.09506542,26.76540598
04-09-2025 06:37,27.64956377,71.50104085,36.7308758,48.02930146
04-09-2025 06:38,28.78006666,65.77174295,82.75267178,52.42725529
04-09-2025 06:39,19.69215322,105.0021202,63.56681552,73.0863001
04-09-2025 06:40,17.10895113,159.8903296,95.42814846,42.0401575
04-09-2025 06:41,27.69722488,75.99591532,53.43526708,54.59028202
04-09-2025 06:42,27.07523997,105.64731,55.89703819,63.35834572
04-09-2025 06:43,32.82970687,192.4108292,32.08560398,27.16656411
04-09-2025 06:44,26.36806172,162.1921279,98.8160482,44.94668156
04-09-2025 06:45,13.2442153,118.5781326,13.92887769,79.30728204
04-09-2025 06:46,18.56194813,175.4901521,95.10006787,37.70793287
04-09-2025 06:47,27.1571484,155.1332143,70.69928346,27.96423854
04-09-2025 06:48,20.5865822,132.7418109,85.66908636,48.00586107
04-09-2025 06:49,20.82171632,70.46857007,20.04056685,40.03822155
04-09-2025 06:50,20.23193369,95.87664833,62.46623144,58.38784324
04-09-2025 06:51,22.67189499,159.1685447,66.73755188,33.41617254
04-09-2025 06:52,25.90814539,168.2570071,39.55092172,76.55127949
04-09-2025 06:53,26.03182884,144.312945,35.48604892,61.24971269
04-09-2025 06:54,18.56052284,177.7917043,37.21829264,59.34561387
04-09-2025 06:55,27.98748549,66.52369316,23.66834797,30.92029427
04-09-2025 06:56,28.78154207,62.683749,63.53372268,23.94935823
04-09-2025 06:57,29.63849584,110.1740872,73.81041445,73.6318247
04-09-2025 06:58,26.55174756,195.8326811,66.97405065,42.03662575
04-09-2025 06:59,17.18545736,65.93052169,56.46436366,55.45646377
04-09-2025 07:00,31.5937089,80.64061348,89.01367622,79.07674269
04-09-2025 07:01,30.34406375,143.2111366,49.31717685,61.188942
04-09-2025 07:02,22.912903,85.85466861,13.37265866,33.35288271
04-09-2025 07:03,31.41950115,67.25864083,95.85842277,28.03220731
04-09-2025 07:04,22.99075797,50.79569187,67.8821307,34.45575617
04-09-2025 07:05,19.49013107,73.11590948,21.63786739,73.37779699
04-09-2025 07:06,23.41900126,154.6831846,70.66910408,37.52544589
04-09-2025 07:07,18.0504727,88.34731878,13.23370806,46.25863659
04-09-2025 07:08,23.38515601,63.64659159,55.73752482,49.66047822
04-09-2025 07:09,28.46253464,152.2605468,69.3239283,39.40010093
04-09-2025 07:10,19.20953003,154.2493574,82.80987382,52.42755827
04-09-2025 07:11,32.31396895,134.5407994,79.3837128,70.31776245
04-09-2025 07:12,26.53710825,63.74878778,24.06145771,30.42934621
04-09-2025 07:13,26.77825723,176.6503043,66.13863949,69.31061448
04-09-2025 07:14,22.01817127,62.61101361,16.0687711,76.0799789
04-09-2025 07:15,22.32448566,179.9795911,85.38040354,59.78843769
04-09-2025 07:16,21.61548604,121.6483493,49.93678418,53.99417878
04-09-2025 07:17,29.75035742,126.0871584,49.39099642,36.81188178
04-09-2025 07:18,20.70096668,155.9790079,30.44429802,60.08248161
04-09-2025 07:19,23.08629499,157.8876883,93.67007531,43.51814976
04-09-2025 07:20,29.96378015,169.1778537,61.06658197,24.20332213
04-09-2025 07:21,32.44516596,133.2037856,80.23633685,38.379711
04-09-2025 07:22,19.94093819,83.48776731,60.73806152,22.17971691
04-09-2025 07:23,24.28124862,56.33515304,56.39373971,66.23692396
04-09-2025 07:24,26.93114685,73.34594072,39.34095727,60.50832797
04-09-2025 07:25,23.44598812,172.3063617,15.05305613,34.60891672
04-09-2025 07:26,26.061188,196.9003063,42.34657179,56.50864899
04-09-2025 07:27,29.1061869,141.5125752,44.05075909,67.67835457
04-09-2025 07:28,22.65450938,78.04898686,78.1097646,36.11955701
04-09-2025 07:29,23.56248382,196.1675008,29.851472,39.35820518
04-09-2025 07:30,24.99225757,194.7301849,93.55237214,36.77905342
04-09-2025 07:31,26.36883631,168.656181,88.80864405,76.2149822
04-09-2025 07:32,31.25450646,164.6545655,31.29495274,74.50152226
04-09-2025 07:33,30.06914399,136.8437212,21.6640959,24.65919547
04-09-2025 07:34,22.14184342,93.40788758,30.70910629,68.6156453
04-09-2025 07:35,31.16569159,85.86703597,71.57422433,60.99861205
04-09-2025 07:36,20.18861418,58.33273982,45.01880995,23.55744135
04-09-2025 07:37,30.30230466,56.68456982,71.17598857,55.07326199
04-09-2025 07:38,21.00988648,66.21712747,92.80589884,43.24528403
04-09-2025 07:39,24.5398839,198.7785006,22.82660458,71.39321387
04-09-2025 07:40,15.18301742,83.64374575,76.49987404,23.9776973
04-09-2025 07:41,29.7115235,144.208004,25.168191,65.90996743
04-09-2025 07:42,23.1595899,168.1886021,67.96728928,79.54567689
04-09-2025 07:43,17.26385599,152.9079984,63.54028263,55.96693833
04-09-2025 07:44,23.0785598,91.09198967,15.05821459,66.0657139
04-09-2025 07:45,21.57407081,152.5658126,74.55511289,74.45984651
04-09-2025 07:46,23.82058447,86.90485527,39.06577237,70.54436724
04-09-2025 07:47,24.47919212,148.6873116,54.82501851,22.75424665
04-09-2025 07:48,22.28871678,196.2043078,47.8488465,59.80137105
04-09-2025 07:49,19.52936158,137.1416113,29.7744104,67.64685751
04-09-2025 07:50,26.41073566,122.8721873,54.89354097,64.15832817
04-09-2025 07:51,29.88436633,50.45107831,32.9733797,36.3500576
04-09-2025 07:52,22.88764894,181.1152905,49.86953248,34.78730525
04-09-2025 07:53,14.84165601,136.2307377,97.08208822,73.75586764
04-09-2025 07:54,24.61842264,60.97882449,52.5240729,61.68917799
04-09-2025 07:55,31.56270588,116.6843074,56.42606844,68.77439833
04-09-2025 07:56,29.13338554,174.3536348,39.3355934,22.020792
04-09-2025 07:57,26.31161209,81.43104628,90.78750474,63.12464037
04-09-2025 07:58,20.76111112,90.23760991,49.43210913,44.43074731
04-09-2025 07:59,17.244965,58.68469072,96.55823088,41.23675712
04-09-2025 08:00,22.34269383,126.6087841,30.72483925,42.4237421
04-09-2025 08:01,16.31312032,152.4043851,36.5782583,66.90531693
04-09-2025 08:02,21.44792577,58.26251617,97.96520805,73.54196828
04-09-2025 08:03,30.23762122,162.5386359,51.87087205,76.62286632
04-09-2025 08:04,31.8081169,195.7567231,17.90570609,33.79526927
04-09-2025 08:05,36.7252214,163.3631814,70.47429575,69.08873736
04-09-2025 08:06,26.70280603,61.87032444,99.83518732,48.8069676
04-09-2025 08:07,24.63525799,58.74868823,16.38348249,26.83138129
04-09-2025 08:08,33.78480941,63.10376913,84.48479191,44.09030485
04-09-2025 08:09,22.14580419,191.0276438,30.40742148,33.21377528
04-09-2025 08:10,30.39464023,87.92619349,74.62946481,64.14986351
04-09-2025 08:11,30.46469766,90.88861538,33.30580753,30.51751528
04-09-2025 08:12,23.02775488,157.7221799,40.38331833,49.92002754
04-09-2025 08:13,26.61993914,151.5007149,60.06602724,56.03618022
04-09-2025 08:14,22.87149909,119.8774049,80.5113656,24.47798467
04-09-2025 08:15,16.15378904,70.23478467,69.7093245,41.36698757
04-09-2025 08:16,30.05663625,164.529115,94.73523632,37.78648175
04-09-2025 08:17,24.9644628,170.2758126,17.33113111,25.75841227
04-09-2025 08:18,19.40179173,74.07099371,69.95546417,51.80389783
04-09-2025 08:19,33.40504736,193.4969789,16.89103158,52.26045542
04-09-2025 08:20,33.60993309,179.050367,55.27242064,22.76326722
04-09-2025 08:21,19.81884014,128.455854,93.06942124,76.41778248
04-09-2025 08:22,33.87885923,91.47291973,86.66591967,73.9288595
04-09-2025 08:23,25.24192041,180.2030167,43.84393628,44.88855609
04-09-2025 08:24,32.26158339,98.465805,29.98432965,42.00434002
04-09-2025 08:25,21.40348564,125.1943522,92.65197217,73.13407647
04-09-2025 08:26,31.35946965,58.48460029,13.78394655,53.41097113
04-09-2025 08:27,29.77026587,189.9630575,45.06600968,40.4391221
04-09-2025 08:28,21.06461123,188.1998252,68.47812345,79.39366474
04-09-2025 08:29,25.24712558,165.141386,17.97348984,39.32081681
04-09-2025 08:30,34.47596859,66.95648622,12.31797884,76.55554716
04-09-2025 08:31,26.5436652,125.7184722,95.83053527,67.48571156
04-09-2025 08:32,29.12021103,165.4830604,48.5700457,23.79655899
04-09-2025 08:33,15.47411751,87.68809418,46.17813817,46.49399305
04-09-2025 08:34,30.82216678,133.5064259,73.95242053,53.6566471
04-09-2025 08:35,24.00496105,176.8209953,98.86696408,38.38562053
04-09-2025 08:36,21.55437003,95.95868842,74.87587689,66.01625299
04-09-2025 08:37,23.64299082,194.9457263,27.31342636,20.50766786
04-09-2025 08:38,30.48449139,85.62702326,36.98015456,71.60909064
04-09-2025 08:39,20.98182442,142.9676788,32.38412687,64.42096778
04-09-2025 08:40,21.37297462,122.4797732,87.73838107,40.08886882
04-09-2025 08:41,27.82329707,196.2528077,91.04622492,39.90574466
04-09-2025 08:42,23.29613399,193.428406,95.10938393,29.44755111
04-09-2025 08:43,21.38481124,112.9348904,95.57298458,30.11409759
04-09-2025 08:44,28.90979453,117.3148902,88.87151111,79.99522669
04-09-2025 08:45,24.11364141,73.51260532,25.01771529,79.13647935
04-09-2025 08:46,28.26622966,130.844407,31.07681519,47.26269977
04-09-2025 08:47,38.75884094,77.85565533,20.01226246,40.32759536
04-09-2025 08:48,27.47312977,130.540468,96.13306947,73.63669697
04-09-2025 08:49,15.96942572,129.1509712,48.0784082,71.62589048
04-09-2025 08:50,22.59662734,58.05165044,49.93053085,58.75214541
04-09-2025 08:51,22.05363575,182.0946368,85.13907486,45.286431
04-09-2025 08:52,28.97724445,165.4919075,92.42920744,67.08813821
04-09-2025 08:53,21.52749805,98.67980665,93.58092449,30.17668214
04-09-2025 08:54,18.57945569,93.35314903,29.17741876,61.43225389
04-09-2025 08:55,23.88423314,159.0929973,26.37971945,32.71308439
04-09-2025 08:56,28.26880856,79.35237728,29.68003381,49.72825463
04-09-2025 08:57,29.87973891,107.3581043,65.55150779,38.34861441
04-09-2025 08:58,23.35448764,62.20239138,26.98325221,23.26399096
04-09-2025 08:59,24.4105648,115.9675032,14.00947457,50.73855328
04-09-2025 09:00,29.74421115,95.55975519,87.54223992,52.36248931
04-09-2025 09:01,30.44730249,109.9147632,94.03139272,66.76652925
04-09-2025 09:02,16.69229823,64.57706771,99.24532027,30.89550397
04-09-2025 09:03,27.73106595,160.284342,46.0913751,72.02819035
04-09-2025 09:04,29.43653649,118.6446867,79.77657315,33.21943499
04-09-2025 09:05,18.33326803,177.4467717,81.0405488,40.25485143
04-09-2025 09:06,29.44670545,96.85206704,17.77459686,54.25838247
04-09-2025 09:07,13.10817775,146.7152963,63.03634571,38.36492845
04-09-2025 09:08,17.81246792,144.0700426,31.65975885,29.39107832
04-09-2025 09:09,30.67546763,130.1506769,79.77685149,78.23630873
04-09-2025 09:10,18.39326814,176.7153237,58.4916577,58.55047778
04-09-2025 09:11,22.38600459,99.63939499,56.57233493,65.80663631
04-09-2025 09:12,20.4739555,58.57506109,81.22633629,49.4087512
04-09-2025 09:13,19.50345548,58.75219154,72.58144723,77.04896186
04-09-2025 09:14,21.73368404,63.02105048,49.72502657,25.7441029
04-09-2025 09:15,29.12623478,66.60276383,63.07961624,47.63032476
04-09-2025 09:16,22.36384662,119.0798202,31.73990336,63.65115219
04-09-2025 09:17,19.11797546,148.3652523,70.62073324,44.98752101
04-09-2025 09:18,26.46644273,100.0729927,52.2816781,55.38109543
04-09-2025 09:19,22.9073364,64.40621162,87.15879078,77.81941543
04-09-2025 09:20,26.04930592,193.6564212,13.64010134,65.09961395
04-09-2025 09:21,29.58646943,130.9428607,55.01108176,40.82518119
04-09-2025 09:22,18.69507134,93.51742112,28.61041293,51.75550685
04-09-2025 09:23,26.7841965,126.4696264,21.2765695,48.90120332
04-09-2025 09:24,24.55264572,199.3861202,73.05535793,46.25390039
04-09-2025 09:25,30.97567562,147.5180208,45.91796731,20.74504783
04-09-2025 09:26,26.43424447,130.7990945,55.12463233,66.72424342
04-09-2025 09:27,28.23214725,86.90522711,20.16030065,37.77866694
04-09-2025 09:28,22.97798221,88.99273344,78.63502726,37.12765882
04-09-2025 09:29,25.42084332,172.1105524,80.68410281,64.16460562
04-09-2025 09:30,23.11352246,174.6855271,47.24769598,68.11081803
04-09-2025 09:31,29.31613641,122.4301483,61.65431795,27.66396576
04-09-2025 09:32,22.89892271,62.53412542,12.62945959,37.86303414
04-09-2025 09:33,27.04091044,154.880335,42.69960257,40.9297774
04-09-2025 09:34,24.94447964,120.0268028,67.26105277,71.99075836
04-09-2025 09:35,24.98853239,167.2163622,56.60917198,23.48456252
04-09-2025 09:36,26.04696471,121.8373928,77.01257882,33.63275163
04-09-2025 09:37,23.69405705,116.7011989,80.90771738,69.85682817
04-09-2025 09:38,27.8888031,175.6010502,98.77935733,40.7406949
04-09-2025 09:39,22.70067167,81.14978735,48.84336638,33.24284292
04-09-2025 09:40,25.68466063,120.7588885,81.38465868,60.20745992
04-09-2025 09:41,26.20188995,63.13689028,98.99479839,46.07993683
04-09-2025 09:42,19.71521453,129.6395734,71.82744738,28.47677379
04-09-2025 09:43,25.87255787,169.5661243,90.26188474,74.77514195
04-09-2025 09:44,32.43515763,58.39867096,14.88056527,59.50449638
04-09-2025 09:45,27.59517287,79.62025013,59.31018776,49.04677259
04-09-2025 09:46,26.69438512,102.4361927,11.13011339,45.97878616
04-09-2025 09:47,26.64657422,196.585254,83.58805396,71.27753598
04-09-2025 09:48,28.74961047,149.1545517,98.75796421,79.02122997
04-09-2025 09:49,29.23769361,150.7260109,47.27624354,71.01669573
04-09-2025 09:50,24.60017109,176.7824393,11.20749006,56.96850105
04-09-2025 09:51,30.07640291,60.96967644,21.96784396,49.18861857
04-09-2025 09:52,18.33818868,109.4804503,17.57395124,61.58498559
04-09-2025 09:53,27.15738062,71.38150589,47.48434336,74.10732662
04-09-2025 09:54,17.61528303,80.07609872,31.14579439,29.80484292
04-09-2025 09:55,22.06781969,190.5874057,40.61280851,72.48254336
04-09-2025 09:56,23.75922352,130.4697244,24.07197662,35.80754082
04-09-2025 09:57,28.73072546,102.3738967,84.92833711,35.72513171
04-09-2025 09:58,32.71784375,121.6424462,71.34738128,29.62507792
04-09-2025 09:59,22.79876714,82.87997566,75.67103651,28.26035454
04-09-2025 10:00,32.99361257,125.0048711,65.47022186,35.57204795
04-09-2025 10:01,17.02099179,165.9178824,93.96129675,75.71010019
04-09-2025 10:02,22.82254689,124.7126195,69.11149681,74.19042879
04-09-2025 10:03,25.36312251,148.1092054,27.61866579,32.55224913
04-09-2025 10:04,17.55483599,195.3520529,55.19480774,38.56293205
04-09-2025 10:05,28.67134402,81.69474979,52.53322778,77.57336865
04-09-2025 10:06,30.25178727,151.3847806,54.2559191,64.11567708
04-09-2025 10:07,24.56937844,63.09586572,50.74744038,25.56049362
04-09-2025 10:08,23.35090335,106.2305407,25.26672187,43.4779409
04-09-2025 10:09,23.0253313,183.7484169,22.384941,75.97007862
04-09-2025 10:10,30.67896495,196.1697333,26.5349104,40.54370321
04-09-2025 10:11,18.80909336,100.074347,44.91678099,73.13308821
04-09-2025 10:12,20.51230088,93.9014585,10.35741215,38.98374899
04-09-2025 10:13,30.01025823,194.2700021,75.33846125,25.1435954
04-09-2025 10:14,15.90527878,164.2612957,43.66214612,27.88532667
04-09-2025 10:15,22.87043132,166.5151336,46.05779501,55.88200506
04-09-2025 10:16,22.43404894,84.96370138,98.49372659,79.26814232
04-09-2025 10:17,22.20556115,189.9657288,22.38022862,45.68632898
04-09-2025 10:18,24.39231983,185.5685103,96.66361853,63.33182951
04-09-2025 10:19,17.44802424,165.2554426,26.2341399,43.92892829
04-09-2025 10:20,18.8182818,121.0531422,52.9744506,78.01269627
04-09-2025 10:21,19.8993061,109.3848732,99.18794496,29.17011616
04-09-2025 10:22,28.37314917,60.40566811,90.62057007,63.38978416
04-09-2025 10:23,22.32277538,83.35073404,32.1869185,57.36212611
04-09-2025 10:24,23.88376947,99.58521049,43.6539187,44.48913835
04-09-2025 10:25,22.41797634,95.94132759,29.88472194,24.62816881
04-09-2025 10:26,20.12901442,77.16221569,43.31132805,52.32575385
04-09-2025 10:27,24.69735995,91.31094581,57.1886756,59.21257099
04-09-2025 10:28,22.37122157,125.4204439,18.01192266,52.81826798
04-09-2025 10:29,23.45045454,79.85415142,19.54192124,67.8333432
04-09-2025 10:30,14.42383907,143.280456,75.71226187,27.95951516
04-09-2025 10:31,25.43745014,88.84378097,64.23743541,59.19240058
04-09-2025 10:32,28.97983446,143.3861389,56.09414538,50.68205932
04-09-2025 10:33,31.45178027,119.3909247,33.17086921,28.7482659
04-09-2025 10:34,27.6056012,79.67744362,89.1181152,58.25937256
04-09-2025 10:35,31.60386664,140.9986773,28.14053159,36.09000831
04-09-2025 10:36,17.2489595,188.8197675,87.81828428,66.26885688
04-09-2025 10:37,36.06197345,185.0130731,36.32937534,71.91480817
04-09-2025 10:38,29.19523954,163.6544259,90.3119868,60.05506382
04-09-2025 10:39,25.17820067,95.01129112,87.24299739,47.61386283
04-09-2025 10:40,20.47677916,85.50040653,67.15110672,43.51185047
04-09-2025 10:41,19.92105308,183.9550223,78.96053852,50.67203711
04-09-2025 10:42,24.30091622,50.08105482,17.22858679,26.93557897
04-09-2025 10:43,26.6536638,162.7338047,52.00359678,77.28699508
04-09-2025 10:44,27.41959489,118.0608117,92.24120412,63.5418513
04-09-2025 10:45,27.30593501,121.9696939,75.17228271,74.61116201
04-09-2025 10:46,27.65848034,119.1712913,84.35496353,33.14967915
04-09-2025 10:47,27.06440553,124.2396147,36.32163646,59.72972624
04-09-2025 10:48,19.82302385,130.3699425,20.58832068,64.58928017
04-09-2025 10:49,25.8549733,157.6093805,79.7746286,60.96848054
04-09-2025 10:50,30.5196975,160.6262584,38.15267702,79.67976769
04-09-2025 10:51,23.11259267,93.82204048,19.39510888,54.47848104
04-09-2025 10:52,29.21147015,84.97714106,33.8485096,55.04963872
04-09-2025 10:53,28.72919095,56.1902007,37.93259865,63.96403454
04-09-2025 10:54,21.61300605,137.3113447,87.69815085,56.00205205
04-09-2025 10:55,25.95978016,81.34468048,72.92761857,24.94132184
04-09-2025 10:56,30.46666137,162.5610069,51.60859277,35.24301725
04-09-2025 10:57,25.14963856,55.42738743,58.65907512,50.61934928
04-09-2025 10:58,22.78897966,114.3128548,28.99182363,56.28651456
04-09-2025 10:59,23.61516196,81.57044721,71.79372203,54.58227734
04-09-2025 11:00,23.67262873,154.8810943,68.83075274,34.51892531
04-09-2025 11:01,25.4412398,163.6718106,65.94050389,63.1378306
04-09-2025 11:02,26.36335883,192.3455526,53.71490461,75.32951891
04-09-2025 11:03,21.59516843,147.2277649,80.68746661,51.32954917
04-09-2025 11:04,29.49522088,102.6062722,34.25581769,37.77727809
04-09-2025 11:05,23.53286693,51.20711963,15.27785125,60.73134716
04-09-2025 11:06,26.46433132,164.3523464,11.83314854,50.60333192
04-09-2025 11:07,29.51943637,121.3967758,26.5875318,66.10561327
04-09-2025 11:08,28.23580469,64.06771339,38.84826478,41.71866914
04-09-2025 11:09,23.56074874,69.33487254,72.73415154,46.73643178
04-09-2025 11:10,23.09869919,193.6250022,22.5355562,60.06220949
04-09-2025 11:11,16.31795595,79.2195151,53.23149892,29.18480837
04-09-2025 11:12,21.514733,136.8945702,88.8095192,44.79635823
04-09-2025 11:13,32.62456586,198.8217071,65.15795848,50.99369345
04-09-2025 11:14,23.97871091,50.42679055,54.11623131,45.23047136
04-09-2025 11:15,22.98842679,146.9453498,81.20715792,37.50721669
04-09-2025 11:16,20.84002391,62.99359183,74.80506727,76.4964555
04-09-2025 11:17,20.26023705,79.32013464,33.13594593,25.80120136
04-09-2025 11:18,22.6520181,67.24974182,38.09632971,49.39871003
04-09-2025 11:19,25.48802089,153.6042752,97.48547104,52.29198287
04-09-2025 11:20,22.87095369,191.591885,62.37680855,57.96685442
04-09-2025 11:21,29.54005791,58.09776687,94.43060568,32.08953342
04-09-2025 11:22,28.46628349,127.3636066,10.66292545,43.88410234
04-09-2025 11:23,20.27945799,66.48397316,15.66013313,35.23732572
04-09-2025 11:24,31.11279719,157.0839272,37.41837607,57.67579474
04-09-2025 11:25,24.02082513,104.1554988,57.65571322,68.22884543
04-09-2025 11:26,29.2184476,197.8759019,22.1033337,38.51803692
04-09-2025 11:27,31.00588679,109.132539,62.02832785,58.56484752
04-09-2025 11:28,23.86369943,58.38335561,13.21181678,59.80829833
04-09-2025 11:29,17.91056562,106.892367,24.83152097,73.11900015
04-09-2025 11:30,21.5881045,139.8257684,39.66224064,36.55920309
04-09-2025 11:31,26.08543309,102.5050099,11.6061209,39.37396613
04-09-2025 11:32,26.14057358,109.0710031,47.78070635,78.84001338
04-09-2025 11:33,29.06182212,172.6351743,86.30295051,37.98393161
04-09-2025 11:34,27.26348009,105.513482,90.5870152,61.53506661
04-09-2025 11:35,28.05410027,196.0803839,95.78886921,63.44979365
04-09-2025 11:36,27.51597081,157.3405699,92.13896849,32.23613049
04-09-2025 11:37,30.83105511,140.6356461,29.43049484,55.83282529
04-09-2025 11:38,26.46906624,121.7988609,93.48970415,24.22737316
04-09-2025 11:39,16.6379223,143.1294089,98.60189296,34.08934034
04-09-2025 11:40,32.88689491,59.65092757,67.71488987,79.26218929
04-09-2025 11:41,26.19006218,99.50418227,38.77592434,56.21446994
04-09-2025 11:42,20.31573963,118.2373849,49.48221552,34.62927395
04-09-2025 11:43,19.40153874,184.3706501,39.58543594,61.60484298
04-09-2025 11:44,32.37933268,109.7495409,30.00692202,32.06086448
04-09-2025 11:45,23.66609306,143.4014962,15.54122808,66.83432933
04-09-2025 11:46,27.95955128,179.8611442,40.5875143,31.65685485
04-09-2025 11:47,28.11992869,77.33347273,85.78712014,54.12714528
04-09-2025 11:48,38.27378148,140.7493729,23.64153197,27.63525367
04-09-2025 11:49,24.02666959,122.1341506,49.45522546,59.52368905
04-09-2025 11:50,38.55479102,161.0668032,86.23396855,35.9155265
04-09-2025 11:51,28.71418748,186.047866,51.52616626,46.41061366
04-09-2025 11:52,13.50438826,169.2587066,64.61568325,69.52300307
04-09-2025 11:53,14.2495421,88.66292066,61.36053594,58.3419286
04-09-2025 11:54,32.35456733,184.9396694,53.54707922,29.9511791
04-09-2025 11:55,24.36102239,108.1944244,23.19531048,32.42421447
04-09-2025 11:56,27.35228859,185.6458025,64.4009024,64.43366978
04-09-2025 11:57,24.92548859,125.7437895,88.2596245,36.80299555
04-09-2025 11:58,22.82697364,53.80047457,33.51442873,52.94855218
04-09-2025 11:59,24.92578292,147.8617051,83.32509202,44.14437653
04-09-2025 12:00,23.48859805,192.5654681,82.7429888,20.55412499
04-09-2025 12:01,19.72098109,125.8422022,13.97294499,36.48310814
04-09-2025 12:02,32.24644234,177.228733,39.1660279,40.44567948
04-09-2025 12:03,31.40310452,100.787705,26.11138856,68.67578966
04-09-2025 12:04,25.90735715,161.3541651,94.56853346,26.72979902
04-09-2025 12:05,22.61258188,136.9051076,53.03471018,58.82266214
04-09-2025 12:06,36.33624652,197.973842,37.74692468,20.80350782
04-09-2025 12:07,25.06436249,110.4828032,64.19039746,62.58508162
04-09-2025 12:08,25.8342772,167.677305,25.59380205,61.36094392
04-09-2025 12:09,21.22750334,54.35360086,22.23144349,67.31725913
04-09-2025 12:10,15.88104748,106.5966536,18.82973218,79.03878856
04-09-2025 12:11,22.88130814,178.8412862,42.64623761,32.59382874
04-09-2025 12:12,24.46533242,99.08293341,69.83253838,29.62085796
04-09-2025 12:13,24.35211594,69.44769998,78.33884089,30.65225104
04-09-2025 12:14,20.48640029,113.6946184,43.61524488,51.31088155
04-09-2025 12:15,19.72246203,67.96120068,99.52588645,29.08786092
04-09-2025 12:16,23.64162319,126.1619154,96.66690197,67.70866021
04-09-2025 12:17,25.10489615,99.2658641,57.1736167,44.89448715
04-09-2025 12:18,24.81159867,140.5097852,88.13139415,76.80017631
04-09-2025 12:19,24.79128604,63.34884125,22.60550875,55.32090127
04-09-2025 12:20,27.68211576,94.31538255,48.29062267,25.19661563
04-09-2025 12:21,15.16447092,139.3886895,93.61447185,49.43793373
04-09-2025 12:22,17.8192515,94.10958266,64.12206046,33.62893499
04-09-2025 12:23,20.18961287,177.3335168,76.17683946,65.93726658
04-09-2025 12:24,31.38887125,182.7204176,93.67295852,54.17352235
04-09-2025 12:25,20.89077942,132.7935803,92.11983555,50.51568973
04-09-2025 12:26,22.19985011,186.8076146,45.24285943,35.51970977
04-09-2025 12:27,20.4857132,198.1236576,96.10275545,47.27103776
04-09-2025 12:28,28.20635611,122.8190215,70.02031635,39.29815983
04-09-2025 12:29,17.84496126,198.9154103,29.43211279,72.13427294
04-09-2025 12:30,24.57578265,69.73702853,92.64907388,44.69051013
04-09-2025 12:31,20.39755551,192.5779502,95.83616562,36.82766804
04-09-2025 12:32,32.15669983,121.996063,68.14917973,60.5950735
04-09-2025 12:33,24.6640557,186.3749362,47.71572759,53.85610213
04-09-2025 12:34,28.46696937,62.56956215,42.94385043,66.88098567
04-09-2025 12:35,32.20310783,156.9919659,33.75980931,67.92067942
04-09-2025 12:36,26.47501371,65.71891677,33.47262353,52.48618892
04-09-2025 12:37,27.71151703,167.4783258,69.78439216,77.41441443
04-09-2025 12:38,23.47212719,182.0974856,55.14267587,47.59298142
04-09-2025 12:39,26.58890108,131.1759798,88.02659363,20.22926266
04-09-2025 12:40,30.14418771,100.9012912,73.31258706,65.20828346
04-09-2025 12:41,20.79357542,78.0302402,82.85197161,25.35686973
04-09-2025 12:42,21.49259179,196.9489304,23.56902028,70.15002632
04-09-2025 12:43,19.07592288,78.274977,78.65089915,61.22471848
04-09-2025 12:44,24.90220471,66.15540544,36.50405668,42.93064185
04-09-2025 12:45,28.20962263,70.7048034,73.78754621,32.68794842
04-09-2025 12:46,24.1865181,99.78826202,65.31621131,20.0623912
04-09-2025 12:47,19.98295908,174.4740848,57.25045971,78.20245179
04-09-2025 12:48,26.18696451,127.1487395,44.59967443,44.50541166
04-09-2025 12:49,25.90545369,105.0693023,17.53722327,43.03004821
04-09-2025 12:50,30.25002303,194.2271909,53.57260337,35.97955405
04-09-2025 12:51,26.00242165,103.3723666,31.22218564,31.60708759
04-09-2025 12:52,22.85815316,159.7192638,91.12942945,48.43190293
04-09-2025 12:53,26.22728985,161.631203,79.35636082,47.98764244
04-09-2025 12:54,20.28362608,175.8913175,78.60428949,61.59664864
04-09-2025 12:55,29.07747795,159.7065376,47.1034194,56.24225105
04-09-2025 12:56,33.60135308,54.99685347,52.52231197,43.93112023
04-09-2025 12:57,24.68856652,106.9813454,12.00972209,66.43437603
04-09-2025 12:58,20.75485576,55.59996337,11.04537678,54.50456315
04-09-2025 12:59,29.79295915,64.09457046,77.19000257,65.88990205
04-09-2025 13:00,34.0136386,111.6712624,22.74976,27.0722755
04-09-2025 13:01,21.80073217,70.00157152,99.54700884,35.62336086
04-09-2025 13:02,17.59599476,127.4250687,58.89326465,50.40641725
04-09-2025 13:03,32.73831172,108.6319783,54.45512799,48.26603525
04-09-2025 13:04,27.09278872,174.2402439,29.92379643,36.22748002
04-09-2025 13:05,20.66221968,169.5240196,46.00943455,24.20226695
04-09-2025 13:06,17.95281785,100.1307337,50.5386302,68.99579636
04-09-2025 13:07,28.89301238,110.3248542,50.47028037,46.00924779
04-09-2025 13:08,22.7907892,180.463166,77.07404545,31.85233714
04-09-2025 13:09,30.22587766,133.1335797,10.87908598,66.35697955
04-09-2025 13:10,17.90306766,79.92759778,21.81823496,34.3872931
04-09-2025 13:11,22.79912071,74.15891036,95.85415731,75.55280736
04-09-2025 13:12,18.64406249,174.4548923,14.17215181,35.80454535
04-09-2025 13:13,33.65294988,148.7815078,64.03433764,73.27753931
04-09-2025 13:14,24.5536257,73.91000427,45.56402598,45.41974366
04-09-2025 13:15,21.85216855,105.430226,83.24129558,73.57568667
04-09-2025 13:16,19.67656047,69.46027129,13.25877057,31.97250838
04-09-2025 13:17,26.32197393,138.9868119,68.46789821,29.58708416
04-09-2025 13:18,18.75622135,111.3766341,18.09137141,46.97079474
04-09-2025 13:19,24.99223099,85.61933861,36.94702346,79.94595765
04-09-2025 13:20,23.01018279,126.1907476,88.14419841,52.96135695
04-09-2025 13:21,33.0836817,90.37486652,47.54435285,65.88270482
04-09-2025 13:22,20.24299045,127.4646075,56.15441424,61.28640699
04-09-2025 13:23,27.16961827,122.4170966,51.93459729,47.11355319
04-09-2025 13:24,28.50798829,172.1281956,19.81651018,33.80328841
04-09-2025 13:25,27.99062456,75.23420342,53.04201913,34.08205049
04-09-2025 13:26,19.79699602,169.9334781,82.75075708,39.03219433
04-09-2025 13:27,24.838802,193.8965094,62.07425407,51.15221061
04-09-2025 13:28,28.05828167,137.4147483,58.02670584,79.62072096
04-09-2025 13:29,21.830616,82.87502552,22.81327541,63.72919447
04-09-2025 13:30,24.7612618,133.3779834,83.29643384,65.02264579
04-09-2025 13:31,26.32115297,173.9113099,45.15959672,46.61729259
04-09-2025 13:32,33.27841729,82.03404263,28.19381523,53.38922558
04-09-2025 13:33,21.16122807,80.02441298,87.63402596,51.24480392
04-09-2025 13:34,18.33300284,128.933938,60.73859253,32.53918061
04-09-2025 13:35,24.38017052,107.5578542,92.15996296,42.84308449
04-09-2025 13:36,20.63057628,137.1228839,89.66083012,43.9447494
04-09-2025 13:37,23.2226975,145.4380216,16.55216456,22.81137228
04-09-2025 13:38,28.02911872,139.6643745,93.9249568,69.22834843
04-09-2025 13:39,17.49754962,98.85060528,69.82253428,36.33793023
04-09-2025 13:40,25.83941502,93.7299318,80.61241786,58.52265806
04-09-2025 13:41,28.74637346,62.46545897,27.55199854,71.73800571
04-09-2025 13:42,23.83399897,83.5109488,74.67802404,47.81913764
04-09-2025 13:43,25.32156902,140.5152432,68.1187038,77.77573291
04-09-2025 13:44,22.12010604,82.79426943,92.74787971,30.41147768
04-09-2025 13:45,25.08644728,113.7865547,95.97220908,61.00203881
04-09-2025 13:46,24.03532579,167.5530087,23.2272899,27.39892
04-09-2025 13:47,25.00767209,160.8921796,34.63374747,46.12968586
04-09-2025 13:48,19.92805502,123.7151386,74.55498828,70.00701775
04-09-2025 13:49,24.4612025,140.859671,62.13152328,50.78536413
04-09-2025 13:50,20.69637851,187.4381179,38.51780228,66.15913601
04-09-2025 13:51,18.15065975,184.5189983,69.96891444,63.4123723
04-09-2025 13:52,23.50765469,185.451042,34.51592212,54.87847661
04-09-2025 13:53,27.96062029,89.24059039,83.31008224,63.36869497
04-09-2025 13:54,27.73360799,170.1264445,23.28910545,47.877551
04-09-2025 13:55,38.21668826,114.9882904,27.15767922,30.75603084
04-09-2025 13:56,25.88207458,148.2616989,79.06362763,40.38000574
04-09-2025 13:57,24.98204173,124.9256019,38.43657801,38.29038831
04-09-2025 13:58,24.89173862,77.21548624,24.20690213,34.30242247
04-09-2025 13:59,32.35163818,116.2127564,53.32503481,29.99153391
04-09-2025 14:00,16.79023126,192.5704915,92.89270582,36.35228474
04-09-2025 14:01,27.81521192,96.62385868,52.49405214,61.45372284
04-09-2025 14:02,20.81215541,195.3962872,20.23089113,63.1348889
04-09-2025 14:03,25.5549171,157.8210473,40.96224948,37.34629679
04-09-2025 14:04,21.83398731,91.33830239,33.01071931,54.26882257
04-09-2025 14:05,30.94409943,97.68572164,16.03233721,71.629407
04-09-2025 14:06,29.40589445,93.55573102,46.46571981,26.32198542
04-09-2025 14:07,28.8567035,113.108812,78.62856347,77.58247589
04-09-2025 14:08,18.76974318,168.3890379,29.25601861,22.58112066
04-09-2025 14:09,24.43432041,149.6897109,87.96605024,60.13504461
04-09-2025 14:10,30.45759332,133.5240621,30.31826367,69.2615415
04-09-2025 14:11,23.52008577,145.886409,69.0111099,42.61994647
04-09-2025 14:12,26.29188664,87.85727898,81.31185499,34.57278207
04-09-2025 14:13,26.26031907,122.8980639,26.43778438,49.89607771
04-09-2025 14:14,18.09678389,136.1988748,13.81864643,57.57887132
04-09-2025 14:15,25.17315499,153.4346537,65.75788565,22.40592057
04-09-2025 14:16,17.93705135,123.1985727,48.25880858,29.85416363
04-09-2025 14:17,19.31668298,80.93543209,46.48789236,73.63579802
04-09-2025 14:18,30.36051842,119.3608213,30.5548662,39.4743677
04-09-2025 14:19,29.0203116,97.01126978,59.65134013,41.55801866
04-09-2025 14:20,23.57729417,118.2513605,26.99463699,37.93541789
04-09-2025 14:21,31.36166643,90.86976706,25.80151841,63.81727189
04-09-2025 14:22,19.90548075,76.14744857,48.72014395,60.81267265
04-09-2025 14:23,33.06562119,115.520767,73.4231428,67.25940771
04-09-2025 14:24,19.7740363,168.4671098,87.01371559,54.28426305
04-09-2025 14:25,21.92740572,179.3269929,57.09782682,40.00685617
04-09-2025 14:26,19.80747149,72.07832697,45.01024689,59.79529432
04-09-2025 14:27,22.95289121,83.79891273,36.95682642,37.5042911
04-09-2025 14:28,28.27954433,101.1974329,56.53896039,29.15300496
04-09-2025 14:29,21.52281,85.8899531,17.52509828,71.74266107
04-09-2025 14:30,26.86754618,60.66519131,24.05696959,26.66137928
04-09-2025 14:31,25.88906708,92.12366124,36.1927195,50.96622204
04-09-2025 14:32,27.74496504,129.508346,91.88494607,36.05508072
04-09-2025 14:33,24.18110057,56.03358792,64.02503429,74.63473949
04-09-2025 14:34,27.56122012,97.74275431,52.54450581,63.87227335
04-09-2025 14:35,22.94310193,169.5432732,56.48996146,70.42073734
04-09-2025 14:36,29.03235252,174.7797658,80.75435368,43.22455321
04-09-2025 14:37,29.12022203,126.3570019,60.84844384,64.39988966
04-09-2025 14:38,21.06742639,63.62902883,29.42592853,67.58702543
04-09-2025 14:39,24.14166187,147.7398454,73.77065383,37.72435597
04-09-2025 14:40,18.15650211,80.00592503,21.72303346,23.81735852
04-09-2025 14:41,35.9264407,57.11229093,32.8687649,77.44003727
04-09-2025 14:42,26.13558169,177.4578121,90.95506134,36.28879403
04-09-2025 14:43,27.86714536,101.896881,72.26243521,40.24339195
04-09-2025 14:44,17.05693282,66.31471648,56.84311091,72.86099443
04-09-2025 14:45,18.21815795,119.7240162,65.04649731,32.3174776
04-09-2025 14:46,35.2018071,182.7845118,28.65328792,42.69772246
04-09-2025 14:47,25.98112054,57.16599912,83.79635296,35.03509199
04-09-2025 14:48,29.92520618,164.1565902,35.42331647,38.45624511
04-09-2025 14:49,30.79582731,173.7470096,51.44964514,35.93266728
04-09-2025 14:50,27.17187407,112.7364701,31.77965137,35.78650436
04-09-2025 14:51,20.67386819,107.6221498,13.77159851,54.52350061
04-09-2025 14:52,23.81835257,149.3932027,13.16068678,42.02603665
04-09-2025 14:53,9.785658339,76.66572013,86.96405545,27.00930328
04-09-2025 14:54,25.5027711,122.918139,24.73315308,34.7023582
04-09-2025 14:55,19.6244733,96.7280262,40.354747,20.30647569
04-09-2025 14:56,20.65910056,173.0143509,78.19566785,54.02208481
04-09-2025 14:57,29.47797995,55.83168422,58.34664821,43.0270158
04-09-2025 14:58,18.877489,140.7722264,31.80909758,21.29598001
04-09-2025 14:59,31.85591059,196.7060825,16.13697569,75.14532296
04-09-2025 15:00,28.22536686,178.3557667,18.2076659,21.57696526
04-09-2025 15:01,20.35213818,52.36418936,69.68456602,24.13660401
04-09-2025 15:02,25.84725109,167.2268963,50.90489931,31.55144314
04-09-2025 15:03,26.01010128,143.5969314,70.06267758,63.79704332
04-09-2025 15:04,35.11539356,162.3589861,62.01308157,65.06117364
04-09-2025 15:05,21.43129665,196.7079055,23.47452613,54.95360915
04-09-2025 15:06,26.04308632,106.4188237,15.54836774,31.83260259
04-09-2025 15:07,39.57815956,142.6712682,80.49171482,38.50066939
04-09-2025 15:08,23.37300372,158.1436399,83.91501842,66.87103241
04-09-2025 15:09,37.10056671,185.5700392,39.80299603,56.30672431
04-09-2025 15:10,27.03600751,57.77924344,15.17551471,64.05799503
04-09-2025 15:11,26.1571674,121.6723462,12.63614709,68.35550183
04-09-2025 15:12,23.04083913,76.32061059,16.74274572,44.71993861
04-09-2025 15:13,24.65878285,146.3828368,85.7277779,78.31180241
04-09-2025 15:14,23.66952405,101.5507247,37.97579422,25.15623639
04-09-2025 15:15,30.58678769,69.52827272,36.45268156,34.10736972
04-09-2025 15:16,26.44814654,92.62014603,52.35943193,39.1608682
04-09-2025 15:17,19.46731998,113.2376903,57.68499853,72.59888393
04-09-2025 15:18,22.98353816,166.707957,17.62882875,65.51591781
04-09-2025 15:19,24.01931736,50.21125146,88.44409316,44.47964931
04-09-2025 15:20,29.86299399,113.1890428,13.61264198,64.4570355
04-09-2025 15:21,21.46442016,118.2335497,10.76555904,39.81050302
04-09-2025 15:22,24.65712667,133.5975934,79.8832305,32.4009527
04-09-2025 15:23,23.3737698,123.6124384,25.9177501,70.86353021
04-09-2025 15:24,29.01670926,177.1153885,71.95170894,26.34177464
04-09-2025 15:25,25.6283738,181.2799654,53.75699986,27.89050609
04-09-2025 15:26,32.76318926,199.1494281,84.38149472,50.50101998
04-09-2025 15:27,27.6688865,163.8645017,26.14705432,46.54455441
04-09-2025 15:28,24.04858543,94.80355077,16.81499162,29.33341629
04-09-2025 15:29,22.84526474,146.7303237,51.76980197,65.29880549
04-09-2025 15:30,21.18502021,186.8802644,73.59021485,52.91198047
04-09-2025 15:31,25.32237686,195.0160487,23.13262157,35.64629179
04-09-2025 15:32,32.78799622,191.2124939,81.57308394,23.00214775
04-09-2025 15:33,25.17730801,115.043128,66.05117857,33.59623403
04-09-2025 15:34,26.57103668,72.70119047,18.63834751,55.57641788
04-09-2025 15:35,23.002771,159.9484998,72.6825967,22.05091236
04-09-2025 15:36,23.46995995,98.15816036,25.92598945,79.35106699
04-09-2025 15:37,22.66927613,78.0858511,88.13769304,46.0712123
04-09-2025 15:38,27.72189567,185.6074079,36.38835041,59.30223991
04-09-2025 15:39,27.14405985,53.74899762,63.39035775,54.51878692
04-09-2025 15:40,28.48675952,166.3331385,94.97929147,77.69374033
04-09-2025 15:41,24.06249144,161.0365668,13.20952106,64.31934778
04-09-2025 15:42,22.74124291,76.08363796,89.14503126,45.20027433
04-09-2025 15:43,25.21153742,195.062295,71.77753349,63.19261764
04-09-2025 15:44,29.90974227,56.9034605,88.51259397,23.80902949
04-09-2025 15:45,29.81292782,143.7572973,13.31302453,23.20380902
04-09-2025 15:46,30.81899195,112.439133,92.61088526,22.54658064
04-09-2025 15:47,27.09449876,133.0776897,36.96711805,69.02307625
04-09-2025 15:48,23.82963354,191.9969573,99.80366708,58.72121172
04-09-2025 15:49,26.23929809,103.30163,87.27850779,78.33134182
04-09-2025 15:50,30.8164505,155.2510388,99.43971314,59.3873301
04-09-2025 15:51,26.25608896,194.5990667,18.25927335,32.50210615
04-09-2025 15:52,19.15761045,181.6435427,76.81263932,66.71535224
04-09-2025 15:53,29.71875861,148.5044558,48.64201242,50.1844737
04-09-2025 15:54,19.27478833,192.5152767,10.6001165,27.5064084
04-09-2025 15:55,24.78706777,81.29305462,40.59822368,52.37602319
04-09-2025 15:56,17.16407097,194.3363494,36.84963046,66.32303976
04-09-2025 15:57,17.35779737,149.7995357,85.90833023,69.55153505
04-09-2025 15:58,23.9525852,160.3861536,44.46545843,23.78046924
04-09-2025 15:59,27.5992092,56.10301067,40.35706768,74.2729009
04-09-2025 16:00,33.52891127,115.4816508,44.6437715,35.62234453
04-09-2025 16:01,20.51142257,78.95048276,93.38167373,30.70112445
04-09-2025 16:02,22.32109746,65.92144962,17.46235831,22.07018258
04-09-2025 16:03,29.31028114,195.8590963,88.91076073,76.31054967
04-09-2025 16:04,29.02594599,96.2890007,31.19088875,48.3971164
04-09-2025 16:05,25.99963432,117.3637036,73.39483527,37.95596199
04-09-2025 16:06,28.28479137,112.6018809,74.44403936,52.13113358
04-09-2025 16:07,19.61610742,138.618315,30.04879402,24.05973402
04-09-2025 16:08,22.45496817,170.5824679,56.2261832,65.08536369
04-09-2025 16:09,28.46571387,90.33230389,40.79819063,28.3947117
04-09-2025 16:10,27.72834538,109.8637696,30.43267338,69.50386336
04-09-2025 16:11,31.42539463,50.09958379,99.05114549,54.69243942
04-09-2025 16:12,24.48759215,178.4444643,20.09247021,75.12367931
04-09-2025 16:13,32.07427033,160.0928891,28.5859775,30.85285327
04-09-2025 16:14,28.81260033,198.1276327,35.70143282,43.81871229
04-09-2025 16:15,33.11629396,151.503476,53.29225295,20.09571669
04-09-2025 16:16,28.30210973,53.47861318,84.89743162,66.0527142
04-09-2025 16:17,27.08318955,84.72389106,52.10860462,61.27551053
04-09-2025 16:18,27.32546041,139.3241964,26.25333899,47.40934823
04-09-2025 16:19,20.73260863,119.3442881,53.36674986,41.01071781
04-09-2025 16:20,16.19082644,168.3355722,82.98408425,29.15643191
04-09-2025 16:21,23.95882227,92.48873116,70.37941656,56.34182716
04-09-2025 16:22,24.49601788,196.6473677,56.68035393,51.83574116
04-09-2025 16:23,27.10482941,81.57593954,92.62740493,24.57142627
04-09-2025 16:24,37.13696217,147.064178,55.15583284,38.86984252
04-09-2025 16:25,21.39301432,64.07161652,64.02194497,74.21463504
04-09-2025 16:26,25.42102357,69.72064273,84.11265555,66.21721906
04-09-2025 16:27,27.32127933,162.806592,15.28979393,56.76865892
04-09-2025 16:28,26.3234622,109.6891346,59.23758188,21.50230382
04-09-2025 16:29,18.87715156,121.7409095,20.96294156,57.21918812
04-09-2025 16:30,33.51295517,97.42575433,45.63337622,75.30314337
04-09-2025 16:31,32.09817256,184.3175997,26.35169839,46.2046788
04-09-2025 16:32,19.82067139,123.5555634,30.88954214,62.91208602
04-09-2025 16:33,23.58211595,161.716354,32.70523947,74.13238914
04-09-2025 16:34,28.69796093,69.4048031,45.41234001,41.8978318
04-09-2025 16:35,22.10662911,80.83432973,47.77196076,42.01128305
04-09-2025 16:36,22.05461661,63.4656986,22.50663172,59.71682486
04-09-2025 16:37,26.281951,98.43348278,13.17548844,45.78216844
04-09-2025 16:38,22.10676443,65.52278704,96.87083282,31.1893436
04-09-2025 16:39,34.00953631,87.27119277,70.28168341,32.65141305
04-09-2025 16:40,24.96591835,69.22387904,44.1890806,46.91192859
04-09-2025 16:41,28.23506176,103.8779535,10.72622065,22.80621457
04-09-2025 16:42,24.41666533,158.8584317,66.71796419,54.00783022
04-09-2025 16:43,26.79822402,77.38158965,42.03671802,43.48583539
04-09-2025 16:44,21.88352898,91.28490864,61.91514755,50.25031989
04-09-2025 16:45,22.95353452,160.0285864,72.63424828,75.33094628
04-09-2025 16:46,28.68602808,143.6353379,34.73229328,30.34667934
04-09-2025 16:47,28.6337733,119.893321,71.14655831,79.34050226
04-09-2025 16:48,23.96859471,87.81269064,27.28361472,34.88635007
04-09-2025 16:49,31.17040169,77.9430566,27.52714204,61.93413118
04-09-2025 16:50,38.09386387,193.6482538,14.27410562,24.94106792
04-09-2025 16:51,33.07040577,192.3350348,69.06676647,33.21134404
04-09-2025 16:52,18.46934011,94.71413415,88.65723922,35.28009857
04-09-2025 16:53,24.22165442,181.486908,57.99351791,46.21102564
04-09-2025 16:54,32.72317648,52.64394228,44.36669927,21.45024956
04-09-2025 16:55,20.12844873,113.1929274,13.12827149,59.05561827
04-09-2025 16:56,22.10619071,73.32854764,50.78361326,41.9815919
04-09-2025 16:57,26.53459391,182.0057967,78.27043574,49.34207216
04-09-2025 16:58,34.54818476,177.5830093,61.17532928,34.92749736
04-09-2025 16:59,28.93594366,103.9395649,24.86971641,53.03984308
04-09-2025 17:00,18.20754557,90.10093877,70.18549395,20.80332406
04-09-2025 17:01,27.81332418,92.40856219,69.14442694,39.11616369
04-09-2025 17:02,19.28430134,185.1439851,44.52254597,46.03855627
04-09-2025 17:03,29.99371854,98.06277485,68.81485228,51.37208629
04-09-2025 17:04,16.58930797,155.9113103,33.32269876,73.45716429
04-09-2025 17:05,27.60924388,188.8558871,49.60043219,30.62665954
04-09-2025 17:06,17.5005369,118.6354017,48.34797424,77.46913439
04-09-2025 17:07,26.10607421,116.6929754,11.77747157,32.75756502
04-09-2025 17:08,24.55427331,157.4123591,96.56711432,61.91669879
04-09-2025 17:09,27.8468957,153.1949526,18.98615578,36.596304
04-09-2025 17:10,24.79210201,161.3492526,57.08992071,32.73488368
04-09-2025 17:11,21.03965871,61.08407772,55.60351852,35.11780093
04-09-2025 17:12,26.13409685,172.6548725,13.07916588,65.03494121
04-09-2025 17:13,19.31137069,125.0579378,70.48249023,45.89738346
04-09-2025 17:14,26.31688924,117.4123021,71.19432015,62.50637484
04-09-2025 17:15,22.93247604,145.724206,54.24206171,23.15911557
04-09-2025 17:16,20.72247908,143.3329842,10.42652749,36.05136904
04-09-2025 17:17,24.34267034,157.502137,56.78030146,39.04960162
04-09-2025 17:18,26.7276623,147.0406563,85.03922949,49.14750131
04-09-2025 17:19,25.89301516,157.2500007,70.68283914,60.57165897
04-09-2025 17:20,17.8205395,140.2302973,23.12007637,51.77444964
04-09-2025 17:21,9.870520052,62.40742945,18.72834733,71.40223751
04-09-2025 17:22,29.09376612,102.3244019,58.37152048,55.63936665
04-09-2025 17:23,30.84741524,63.41678122,62.66624337,37.41277908
04-09-2025 17:24,26.42802379,128.1561568,25.74445474,26.06888748
04-09-2025 17:25,16.44053647,175.848914,99.36372082,58.71837294
04-09-2025 17:26,30.03775609,80.5922155,99.464984,30.09726428
04-09-2025 17:27,27.07837455,160.1567107,38.46431112,51.38198682
04-09-2025 17:28,24.14077804,179.8092285,12.37127908,74.47213109
04-09-2025 17:29,33.54742304,67.50833277,34.80278453,67.22795844
04-09-2025 17:30,24.37355703,96.20121161,33.36605806,58.98047095
04-09-2025 17:31,16.85395452,112.0461038,13.45520337,75.47929038
04-09-2025 17:32,16.45028187,139.432503,71.74939671,63.81844552
04-09-2025 17:33,23.09280008,63.6106518,20.19863066,76.18545876
04-09-2025 17:34,25.356587,155.5405371,64.22869137,77.20076207
04-09-2025 17:35,25.69139672,179.0120884,64.61622507,28.21662428
04-09-2025 17:36,25.30751498,50.38527881,42.94460952,50.92884333
04-09-2025 17:37,20.29827576,179.6548187,84.95550326,78.41228771
04-09-2025 17:38,17.59852161,110.461941,95.40747351,33.49095967
04-09-2025 17:39,21.03451892,132.2706462,83.38882207,54.15191629
04-09-2025 17:40,38.16304711,128.3448638,32.02671731,37.37723873
04-09-2025 17:41,30.98617904,152.3158669,70.8294334,42.50354194
04-09-2025 17:42,23.21096123,74.60915069,79.6811657,21.15531549
04-09-2025 17:43,25.37362476,134.9428137,17.71839918,55.14620982
04-09-2025 17:44,27.5628067,86.00410858,61.04212045,28.63192147
04-09-2025 17:45,20.30208888,153.2589443,10.86989536,67.82626537
04-09-2025 17:46,19.35813831,107.2215124,90.74610275,52.23145799
04-09-2025 17:47,27.28358283,142.4736579,36.55546957,58.45285223
04-09-2025 17:48,22.89711879,121.9004909,89.38054602,23.24816891
04-09-2025 17:49,23.20842323,102.4140141,90.34454533,54.01327934
04-09-2025 17:50,16.25868665,172.0177954,86.35217979,58.36673983
04-09-2025 17:51,29.28486823,121.5647548,63.63118117,44.47082744
04-09-2025 17:52,26.06993777,172.5329778,46.10255651,40.52794062
04-09-2025 17:53,32.41782302,136.7716185,90.03244064,31.31461146
04-09-2025 17:54,29.40202124,184.4250617,39.68314774,25.78426637
04-09-2025 17:55,25.96077238,83.33004743,76.27584904,41.52896601
04-09-2025 17:56,26.60810366,97.74826047,93.92287709,31.63270727
04-09-2025 17:57,19.90100343,63.67752714,89.49812065,45.33911742
04-09-2025 17:58,26.10742648,96.32498339,40.02430043,33.18546305
04-09-2025 17:59,27.01947869,102.6838689,92.24091789,71.89603455
04-09-2025 18:00,22.08999494,96.00655065,79.48603387,48.11436683
04-09-2025 18:01,19.37878659,69.96743972,29.64344375,35.6748231
04-09-2025 18:02,25.20525346,144.0143834,96.78780661,70.92351105
04-09-2025 18:03,23.4043478,56.51396027,58.07671507,69.53461462
04-09-2025 18:04,18.37069862,135.8131451,68.95861698,21.36441454
04-09-2025 18:05,21.11838751,179.2372626,57.31005696,78.88548859
04-09-2025 18:06,24.49905928,143.1569735,24.75602973,72.40036992
04-09-2025 18:07,17.78246565,98.45067697,90.85103862,45.4961747
04-09-2025 18:08,14.29161854,144.3835885,15.49928145,39.35231451
04-09-2025 18:09,27.80572507,118.4455324,38.15367193,70.23235502
04-09-2025 18:10,15.90637884,197.3818658,87.91868621,60.19665407
04-09-2025 18:11,19.56491995,180.629723,84.00739562,29.87719219
04-09-2025 18:12,30.80647048,152.464509,97.39934102,36.91100532
04-09-2025 18:13,26.20227487,161.5668821,88.25299767,41.56005642
04-09-2025 18:14,31.05113785,140.617214,78.89708906,44.46654975
04-09-2025 18:15,24.36756631,167.597245,96.69471936,74.28012794
04-09-2025 18:16,23.84695298,75.80173464,79.33536424,46.34137024
04-09-2025 18:17,28.92997039,137.784174,68.23521426,32.49372761
04-09-2025 18:18,21.01458397,116.356711,41.8697994,29.33523226
04-09-2025 18:19,15.14373745,177.3300742,41.60154087,60.04361073
04-09-2025 18:20,33.21538553,100.7019759,74.81209273,56.7678398
04-09-2025 18:21,22.38476232,142.7306144,95.40767574,22.21053959
04-09-2025 18:22,23.86433896,173.7668773,27.31987297,51.84865492
04-09-2025 18:23,22.20043539,171.9307981,92.47671449,43.45746924
04-09-2025 18:24,26.40537521,88.45917637,97.02482792,50.17766551
04-09-2025 18:25,26.54120343,57.73543105,69.12281376,36.56383506
04-09-2025 18:26,33.48193337,59.67183696,39.21869379,74.67946521
04-09-2025 18:27,30.03279031,113.6418642,66.98708279,36.07881502
04-09-2025 18:28,21.87171589,126.2121297,65.50940978,63.39322904
04-09-2025 18:29,23.79488464,152.2522128,29.40630246,56.61712633
04-09-2025 18:30,28.0235924,140.81497,40.40244904,34.15451821
04-09-2025 18:31,13.35258515,131.2970192,19.59297597,48.00267443
04-09-2025 18:32,30.50090233,73.02744433,25.26035554,77.87800269
04-09-2025 18:33,22.78258971,138.1089977,87.18919831,21.65497104
04-09-2025 18:34,13.49314297,181.470894,77.49621905,45.91006029
04-09-2025 18:35,26.82844056,144.1904278,21.95675296,21.97213876
04-09-2025 18:36,27.97237922,91.78149287,39.66633103,26.68127084
04-09-2025 18:37,18.03861962,126.5752755,65.40540407,72.0036846
04-09-2025 18:38,29.16725134,104.18825,14.87927051,33.7678237
04-09-2025 18:39,23.87965296,158.1252926,80.0408734,79.11451953
04-09-2025 18:40,24.86661997,127.4657635,61.8020117,76.35442924
04-09-2025 18:41,21.72707468,133.4506901,39.41568494,77.377532
04-09-2025 18:42,28.22710964,71.38645095,72.78606106,55.93411421
04-09-2025 18:43,18.26993585,75.37164162,15.28395501,28.85188346
04-09-2025 18:44,24.82685013,176.7710987,60.93383373,20.56733428
04-09-2025 18:45,21.99290979,179.7309272,96.73639107,60.70166322
04-09-2025 18:46,16.33834271,94.48434684,72.62300482,50.53560502
04-09-2025 18:47,25.19658225,178.9797905,80.6146759,70.98012353
04-09-2025 18:48,23.96755687,89.26831116,44.81205326,53.55414513
04-09-2025 18:49,21.06286222,98.80020455,93.8980321,21.55333778
04-09-2025 18:50,24.92157144,90.79099864,59.09873758,23.28111864
04-09-2025 18:51,34.714689,197.2011264,80.55986012,33.12255971
04-09-2025 18:52,26.94427943,115.6634323,28.50070684,41.79322078
04-09-2025 18:53,23.37462722,162.7372611,99.04030569,33.55755616
04-09-2025 18:54,24.72563324,135.3205064,67.75576178,21.99551218
04-09-2025 18:55,23.35875179,160.4363723,18.65591061,51.48042114
04-09-2025 18:56,15.10650728,124.7375172,70.26968526,66.73992113
04-09-2025 18:57,22.07384858,172.5309982,47.44148913,42.66112257
04-09-2025 18:58,33.07216815,79.74836851,13.46446589,53.65807186
04-09-2025 18:59,34.60696919,196.8511421,83.14916904,40.01073201
04-09-2025 19:00,19.05977958,94.07135716,15.92528503,79.7989535
04-09-2025 19:01,20.24084089,133.3142931,15.22915549,64.45194688
04-09-2025 19:02,34.03827598,70.83868646,30.83552647,59.8845678
04-09-2025 19:03,29.51993409,148.4434512,71.21008337,54.72997967
04-09-2025 19:04,17.97226457,193.4354254,42.87729683,42.19260428
04-09-2025 19:05,27.83319971,181.5321306,86.53439147,69.42543223
04-09-2025 19:06,22.26146378,171.5626541,25.45104093,21.56840022
04-09-2025 19:07,30.52309598,79.86430137,95.13700477,27.8654447
04-09-2025 19:08,30.08222104,62.38431332,16.3502127,48.68482605
04-09-2025 19:09,23.11483622,153.8277749,99.53349003,50.83918885
04-09-2025 19:10,29.81758094,71.1230604,74.67264438,65.04697693
04-09-2025 19:11,21.34007455,151.4104801,19.17355186,58.71006425
04-09-2025 19:12,17.30008018,171.4977786,96.94793323,28.58767221
04-09-2025 19:13,28.05136523,80.38498353,35.6986274,69.92124931
04-09-2025 19:14,24.13831135,146.6308202,90.06693997,36.86038027
04-09-2025 19:15,32.77669194,183.9876713,46.88251842,27.61598815
04-09-2025 19:16,19.98099037,175.0739828,52.59729665,29.77018396
04-09-2025 19:17,37.44068147,139.111045,52.76080374,26.26386155
04-09-2025 19:18,28.88712161,108.6202369,48.92169591,75.00176238
04-09-2025 19:19,36.39277057,118.229289,26.5742282,37.80877221
04-09-2025 19:20,30.51322944,144.4274048,33.72171059,51.99285211
04-09-2025 19:21,14.63616552,173.9038766,62.05466321,50.59800688
04-09-2025 19:22,28.2214678,146.9190399,99.32422763,60.08361317
04-09-2025 19:23,19.26376666,157.785545,42.36448719,32.11114746
04-09-2025 19:24,25.42362062,194.0886342,90.43855447,76.93205773
04-09-2025 19:25,21.91830366,91.68294459,86.01480692,25.55047728
04-09-2025 19:26,18.84239348,179.0789951,28.33608039,36.11419322
04-09-2025 19:27,30.11440874,174.3414925,11.43338696,54.23356043
04-09-2025 19:28,15.76759381,107.3976026,96.17156945,27.43432916
04-09-2025 19:29,21.16970029,199.8806912,68.66628516,20.90792418
04-09-2025 19:30,23.47347521,186.2174307,39.49056116,20.49713102
04-09-2025 19:31,28.95600993,89.12739914,24.82205415,67.70741871
04-09-2025 19:32,31.39718653,149.8266465,44.48275758,59.49030217
04-09-2025 19:33,24.02847138,78.28893913,21.26159271,39.77520791
04-09-2025 19:34,31.27469983,58.8964097,78.33679627,28.83244673
04-09-2025 19:35,15.20589117,192.949938,88.00088791,75.57294177
04-09-2025 19:36,31.81217229,98.14502813,28.89547036,60.54576239
04-09-2025 19:37,27.23115697,90.44793275,25.23361375,48.28479999
04-09-2025 19:38,25.2060135,70.5297127,35.88789672,63.2050664
04-09-2025 19:39,23.96178275,197.6110386,29.56524958,43.79983612
04-09-2025 19:40,27.14255096,149.7847499,52.15062264,37.72769851
04-09-2025 19:41,17.30233345,60.6149028,34.75124045,28.36383755
04-09-2025 19:42,14.92729223,174.8975958,59.43132602,49.41130775
04-09-2025 19:43,30.60991051,117.6956045,42.41100131,70.49174339
04-09-2025 19:44,23.37585179,163.7549585,39.54769583,20.86310509
04-09-2025 19:45,26.53547969,162.1417133,58.09488506,77.74615059
04-09-2025 19:46,27.15392718,88.30046205,94.31030189,67.0977048
04-09-2025 19:47,24.97311043,133.6393823,39.91190206,29.64450192
04-09-2025 19:48,26.08914944,93.88631304,18.94993894,39.21605408
04-09-2025 19:49,18.10638862,167.7848248,53.03767465,57.79600082
04-09-2025 19:50,23.16775962,154.975757,13.64788526,60.36395093
04-09-2025 19:51,28.22815941,63.3368743,46.66116038,47.50267343
04-09-2025 19:52,34.78184624,105.6127983,38.43077826,64.51377418
04-09-2025 19:53,36.55755959,166.1676647,66.50271776,30.2514697
04-09-2025 19:54,31.32807113,87.20373749,58.70069773,59.93017845
04-09-2025 19:55,18.9741079,58.45063719,50.27882309,36.39279104
04-09-2025 19:56,26.7149384,147.7214054,83.94640522,39.17730171
04-09-2025 19:57,18.37562638,108.052344,11.57083576,28.1048897
04-09-2025 19:58,23.88548645,64.56749988,30.80777554,68.78791784
04-09-2025 19:59,28.42122423,181.6046067,19.11699046,27.47581206
04-09-2025 20:00,25.39161695,81.22799465,54.26183171,47.65197227
04-09-2025 20:01,30.03229,112.0486297,27.09332788,31.04463082
04-09-2025 20:02,27.83941344,54.85139447,33.82216844,78.98776963
04-09-2025 20:03,23.49650417,122.1001802,14.28706762,34.58158999
04-09-2025 20:04,31.78211382,161.8734949,62.33526284,69.28451946
04-09-2025 20:05,28.003092,128.0352227,64.81097188,56.25765704
04-09-2025 20:06,28.56947179,164.6877646,28.14126838,70.56910994
04-09-2025 20:07,32.54493822,75.8344281,31.9529668,20.9420995
04-09-2025 20:08,28.98343715,191.0945131,95.89017728,57.11460479
04-09-2025 20:09,20.6195359,180.5973096,67.80957699,72.04772275
04-09-2025 20:10,32.80933302,148.7499815,50.10047569,27.60149306
04-09-2025 20:11,26.39347879,122.3810892,80.57185164,47.97332516
04-09-2025 20:12,24.03907795,74.65302363,81.04439469,68.82519263
04-09-2025 20:13,23.0726018,139.1309299,61.59682705,33.71160257
04-09-2025 20:14,26.03400206,170.6202339,75.11218073,35.73968698
04-09-2025 20:15,29.02682374,142.6470813,33.94790869,33.59978531
04-09-2025 20:16,30.88242403,58.57494145,79.04022266,65.06267393
04-09-2025 20:17,25.15842657,137.9102874,91.81021992,40.89976142
04-09-2025 20:18,26.63442676,140.3527313,31.0676603,79.59210807
04-09-2025 20:19,25.37838313,178.2594905,91.6742128,59.37861631
04-09-2025 20:20,27.77713944,180.5981057,43.48996019,41.27066571
04-09-2025 20:21,23.29971176,66.45783794,66.09714116,28.03377795
04-09-2025 20:22,19.9784023,138.1838166,13.6052074,50.83266224
04-09-2025 20:23,22.93412414,105.9788591,32.25812441,61.06568071
04-09-2025 20:24,26.432263,188.0536925,99.45634029,78.22931128
04-09-2025 20:25,21.3685325,66.86367625,60.57008102,37.21183766
04-09-2025 20:26,26.35270843,185.6119733,85.45132703,63.01180047
04-09-2025 20:27,18.75644692,109.1570573,24.41655148,38.52695552
04-09-2025 20:28,32.25894971,144.1578318,13.51413746,65.2799762
04-09-2025 20:29,21.49240062,154.0161185,87.90593975,48.58019177
04-09-2025 20:30,33.66225038,137.0465238,76.61255002,68.05496983
04-09-2025 20:31,18.62854568,62.48983654,18.45628776,25.54222071
04-09-2025 20:32,22.7832552,65.28676071,71.45071014,67.90358686
04-09-2025 20:33,20.24478981,121.3090368,74.75981986,59.5260605
04-09-2025 20:34,35.98852379,144.4947013,45.64183287,76.00858603
04-09-2025 20:35,19.20918569,177.2881028,49.38641714,63.39756049
04-09-2025 20:36,30.68684706,62.6591916,11.10161235,64.96165478
04-09-2025 20:37,20.98629699,159.6202679,58.43172316,37.28264973
04-09-2025 20:38,28.02797078,153.1112035,86.72338867,67.51725034
04-09-2025 20:39,23.60584352,63.57446932,11.91653364,65.35745261
04-09-2025 20:40,16.44932038,95.78279542,40.54300618,55.49486422
04-09-2025 20:41,28.55110218,153.3370081,16.04334448,43.91627257
04-09-2025 20:42,21.6014171,70.9629181,73.46887293,42.76227502
04-09-2025 20:43,24.97747669,171.6224605,86.69145428,39.84383418
04-09-2025 20:44,20.9487753,193.0866993,70.84422023,75.34516354
04-09-2025 20:45,19.14729703,107.1429483,36.3184499,73.86588086
04-09-2025 20:46,23.01746317,93.93925943,28.51062478,78.35325977
04-09-2025 20:47,20.47358433,148.4738771,87.76385678,74.81987443
04-09-2025 20:48,13.68998954,176.7896611,81.42052113,29.40125852
04-09-2025 20:49,19.48370962,88.57173865,10.94548432,44.60140092
04-09-2025 20:50,24.70208082,50.24645743,66.84063638,37.77212004
04-09-2025 20:51,22.8402563,134.4098552,84.87560186,43.89373412
04-09-2025 20:52,19.25341878,81.97683038,92.61489967,40.90769607
04-09-2025 20:53,29.16016257,91.17560318,11.04869223,45.30664087
04-09-2025 20:54,27.60006719,133.4260849,58.55840292,25.58359138
04-09-2025 20:55,25.06102655,111.83315,52.19812068,31.05383959
04-09-2025 20:56,20.81339596,87.27841154,36.03332522,32.47296062
04-09-2025 20:57,31.55062856,150.9791671,87.28999827,47.7221362
04-09-2025 20:58,27.05651107,110.0003606,45.86449892,65.01365396
04-09-2025 20:59,23.02727929,101.6232289,59.53959629,49.34443532
04-09-2025 21:00,34.21669339,50.5326814,10.04243506,65.17859196
04-09-2025 21:01,30.17002337,70.83209865,10.82557865,29.06331131
04-09-2025 21:02,21.01944412,116.9979103,55.13671962,47.1148856
04-09-2025 21:03,27.79340656,177.2694483,18.014618,66.06394467
04-09-2025 21:04,18.83070811,128.0179802,72.43702193,76.96124291
04-09-2025 21:05,21.80116434,108.2264947,56.47220258,67.28202939
04-09-2025 21:06,20.27149341,101.9031453,99.57385344,53.57645531
04-09-2025 21:07,24.86421783,145.7910408,43.39633977,46.15512069
04-09-2025 21:08,30.06613259,142.4431239,21.21189686,29.43496692
04-09-2025 21:09,18.96788883,86.60610818,61.55562735,51.89930284
04-09-2025 21:10,27.2986672,74.47732872,27.80941936,58.02927511
04-09-2025 21:11,26.65082059,109.1213774,28.62944582,55.36791565
04-09-2025 21:12,27.83874877,110.1852581,56.98120389,29.97604626
04-09-2025 21:13,18.83340363,156.0735792,97.25580662,62.24206465
04-09-2025 21:14,26.96799975,140.2422377,63.56958087,78.93213897
04-09-2025 21:15,20.92450188,129.964441,92.67196062,29.71173412
04-09-2025 21:16,25.27712054,154.0617882,83.80252111,45.62535324
04-09-2025 21:17,33.79505092,89.28920185,84.70193982,69.27111012
04-09-2025 21:18,21.28109437,86.37212752,37.12121701,36.49512674
04-09-2025 21:19,25.90470695,129.0948726,46.17895112,25.81637991
04-09-2025 21:20,24.10498235,157.7143799,28.52691505,36.18575714
04-09-2025 21:21,29.3971823,179.1831469,99.23604857,40.96259575
04-09-2025 21:22,21.69075597,78.03061022,93.42460754,58.07020415
04-09-2025 21:23,19.68380289,166.498287,95.33835819,30.15435682
04-09-2025 21:24,21.82284292,96.31448528,34.2941283,29.94187962
04-09-2025 21:25,29.85860498,189.3786628,65.85978237,37.15497243
04-09-2025 21:26,25.47699492,52.2881892,84.27047355,73.10118986
04-09-2025 21:27,20.74571257,186.8512242,60.73561172,67.43671019
04-09-2025 21:28,25.79025944,179.6247319,90.79404404,50.72433267
04-09-2025 21:29,25.1132678,68.59294206,99.04440117,68.18386999
04-09-2025 21:30,15.72468093,178.003259,82.10818691,37.59168003
04-09-2025 21:31,21.73573805,152.3868657,76.24804715,64.1909482
04-09-2025 21:32,24.68349546,53.45296374,80.37970473,50.97765962
04-09-2025 21:33,21.42495474,98.68054814,66.08634157,27.08439055
04-09-2025 21:34,24.12029444,144.0225634,66.92483317,72.59550248
04-09-2025 21:35,28.24796291,139.5718332,70.68979177,54.92063202
04-09-2025 21:36,35.55641672,111.9755178,50.22486004,24.76712047
04-09-2025 21:37,19.36626012,84.8933091,53.06273679,59.86997335
04-09-2025 21:38,29.90478688,150.4051107,74.45483232,51.74337046
04-09-2025 21:39,21.64945623,112.5024557,69.26419749,52.01564369
04-09-2025 21:40,16.42286857,192.3845933,31.6063071,72.14539072
04-09-2025 21:41,21.90790641,143.909695,46.89415911,32.57085529
04-09-2025 21:42,25.22673574,116.3678714,61.20552025,59.60633347
04-09-2025 21:43,31.79527677,179.3196861,29.98971409,22.5300349
04-09-2025 21:44,25.82281382,149.4172711,33.85025069,29.16982987
04-09-2025 21:45,25.82654993,163.8690736,12.17350447,29.63819754
04-09-2025 21:46,28.99604308,75.28303879,96.41972617,59.16977304
04-09-2025 21:47,23.19612636,71.1726926,22.79125556,27.77114233
04-09-2025 21:48,24.29327147,104.4980724,78.72279315,42.20403808
04-09-2025 21:49,33.6349822,130.4179486,48.39254667,29.09922536
04-09-2025 21:50,23.0492663,92.85217927,22.99874576,76.83650541
04-09-2025 21:51,22.68441666,80.95413324,27.25621005,55.75976716
04-09-2025 21:52,18.73767768,115.9043667,48.16670778,24.59558654
04-09-2025 21:53,19.41793108,62.52677602,74.97447158,47.42602351
04-09-2025 21:54,26.98153133,87.21563903,77.53821194,55.46687567
04-09-2025 21:55,30.03341204,71.83956183,50.39563293,68.9975972
04-09-2025 21:56,32.7420908,186.8970027,92.53585125,21.04971158
04-09-2025 21:57,22.68313307,181.3132047,23.77582023,41.22956413
04-09-2025 21:58,23.06806845,110.9438269,96.25225959,38.71925812
04-09-2025 21:59,13.29141013,137.7129025,43.7779344,74.48890212
04-09-2025 22:00,26.9937572,174.9203916,57.09108444,49.66799186
04-09-2025 22:01,25.59106791,155.6485617,84.89452578,24.89132723
04-09-2025 22:02,19.40298979,196.3366625,61.25756972,53.41312843
04-09-2025 22:03,33.64711343,62.50053064,76.74037104,39.09202738
04-09-2025 22:04,21.81750754,103.2522161,62.66050088,78.32455957
04-09-2025 22:05,23.38996585,119.7288049,60.25983181,69.36614868
04-09-2025 22:06,26.89731839,173.6672773,36.46207491,47.67643657
04-09-2025 22:07,14.68260038,140.5463404,50.20545047,49.49307874
04-09-2025 22:08,28.05576338,60.39240966,44.95428153,47.74374042
04-09-2025 22:09,30.79322351,193.153035,45.17678389,31.44573898
04-09-2025 22:10,28.31787868,147.7232371,45.65134628,63.09440372
04-09-2025 22:11,25.17328529,150.4739098,33.59586238,75.58480529
04-09-2025 22:12,32.27713851,149.4088807,31.78398634,74.19341656
04-09-2025 22:13,22.70007237,73.97149222,93.19797183,48.68876081
04-09-2025 22:14,27.06499536,114.5452742,67.78862458,65.30660308
04-09-2025 22:15,27.29751644,133.8805243,87.57526969,51.80714228
04-09-2025 22:16,29.95446912,199.7109479,49.93716904,41.48234951
04-09-2025 22:17,19.10425445,127.6102424,46.34540889,79.78363222
04-09-2025 22:18,32.35556135,52.67951801,97.47371173,72.48896883
04-09-2025 22:19,27.52474485,64.43836386,16.61533756,60.35736056
04-09-2025 22:20,27.17201585,140.7559334,97.82370005,59.00811865
04-09-2025 22:21,31.35755977,100.320021,42.01785089,38.14745423
04-09-2025 22:22,30.16101321,188.1631122,69.18918006,29.3539655
04-09-2025 22:23,20.58182668,111.9989339,49.22764992,77.09369998
04-09-2025 22:24,26.89152295,92.77901225,73.11117921,27.55486883
04-09-2025 22:25,28.10602665,147.4155709,61.62717342,67.48864675
04-09-2025 22:26,21.71388396,100.4324589,42.12050404,58.15547655
04-09-2025 22:27,29.13376187,144.1408371,77.95167536,56.44843108
04-09-2025 22:28,25.40476635,55.80962026,13.42801303,36.78284374
04-09-2025 22:29,22.039922,149.9553091,27.69956,65.82766929
04-09-2025 22:30,32.84187993,164.4304497,78.9318244,67.2681364
04-09-2025 22:31,27.82097128,163.9087929,47.80778246,34.5985048
04-09-2025 22:32,22.02376584,138.4630285,21.56973325,24.82228463
04-09-2025 22:33,31.05582581,188.571216,40.80765278,68.94670728
04-09-2025 22:34,25.51017379,154.8577248,51.79734226,48.64263288
04-09-2025 22:35,24.86477566,147.507905,37.55500704,55.64667622
04-09-2025 22:36,32.18384343,117.5168591,77.5306079,78.2232949
04-09-2025 22:37,24.93748294,167.4650201,66.67976944,67.66354496
04-09-2025 22:38,24.24088088,172.9369544,19.10664211,49.82290412
04-09-2025 22:39,24.18649805,184.5404005,54.55126374,71.6459269
04-09-2025 22:40,26.84599675,191.2218889,39.12051905,56.62773244
04-09-2025 22:41,31.44986674,96.07159783,89.03334623,26.8537248
04-09-2025 22:42,22.59217971,80.71379535,62.80291318,42.38955556
04-09-2025 22:43,18.32827921,120.8371797,69.63082018,59.97714191
04-09-2025 22:44,22.14821498,193.2564589,47.38248114,77.30065503
04-09-2025 22:45,22.63476212,68.35212554,21.15850464,45.49121688
04-09-2025 22:46,25.34163951,88.29855422,48.9747914,38.42149924
04-09-2025 22:47,27.26861236,123.9988165,65.71809582,59.04496904
04-09-2025 22:48,26.67820562,165.302774,78.19182903,78.45778353
04-09-2025 22:49,18.20105174,68.50971016,89.29430601,75.08283803
04-09-2025 22:50,22.70889351,62.89683367,62.76127718,72.33213602
04-09-2025 22:51,21.77436512,169.1963183,27.22905884,22.71526901
04-09-2025 22:52,20.01851964,191.0079392,86.64329362,76.78626753
04-09-2025 22:53,23.55132293,166.8673357,66.63544796,25.44942791
04-09-2025 22:54,30.23536334,171.6927423,86.7909909,72.77813622
04-09-2025 22:55,24.63800894,123.0491775,32.35160152,28.03977758
04-09-2025 22:56,20.78316087,160.2890404,56.64506028,73.37742694
04-09-2025 22:57,29.88180658,186.1237329,99.44900299,35.96091782
04-09-2025 22:58,18.37432979,58.01886759,43.20676278,26.06264018
04-09-2025 22:59,16.11255868,142.9296222,72.95758156,20.12380893
04-09-2025 23:00,20.82270111,62.81432799,75.67479104,54.69593503
04-09-2025 23:01,29.49159797,172.9735083,27.69099852,72.2865635
04-09-2025 23:02,28.42333968,195.3555376,21.4588105,63.86757562
04-09-2025 23:03,17.18924641,113.2967795,85.1622618,76.51266936
04-09-2025 23:04,23.08235349,190.5582732,16.92329984,29.52017481
04-09-2025 23:05,20.35667697,85.76308917,96.48183472,69.38588561
04-09-2025 23:06,31.91262936,117.8568919,94.98273457,55.20670721
04-09-2025 23:07,34.41750463,199.6022211,75.61310199,31.28466377
04-09-2025 23:08,22.00183944,117.4916456,50.62545563,57.8122768
04-09-2025 23:09,19.06456595,85.27255945,46.59349907,20.07742887
04-09-2025 23:10,21.69958381,102.0951551,19.98475891,25.62882683
04-09-2025 23:11,26.02311088,51.35062121,54.30309904,20.96612002
04-09-2025 23:12,14.30790777,150.6759192,98.61886193,50.25203779
04-09-2025 23:13,26.20093586,170.3829619,69.90363002,26.37367977
04-09-2025 23:14,28.4624097,85.82504973,64.74493529,51.84791391
04-09-2025 23:15,23.66063558,60.69948627,66.82957642,44.55176642
04-09-2025 23:16,21.94119327,137.4530887,18.20668904,56.4954078
04-09-2025 23:17,24.66159171,73.5595055,28.77302373,36.95908516
04-09-2025 23:18,24.03596296,184.4642216,87.60410497,52.23977297
04-09-2025 23:19,23.86630435,155.6349787,97.31596741,38.28868602
04-09-2025 23:20,22.60105605,83.76989933,14.86962891,79.50865029
04-09-2025 23:21,12.91143328,89.67389481,47.47504977,50.44816663
04-09-2025 23:22,21.2231007,68.27379212,29.49621273,51.03104542
04-09-2025 23:23,26.5041621,95.41535171,90.04350406,50.2134559
04-09-2025 23:24,27.74351877,79.64960968,54.48924783,33.74679778
04-09-2025 23:25,28.06876031,185.9907838,21.27344332,48.70790398
04-09-2025 23:26,19.5745551,102.4869573,32.58031359,24.29251967
04-09-2025 23:27,23.59286372,116.4173028,77.29244308,28.92316759
04-09-2025 23:28,25.52460932,133.1485667,54.40411845,42.89176569
04-09-2025 23:29,26.11619063,166.4650891,82.70377045,54.69376043
04-09-2025 23:30,24.83088668,140.7740772,82.96485806,63.33271149
04-09-2025 23:31,17.77492375,102.0567662,92.7070549,25.87288729
04-09-2025 23:32,20.76908998,130.938347,93.15886587,33.17609809
04-09-2025 23:33,28.5438155,126.8446899,92.23580198,26.6552266
04-09-2025 23:34,28.82843701,71.00217465,26.15327593,38.99813002
04-09-2025 23:35,30.57185487,146.0571746,76.74821726,73.87680922
04-09-2025 23:36,28.8677639,139.1951655,95.32395387,28.95492711
04-09-2025 23:37,20.29982485,114.1056132,79.1796541,39.94958024
04-09-2025 23:38,24.3302836,110.3093486,24.5090702,49.3719228
04-09-2025 23:39,21.39351069,59.46796679,42.92203879,48.50253061
04-09-2025 23:40,18.90558723,99.68274707,22.62805641,58.04408348
04-09-2025 23:41,22.80412499,70.27066622,83.05895329,68.79891144
04-09-2025 23:42,14.8622755,75.45609577,26.95086278,26.57957506
04-09-2025 23:43,26.42568368,147.4904691,66.32075005,66.88941174
04-09-2025 23:44,27.52228731,159.7363193,27.71266093,56.04462109
04-09-2025 23:45,25.86614135,89.5137871,24.77551378,45.5312229
04-09-2025 23:46,22.99752814,121.9237805,63.73323988,62.16480869
04-09-2025 23:47,22.30044101,120.1124362,83.42341408,68.68914678
04-09-2025 23:48,23.29895548,197.043726,18.36660721,20.0147785
04-09-2025 23:49,19.12826664,59.86123184,39.58386503,29.12842591
04-09-2025 23:50,32.69145869,87.1264522,93.31695109,54.37978577
04-09-2025 23:51,21.07877596,61.39700734,23.64595789,24.94784873
04-09-2025 23:52,26.9642016,70.33088194,25.41599455,30.03382667
04-09-2025 23:53,23.06335073,113.5018621,41.96080538,45.12271618
04-09-2025 23:54,21.3748496,52.36952471,60.9299625,23.69144725
04-09-2025 23:55,33.37502819,77.10125789,32.03120065,27.53238063
04-09-2025 23:56,28.08565044,96.79441996,61.70026767,59.68910384
04-09-2025 23:57,19.70434664,191.5500064,46.24514247,40.72692895
04-09-2025 23:58,20.31960568,195.8626882,83.55524428,33.94460637
04-09-2025 23:59,18.91499136,90.14700457,19.86417565,27.74682453
05-09-2025 00:00,20.63625154,131.6730949,39.98893199,74.49670922
05-09-2025 00:01,22.13820863,154.8329667,26.57670452,40.81810539
05-09-2025 00:02,23.584642,175.1245202,38.2655225,37.31888127
05-09-2025 00:03,24.30541553,169.3926347,55.46078606,54.0930882
05-09-2025 00:04,28.09194026,194.2467231,62.53972877,61.11753324
05-09-2025 00:05,27.30793814,148.8915935,29.42795372,46.48620599
05-09-2025 00:06,15.49564515,145.1898743,97.1339178,68.56443588
05-09-2025 00:07,16.10382623,139.2722649,96.37090599,75.71037197
05-09-2025 00:08,32.43032404,79.85049618,16.84588191,50.99277699
05-09-2025 00:09,28.16108658,136.0226711,47.20908708,40.85629741
05-09-2025 00:10,22.7936031,129.4071272,13.649074,23.35426182
05-09-2025 00:11,22.27905082,178.1878767,16.75076757,72.0821423
05-09-2025 00:12,21.27970754,115.8152369,35.43565914,74.08202994
05-09-2025 00:13,28.15435768,52.41701555,41.39553129,24.86386463
05-09-2025 00:14,23.04364758,171.6220101,67.84287756,35.674096
05-09-2025 00:15,24.87559853,156.6708706,21.38945902,75.3716894
05-09-2025 00:16,21.81792977,78.88599431,51.36944946,75.4442003
05-09-2025 00:17,22.74962034,54.11729127,34.03718206,41.07960754
05-09-2025 00:18,19.74476772,96.71331121,85.37685019,22.6424526
05-09-2025 00:19,16.66859269,59.96070491,21.53599417,62.71483243
05-09-2025 00:20,23.4870044,130.2883378,55.01730986,56.57657219
05-09-2025 00:21,19.03146713,86.77413936,28.9806228,63.89068911
05-09-2025 00:22,24.27650609,127.4901992,79.73830446,27.07759207
05-09-2025 00:23,26.1535792,53.59871357,91.19168521,21.79279615
05-09-2025 00:24,22.42063648,177.2784723,45.99156908,64.91676194
05-09-2025 00:25,30.63074948,81.25601494,67.76602546,50.23180629
05-09-2025 00:26,20.26225968,93.52126602,37.22393263,60.8043733
05-09-2025 00:27,32.83032792,152.0574014,73.32777197,71.01886373
05-09-2025 00:28,32.18360605,96.29443234,37.99434596,51.35957095
05-09-2025 00:29,23.10638128,91.77751825,55.37624144,43.57431592
05-09-2025 00:30,33.24043673,133.3606899,77.92155999,63.24879435
05-09-2025 00:31,22.77858885,184.8838388,17.72435653,49.97789234
05-09-2025 00:32,21.25683345,76.52376768,77.43639473,65.68456102
05-09-2025 00:33,26.61197359,197.5618074,39.86888088,35.13080399
05-09-2025 00:34,26.38142795,170.1095867,57.28181432,67.43113521
05-09-2025 00:35,27.58480805,192.0565031,83.05559938,39.00282913
05-09-2025 00:36,24.07016182,186.1221664,50.0887799,74.84598299
05-09-2025 00:37,22.28220522,119.4378097,26.96495212,60.73352439
05-09-2025 00:38,29.96628441,119.8703792,35.21902148,25.38550674
05-09-2025 00:39,35.06432088,93.11874946,74.55228204,36.83865307
05-09-2025 00:40,20.47083904,191.3362422,28.81421364,30.67617753
05-09-2025 00:41,27.71509243,153.7371997,19.64550565,31.33356838
05-09-2025 00:42,32.20172367,58.05773998,53.43568592,59.07870879
05-09-2025 00:43,24.21765988,170.0526192,38.74316365,48.3944995
05-09-2025 00:44,23.01494861,81.06851984,72.99876954,49.79874597
05-09-2025 00:45,23.5848895,150.9399579,44.87764652,60.61359508
05-09-2025 00:46,22.13899243,64.21092665,62.69315274,76.49894063
05-09-2025 00:47,28.13303419,83.73878656,98.33521364,74.02366079
05-09-2025 00:48,29.24932922,111.7330275,25.82622131,55.73626885
05-09-2025 00:49,29.01631293,94.13366072,63.57196047,39.22140862
05-09-2025 00:50,29.09550638,60.60884746,95.7385919,25.87671062
05-09-2025 00:51,17.80532723,179.8475642,51.69280054,68.40224413
05-09-2025 00:52,24.50190315,190.0833934,49.63286802,62.19617459
05-09-2025 00:53,20.72454052,174.0345162,81.44553121,28.42541553
05-09-2025 00:54,19.49815312,79.06126069,52.02423096,31.89667955
05-09-2025 00:55,34.98255305,144.5521878,51.93715201,58.66203638
05-09-2025 00:56,26.18710432,60.86083007,72.02724618,41.21511497
05-09-2025 00:57,25.85609838,105.1682208,72.52519174,75.11389177
05-09-2025 00:58,24.68460423,154.1131606,65.86106063,69.04939146
05-09-2025 00:59,28.81220672,112.2834062,55.36052032,79.65758959
05-09-2025 01:00,25.45740661,104.6915918,38.26702095,43.41487919
05-09-2025 01:01,27.97217883,175.2311862,62.79549817,56.70408196
05-09-2025 01:02,27.06133783,63.02237563,60.03584883,41.2486609
05-09-2025 01:03,23.60142044,182.0662593,13.91308398,49.32342685
05-09-2025 01:04,33.39180683,113.248425,57.44196128,36.17641719
05-09-2025 01:05,24.02755617,60.18852052,78.00510089,24.92596542
05-09-2025 01:06,23.8903746,196.7998496,63.66666698,55.19469867
05-09-2025 01:07,23.22473775,161.2645349,60.32164239,25.75191677
05-09-2025 01:08,19.29619453,140.1016308,32.99262715,50.01758648
05-09-2025 01:09,28.08728256,92.44051632,57.88744122,73.81238552
05-09-2025 01:10,30.93968154,113.5014401,87.25871982,34.5484937
05-09-2025 01:11,21.58458089,148.2167062,94.12573808,59.41075133
05-09-2025 01:12,18.64899949,168.3990158,97.4445105,47.75691108
05-09-2025 01:13,24.83694581,76.68367835,76.32559095,48.21912362
05-09-2025 01:14,20.61661288,110.8755845,53.51980363,56.27637951
05-09-2025 01:15,23.19338427,93.5830987,30.50040121,51.1294496
05-09-2025 01:16,34.15125746,156.1801586,69.19952874,24.58409888
05-09-2025 01:17,16.76951789,160.4123901,51.6487232,23.57138268
05-09-2025 01:18,25.42946171,74.07289558,41.09796942,60.7347685
05-09-2025 01:19,29.8908889,84.24168916,25.22827764,36.00859811
05-09-2025 01:20,23.68848673,188.5153019,44.62658036,25.63153927
05-09-2025 01:21,37.69195173,87.77879064,78.81543171,76.40877783
05-09-2025 01:22,30.10643569,93.66911059,46.32864362,46.75311805
05-09-2025 01:23,30.93202129,141.5756012,84.18391469,61.44619585
05-09-2025 01:24,15.67296148,122.4375916,98.28725443,26.47095704
05-09-2025 01:25,22.79629833,196.8469214,25.67912821,34.87871015
05-09-2025 01:26,23.72503804,107.4176275,97.55078757,36.57602551
05-09-2025 01:27,30.00132707,196.854038,17.56926021,51.58913836
05-09-2025 01:28,11.78193312,127.9008341,45.40477332,36.9281172
05-09-2025 01:29,16.61454483,139.9414487,88.25458389,76.80657925
05-09-2025 01:30,28.10040237,81.3692692,37.63160287,24.35436169
05-09-2025 01:31,30.82929626,156.1541742,91.28831923,45.42972931
05-09-2025 01:32,24.9788764,119.9585448,55.49984705,45.45035171
05-09-2025 01:33,32.96621122,197.8950231,60.41939779,65.08886235
05-09-2025 01:34,28.52578289,157.9837128,16.42514304,26.1762651
05-09-2025 01:35,19.61170096,58.83475079,24.38406422,29.27549757
05-09-2025 01:36,20.85828279,185.2462168,77.90571163,20.70914756
05-09-2025 01:37,20.11087917,123.1044666,52.18802846,62.10202895
05-09-2025 01:38,30.62608476,57.16532147,75.19236355,41.33873027
05-09-2025 01:39,18.5708797,179.5874859,57.79087902,56.33000238
05-09-2025 01:40,24.82387762,113.6840398,25.35891105,35.72145813
05-09-2025 01:41,27.35408436,151.5992461,60.03115474,55.41483362
05-09-2025 01:42,26.47104194,112.9055373,17.66288183,33.92546775
05-09-2025 01:43,27.51462764,108.3155478,28.04687755,33.99444213
05-09-2025 01:44,21.04024612,167.0665451,97.83570136,61.12359347
05-09-2025 01:45,32.46085792,78.85520028,90.44593912,38.26081845
05-09-2025 01:46,28.82841329,105.0684814,20.96529593,76.87745381
05-09-2025 01:47,20.41252042,78.46568879,41.41321681,44.78423884
05-09-2025 01:48,21.67098143,153.3367647,86.47166496,44.42766282
05-09-2025 01:49,24.07981921,197.2939945,84.36061773,30.36185686
05-09-2025 01:50,26.13365749,97.64936268,54.69311881,63.94309129
05-09-2025 01:51,27.25146226,85.45389093,96.53726311,73.34374587
05-09-2025 01:52,25.53097556,135.0738503,51.65788731,30.1223813
05-09-2025 01:53,20.51667358,93.82883792,58.80404492,76.5583838
05-09-2025 01:54,27.27411349,149.7221637,60.84570437,76.93720619
05-09-2025 01:55,26.75347433,89.50763461,42.99847895,74.58890731
05-09-2025 01:56,31.71615751,62.7804106,31.97261514,75.12578805
05-09-2025 01:57,21.92002741,114.5369031,46.22536745,61.77153337
05-09-2025 01:58,23.5321797,181.3958208,79.6977287,43.63898227
05-09-2025 01:59,18.44880759,194.4142264,87.74378583,66.31989006
05-09-2025 02:00,22.38337317,104.7832017,73.21997067,51.1184239
05-09-2025 02:01,27.02993501,149.6547146,37.67456143,27.11925727
05-09-2025 02:02,22.0898549,58.71618081,15.19071618,46.99833767
05-09-2025 02:03,28.66135279,109.8129348,78.17247619,35.32875699
05-09-2025 02:04,21.29957037,82.99613651,22.98193075,62.24230822
05-09-2025 02:05,37.99508851,155.1256631,79.95351338,62.94026588
05-09-2025 02:06,28.43350797,133.3912775,20.93443028,67.59163094
05-09-2025 02:07,33.10696823,181.1985964,68.82766923,45.32942673
05-09-2025 02:08,24.00237191,177.2528181,12.63936281,74.53383463
05-09-2025 02:09,20.85303764,88.83911133,85.23226839,65.30719502
05-09-2025 02:10,22.82849381,101.9450471,67.74963243,20.37504738
05-09-2025 02:11,28.47887964,197.2730017,80.84694959,77.10550664
05-09-2025 02:12,20.20733362,82.00696953,96.28768371,51.63818099
05-09-2025 02:13,24.28911836,147.4992336,20.165708,23.32406622
05-09-2025 02:14,25.74830146,162.7066188,73.06353323,63.35143164
05-09-2025 02:15,24.68484184,163.1748757,14.38995156,42.73387605
05-09-2025 02:16,24.62591252,62.73447758,28.90868691,44.74659082
05-09-2025 02:17,18.58836947,158.5553147,66.80986363,23.01268038
05-09-2025 02:18,26.89851478,52.40425395,14.3260644,60.29406937
05-09-2025 02:19,24.28151836,158.4509574,28.3322062,29.82496994
05-09-2025 02:20,30.22818735,193.6788082,61.99347017,77.21290672
05-09-2025 02:21,29.72621486,161.5176216,35.21642875,73.41421512
05-09-2025 02:22,22.45349359,87.26181397,72.29697678,35.26232472
05-09-2025 02:23,23.4443085,162.4965408,34.36300369,20.04540135
05-09-2025 02:24,25.65129608,153.903026,14.77482509,61.0879791
05-09-2025 02:25,21.27572515,164.6308042,79.51990763,62.05128065
05-09-2025 02:26,19.89821008,172.9751165,60.15100414,57.1306039
05-09-2025 02:27,20.40929942,162.4009329,93.40296876,44.40029426
05-09-2025 02:28,27.50139818,108.1791032,86.87082704,39.17363869
05-09-2025 02:29,32.44751144,84.72501004,22.57897165,31.62577731
05-09-2025 02:30,17.95706625,144.6991834,46.29626395,79.1096121
05-09-2025 02:31,22.25062104,177.5224676,24.36281417,73.89712361
05-09-2025 02:32,19.38241093,110.8657099,89.6748093,46.43258162
05-09-2025 02:33,21.97192699,146.4627713,78.18983712,66.2156997
05-09-2025 02:34,31.42095897,116.0459096,73.3182821,73.9646419
05-09-2025 02:35,16.96939113,166.1732148,14.2824956,33.61571456
05-09-2025 02:36,26.22255695,75.23024113,20.25789556,69.31067689
05-09-2025 02:37,22.84966235,65.9125414,76.32240335,54.92485003
05-09-2025 02:38,28.91771861,164.9377065,69.91527062,24.26059088
05-09-2025 02:39,28.55519178,132.8855315,33.05021135,52.19530518
05-09-2025 02:40,31.58523219,128.8103481,77.13643556,21.72378925
05-09-2025 02:41,24.57490703,121.1076122,70.7638546,70.68956447
05-09-2025 02:42,27.23728414,60.56423726,28.18409925,62.67016793
05-09-2025 02:43,24.80491782,161.0945043,46.68310065,77.69581837
05-09-2025 02:44,28.37621195,125.0970774,61.15803346,23.48902818
05-09-2025 02:45,26.94222812,195.1021737,37.63269818,50.97318367
05-09-2025 02:46,23.87020845,140.3308415,63.30566453,25.51192127
05-09-2025 02:47,32.40746863,183.7453453,42.181123,64.66724951
05-09-2025 02:48,23.73291963,71.31153973,83.00919436,74.79243557
05-09-2025 02:49,25.4155874,111.6967172,54.56886656,59.2229505
05-09-2025 02:50,26.58938317,143.4200046,59.04134943,57.63205442
05-09-2025 02:51,31.46051509,144.3724383,10.96517648,64.02085542
05-09-2025 02:52,26.65819703,61.16426166,32.28946263,49.74266137
05-09-2025 02:53,26.96065223,162.7291879,43.35263664,29.6831717
05-09-2025 02:54,17.55325413,184.7466653,26.60801811,36.34292635
05-09-2025 02:55,30.98273201,112.2632467,94.98369502,27.5606126
05-09-2025 02:56,17.12157138,64.90014864,12.03641666,69.71853915
05-09-2025 02:57,20.06938803,130.5380542,17.08704734,24.79526837
05-09-2025 02:58,21.12143678,170.0447681,82.49371204,52.14338378
05-09-2025 02:59,25.63978739,109.4915647,30.54370905,37.66299004
05-09-2025 03:00,34.20486167,161.442948,84.7443914,30.96116555
05-09-2025 03:01,25.22961224,72.85015356,95.82363377,65.58578843
05-09-2025 03:02,31.78378368,61.12701393,97.49544338,62.34209778
05-09-2025 03:03,22.54819345,183.6333085,95.0027886,49.3564446
05-09-2025 03:04,19.8095643,167.3265792,19.5769791,65.88409689
05-09-2025 03:05,23.23432323,61.59401008,78.68473198,24.53940354
05-09-2025 03:06,24.17925441,107.8557297,50.61188379,39.63300437
05-09-2025 03:07,33.92158677,120.6305957,33.35382755,47.70131904
05-09-2025 03:08,34.45267427,113.7684731,21.08673529,30.82060845
05-09-2025 03:09,25.82118632,195.9285005,78.66898738,62.26703923
05-09-2025 03:10,26.79513114,130.030295,68.57333684,39.03447277
05-09-2025 03:11,26.24196298,197.3188588,80.61572345,66.53092743
05-09-2025 03:12,15.21334648,140.3149023,23.42070459,38.86390814
05-09-2025 03:13,12.34982851,93.68611623,19.8464119,55.97709721
05-09-2025 03:14,28.93175532,177.2917416,31.88325729,41.40839993
05-09-2025 03:15,22.83998506,158.0335597,74.96404929,75.74760239
05-09-2025 03:16,20.38867513,163.2819834,14.53092044,60.17909192
05-09-2025 03:17,25.02274535,129.3095101,34.52499379,47.12186902
05-09-2025 03:18,40.47448194,127.6117694,76.974453,64.52522219
05-09-2025 03:19,30.62250778,142.2640454,65.01077396,26.35140552
05-09-2025 03:20,30.29344073,98.39327532,82.91393152,39.17167106
05-09-2025 03:21,25.88308185,188.6002789,57.56904879,76.97147026
05-09-2025 03:22,22.25178032,59.73791832,67.50724494,68.85851514
05-09-2025 03:23,32.15678906,63.72403779,74.42579535,34.6511004
05-09-2025 03:24,18.78479101,132.0550369,65.21038675,69.50928471
05-09-2025 03:25,24.18430363,105.7648073,88.73278189,26.86109851
05-09-2025 03:26,23.58268681,53.75987944,90.42862917,68.10022162
05-09-2025 03:27,25.89173393,92.27270035,26.21057293,27.67622369
05-09-2025 03:28,25.41010765,130.2392991,10.62245052,38.71963594
05-09-2025 03:29,20.67602143,87.85569676,83.27753134,69.82109266
05-09-2025 03:30,20.3414662,128.4413784,53.74582216,33.23252492
05-09-2025 03:31,21.04560672,80.7908799,14.54110042,35.8811891
05-09-2025 03:32,24.2970788,107.9030947,32.85028357,42.21102737
05-09-2025 03:33,27.25926709,91.43274586,13.29326957,33.81039495
05-09-2025 03:34,28.64412625,126.8557175,89.87341858,58.15405229
05-09-2025 03:35,25.27971195,88.04179522,95.30749007,75.91106924
05-09-2025 03:36,20.97621162,151.2402877,66.12971579,60.86538456
05-09-2025 03:37,11.13909796,196.866308,78.32266737,35.63411401
05-09-2025 03:38,23.85120852,122.8522086,59.8608611,68.40943245
05-09-2025 03:39,32.49433197,110.551379,52.69456789,43.60258366
05-09-2025 03:40,17.5988609,132.9830941,27.87369353,58.64556587
05-09-2025 03:41,22.58269895,129.0192213,60.78899798,48.61114209
05-09-2025 03:42,22.46033841,166.3332371,63.32759665,64.39068607
05-09-2025 03:43,21.38612295,137.6146611,58.21086891,43.02885091
05-09-2025 03:44,30.23577727,71.94106264,39.39228163,62.73342181
05-09-2025 03:45,28.31612524,123.2134426,63.15735962,28.24185288
05-09-2025 03:46,26.46480417,175.9902236,34.42239545,46.49171918
05-09-2025 03:47,26.71958847,179.2911337,37.38019072,41.12894166
05-09-2025 03:48,14.30686193,168.8451748,29.42576146,46.59590783
05-09-2025 03:49,21.0736448,97.06882032,54.39542949,35.33550763
05-09-2025 03:50,23.72023902,61.29208639,60.61377761,33.74512085
05-09-2025 03:51,25.60810939,58.31841016,15.28006158,41.14910407
05-09-2025 03:52,23.43335942,191.5737701,11.51564847,43.99762031
05-09-2025 03:53,34.17840449,179.7208475,12.27025009,55.20707711
05-09-2025 03:54,20.52791042,97.08689365,66.1017797,75.35349925
05-09-2025 03:55,28.83119015,74.93561494,65.39348396,32.07905247
05-09-2025 03:56,29.29706895,124.9145535,16.42430796,75.81895731
05-09-2025 03:57,19.14420765,188.5176347,43.63660776,35.83257376
05-09-2025 03:58,20.64833403,144.5218862,83.85588029,29.25371522
05-09-2025 03:59,11.09312497,186.4008992,63.01581571,30.11835226
05-09-2025 04:00,15.26171329,100.4793468,34.85514664,54.42100889
05-09-2025 04:01,24.14663836,175.1496736,36.8220787,37.58997716
05-09-2025 04:02,32.25699671,66.61433077,15.7136797,67.91214214
05-09-2025 04:03,23.74978251,87.68191902,92.61920811,20.61294917
05-09-2025 04:04,23.6879213,165.047378,38.62130254,39.74004735
05-09-2025 04:05,21.22299192,54.67707859,40.10303089,37.55015125
05-09-2025 04:06,24.20786391,66.77624541,82.33965963,39.73792844
05-09-2025 04:07,27.65571557,99.00276543,42.55121942,73.61809803
05-09-2025 04:08,13.22132709,136.8898911,82.20993265,69.53053373
05-09-2025 04:09,16.9724279,171.5503086,18.61283382,56.29807437
05-09-2025 04:10,19.85367068,60.94639563,25.77814113,35.33739414
05-09-2025 04:11,24.47731761,137.5620289,41.56133961,79.8873068
05-09-2025 04:12,23.67957586,151.5213207,36.41873621,40.43933056
05-09-2025 04:13,26.30820712,63.59944273,74.3778838,52.02943696
05-09-2025 04:14,24.69523938,183.5430019,72.54103415,38.53323662
05-09-2025 04:15,25.10443711,71.96357857,87.60040108,31.18986271
05-09-2025 04:16,24.49865999,109.3598979,96.32832053,58.15867483
05-09-2025 04:17,28.23788398,91.19676455,23.17553056,49.80144614
05-09-2025 04:18,29.15362439,158.980771,50.17529075,52.67006751
05-09-2025 04:19,25.96857016,153.2463006,21.40583646,29.40915055
05-09-2025 04:20,22.11857805,84.31670103,69.49097078,42.79095757
05-09-2025 04:21,32.09374773,96.84865417,23.11892692,64.65048284
05-09-2025 04:22,23.91957285,144.616945,95.66848765,29.85556934
05-09-2025 04:23,22.9529997,105.4293908,53.06334634,79.46048094
05-09-2025 04:24,25.44206634,184.1706216,77.66691617,77.68177026
05-09-2025 04:25,33.99196278,192.1225403,49.73970786,61.13520892
05-09-2025 04:26,16.37899437,59.9099046,74.78101535,68.54924013
05-09-2025 04:27,22.5576777,115.1861717,55.64365002,73.80378626
05-09-2025 04:28,31.30786359,67.85375578,95.49637796,24.92682708
05-09-2025 04:29,23.45509388,61.32910486,87.15224978,68.79676251
05-09-2025 04:30,26.1446884,141.7079924,71.69979133,38.39194558
05-09-2025 04:31,25.89963846,93.16996708,29.74099273,45.28534961
05-09-2025 04:32,20.85685773,187.740048,40.73977188,56.9241308
05-09-2025 04:33,31.69780861,95.2432444,15.98537048,55.23314252
05-09-2025 04:34,24.99248928,114.4493291,33.8415605,35.96352275
05-09-2025 04:35,33.29014158,81.53268114,44.2915577,44.66128598
05-09-2025 04:36,14.66726336,53.71827863,23.26469133,66.23048774
05-09-2025 04:37,29.93575903,113.1630466,60.43101051,54.97174472
05-09-2025 04:38,19.66279991,189.152761,49.18211232,43.71271278
05-09-2025 04:39,26.10539182,58.58725799,32.97935015,56.66277785
05-09-2025 04:40,21.67002631,146.4875167,55.46404083,58.11701183
05-09-2025 04:41,32.82757655,89.99186281,86.59639667,30.5284633
05-09-2025 04:42,27.82456319,129.0046678,28.20649508,70.45452024
05-09-2025 04:43,36.04858492,112.1464263,11.31781877,64.89333864
05-09-2025 04:44,21.67834881,144.7617734,30.94192866,49.4840252
05-09-2025 04:45,32.34158262,74.6010881,49.5581209,50.44910199
05-09-2025 04:46,33.6755152,80.8253285,13.34790028,70.93569178
05-09-2025 04:47,27.71396674,160.4492007,61.97800532,52.21737652
05-09-2025 04:48,21.72090452,164.9054841,91.55662753,63.32958211
05-09-2025 04:49,26.99808677,85.08348528,21.16116915,59.95905083
05-09-2025 04:50,18.6847442,135.9693419,74.88727146,55.91489318
05-09-2025 04:51,26.15276887,56.71783109,19.31913119,66.08302643
05-09-2025 04:52,27.78060529,148.2855873,77.53337331,41.09271036
05-09-2025 04:53,22.73271486,66.14201161,36.11508685,69.20990012
05-09-2025 04:54,14.86832066,72.45218979,25.78658922,41.98774464
05-09-2025 04:55,28.6956091,172.0300588,72.33725346,24.54242934
05-09-2025 04:56,34.23224566,189.3945188,71.16812119,26.74236411
05-09-2025 04:57,25.03340128,181.4220149,76.55980469,26.10219216
05-09-2025 04:58,22.60209147,64.63464697,21.64607699,35.99127473
05-09-2025 04:59,14.01757215,154.9719132,76.38303955,67.2480325
05-09-2025 05:00,26.48127132,56.02827317,81.41484543,45.34586218
05-09-2025 05:01,28.79775565,50.24532479,41.26374867,72.03030362
05-09-2025 05:02,27.91163144,175.3241977,30.40500976,28.8595406
05-09-2025 05:03,31.14754235,99.93318383,41.21755401,33.11035673
05-09-2025 05:04,24.77640616,98.25010627,88.81758535,43.01320719
05-09-2025 05:05,23.5054485,131.6772186,59.01653228,36.43274155
05-09-2025 05:06,23.55430868,81.05402844,29.22335274,47.21200318
05-09-2025 05:07,28.24718465,71.59541062,23.96321789,24.41650453
05-09-2025 05:08,27.43403476,89.09196348,70.46152336,63.18542276
05-09-2025 05:09,28.53218346,143.6368142,46.72504096,39.28676619
05-09-2025 05:10,21.24247885,187.1125899,53.63172619,57.27217751
05-09-2025 05:11,25.05369336,92.64659287,21.79929174,47.57184964
05-09-2025 05:12,26.79934038,171.0464325,99.09421756,46.10157103
05-09-2025 05:13,33.76426613,124.6516965,62.76239398,60.29738653
05-09-2025 05:14,23.77527737,90.36387188,67.79148482,29.99223997
05-09-2025 05:15,33.19215467,110.8898239,67.62222762,61.61108782
05-09-2025 05:16,22.2412823,86.85974463,31.76440058,32.80602977
05-09-2025 05:17,25.18540139,156.8880834,99.88157299,67.15264417
05-09-2025 05:18,15.23753175,135.3756277,65.59669105,79.12513033
05-09-2025 05:19,37.45220461,67.3104057,93.42145239,72.03030422
05-09-2025 05:20,28.7962907,84.57562725,67.01536097,33.02897076
05-09-2025 05:21,28.66817969,120.0263609,59.94649358,38.00297995
05-09-2025 05:22,24.59670113,98.61442259,43.14031236,39.7732108
05-09-2025 05:23,33.20077338,67.21371099,98.49081139,37.64887615
05-09-2025 05:24,26.64073577,136.2559692,63.75293777,37.17421778
05-09-2025 05:25,23.93037864,98.6028233,11.55408926,29.35663907
05-09-2025 05:26,19.97251208,144.5736584,26.25644801,68.80662944
05-09-2025 05:27,21.80472186,143.9958056,51.67557639,58.16826794
05-09-2025 05:28,22.24549687,166.2402623,91.88485477,68.88805735
05-09-2025 05:29,27.91858044,169.5960111,67.90413994,37.47110938
05-09-2025 05:30,20.72368988,150.1322266,72.32372856,50.25415186
05-09-2025 05:31,25.50220988,87.04953799,57.5225345,43.43135478
05-09-2025 05:32,29.89976188,66.09351135,24.71109676,64.45475287
05-09-2025 05:33,25.81191238,190.4882652,52.77414096,25.91727781
05-09-2025 05:34,22.80244004,139.3314372,34.44016939,51.051837
05-09-2025 05:35,30.11764549,82.91718938,30.63697184,62.5618946
05-09-2025 05:36,27.45860393,117.1134207,72.89768418,51.79979767
05-09-2025 05:37,27.53416791,144.3578167,29.97443703,47.77541998
05-09-2025 05:38,34.80227337,78.44796261,69.2829732,58.35091078
05-09-2025 05:39,25.53975933,56.81803176,17.69389127,39.94648905
05-09-2025 05:40,20.69013327,188.736489,20.15923537,45.00470076
05-09-2025 05:41,28.31014246,163.2883776,51.6486831,46.62999268
05-09-2025 05:42,22.86533232,157.98691,87.04383732,35.43871732
05-09-2025 05:43,21.66064438,100.6079331,18.09880834,62.23097583
05-09-2025 05:44,29.29918915,197.746457,20.53631774,78.44784309
05-09-2025 05:45,17.61454422,77.08815232,78.97378296,33.8770572
05-09-2025 05:46,23.57095568,55.26922262,64.88985448,34.98304699
05-09-2025 05:47,24.89080283,163.3646446,67.1942617,32.94904348
05-09-2025 05:48,21.06407774,167.8138252,62.48752031,27.47149744
05-09-2025 05:49,20.76919795,175.3839445,29.08831238,76.67771612
05-09-2025 05:50,27.97385144,104.9362285,85.12423946,66.03979139
05-09-2025 05:51,16.60809669,172.8175715,78.54990407,30.67818002
05-09-2025 05:52,25.59912234,90.25144269,82.20154547,53.63930541
05-09-2025 05:53,27.91018884,104.7412033,60.49009248,30.64303363
05-09-2025 05:54,29.2889622,53.64868308,94.81902214,62.65791548
05-09-2025 05:55,16.93782143,152.601754,41.34880281,40.1379373
05-09-2025 05:56,38.94722529,176.0212357,93.52857623,24.51495605
05-09-2025 05:57,28.24384506,68.55276303,49.61268242,66.44516352
05-09-2025 05:58,31.06691245,104.073939,72.4336094,24.59215005
05-09-2025 05:59,14.58499616,85.13324702,97.10693881,66.26495051
05-09-2025 06:00,19.79683988,122.3377962,48.78488655,51.39000277
05-09-2025 06:01,28.62333652,196.609416,99.07272285,66.66447504
05-09-2025 06:02,21.13391411,84.13715286,36.19832445,79.61314635
05-09-2025 06:03,19.80234285,53.39198516,83.69023112,65.0934377
05-09-2025 06:04,25.04044021,75.0639422,90.89940067,23.07948124
05-09-2025 06:05,22.54151587,82.43455231,40.53481863,79.4307596
05-09-2025 06:06,23.52938225,198.7882842,74.03491917,51.21775751
05-09-2025 06:07,31.92487082,127.4655831,67.66499823,50.27846625
05-09-2025 06:08,13.05520762,87.1674092,61.72166968,69.90729668
05-09-2025 06:09,28.6593069,156.3831198,59.42851632,48.68768682
05-09-2025 06:10,26.47512974,188.0331699,83.03702128,46.00266636
05-09-2025 06:11,30.00171704,51.21316068,52.65578771,42.26737527
05-09-2025 06:12,19.43988605,120.5039866,45.65061973,38.49784302
05-09-2025 06:13,24.28520514,127.2379816,89.53190236,47.34768536
05-09-2025 06:14,27.39775837,97.97933556,39.4704176,33.22429846
05-09-2025 06:15,23.37445949,66.30815683,38.3720908,36.9395543
05-09-2025 06:16,25.05845918,77.85497812,57.57262615,62.92018628
05-09-2025 06:17,21.65767328,59.47887128,85.75413922,57.36673491
05-09-2025 06:18,27.90916984,82.43429807,23.77840762,55.50492722
05-09-2025 06:19,28.82642378,150.6618088,56.847004,74.86500874
05-09-2025 06:20,27.63773107,162.6429606,23.0006897,75.52643506
05-09-2025 06:21,31.06382877,63.01193621,22.22602383,79.59907831
05-09-2025 06:22,29.03520795,158.9339074,75.01121955,28.62474382
05-09-2025 06:23,25.56001092,99.68714834,30.7833912,66.5718798
05-09-2025 06:24,28.8958398,140.5809102,98.94493459,58.08556543
05-09-2025 06:25,21.78480773,150.2351755,43.09858532,77.12595196
05-09-2025 06:26,33.641123,194.4888623,26.48742337,59.44065879
05-09-2025 06:27,28.89024466,72.11440593,92.87027544,36.8104515
05-09-2025 06:28,29.09510872,81.58315915,76.40095856,28.22142676
05-09-2025 06:29,21.29990906,83.72858741,29.9316422,37.92323524
05-09-2025 06:30,17.08344665,196.075625,33.31640129,73.91393922
05-09-2025 06:31,24.57281064,68.17956737,96.86842745,41.92593722
05-09-2025 06:32,33.67856766,138.6280332,49.24551426,78.19829354
05-09-2025 06:33,25.82379934,118.8103083,21.80500263,49.83593071
05-09-2025 06:34,29.68970647,193.1639189,52.80536873,56.06522093
05-09-2025 06:35,27.34251685,165.7467135,27.60645661,59.07233168
05-09-2025 06:36,17.7208804,147.1035317,23.83916916,25.78722745
05-09-2025 06:37,33.09563886,128.1419459,90.01693118,48.18401134
05-09-2025 06:38,27.4330432,171.8452337,97.29206596,75.82235582
05-09-2025 06:39,30.80947779,152.5987998,91.19536075,62.21544467
05-09-2025 06:40,23.66525386,142.5651952,96.8230319,45.6535527
05-09-2025 06:41,29.8750011,65.60740965,67.65540309,20.064631
05-09-2025 06:42,28.23252532,139.8729143,27.64212356,29.90875388
05-09-2025 06:43,26.41236227,139.3618614,42.4631465,36.4406454
05-09-2025 06:44,23.7034362,136.2145538,86.54234001,60.41765329
05-09-2025 06:45,21.52584815,167.2099011,78.61350962,33.80781721
05-09-2025 06:46,19.80574201,164.9421742,43.68443608,20.69329144
05-09-2025 06:47,25.22584138,56.95850591,44.54701416,36.8914672
05-09-2025 06:48,31.75942363,166.8046238,36.28778005,57.33695522
05-09-2025 06:49,21.99660011,114.429293,45.85888652,36.11159292
05-09-2025 06:50,25.77476791,71.83573758,85.70488643,23.05041737
05-09-2025 06:51,30.8268994,101.9543442,75.64394857,68.84250658
05-09-2025 06:52,31.58030649,80.2388639,40.05242565,21.14669031
05-09-2025 06:53,36.08964804,150.2084285,22.21545328,61.40392975
05-09-2025 06:54,31.19234721,84.67806551,70.01367795,56.21917304
05-09-2025 06:55,25.67679597,52.93231657,10.71084891,64.44777521
05-09-2025 06:56,24.88023027,102.1279669,51.04763489,56.0010875
05-09-2025 06:57,29.88277368,158.4969925,52.65350469,22.75045997
05-09-2025 06:58,24.87482614,52.38305294,72.38120502,30.52803474
05-09-2025 06:59,29.47764717,71.22645274,88.7414592,41.11086743
05-09-2025 07:00,27.26305561,79.02156927,17.32834316,55.44449532
05-09-2025 07:01,23.77686219,136.1961612,22.44818582,55.85432932
05-09-2025 07:02,20.16121382,179.7328386,92.89120821,58.88975217
05-09-2025 07:03,27.71671725,173.8515241,89.75742702,51.74883754
05-09-2025 07:04,20.49910335,91.26802396,52.48811998,69.80888728
05-09-2025 07:05,27.55502247,124.0295876,82.20001357,70.20335295
05-09-2025 07:06,12.33718708,80.11366703,84.15051251,72.13922855
05-09-2025 07:07,20.82998191,132.3637098,33.12235879,51.1300418
05-09-2025 07:08,21.53520204,98.49961782,34.13110472,46.90601476
05-09-2025 07:09,30.77910552,104.5169068,20.05197403,62.24940098
05-09-2025 07:10,19.25339466,162.0755878,88.46470426,54.78703231
05-09-2025 07:11,23.76736488,62.78612518,40.93188047,69.83550364
05-09-2025 07:12,23.93136767,76.89206354,82.4636063,64.41338945
05-09-2025 07:13,31.94614556,54.41747823,96.11167962,62.51448073
05-09-2025 07:14,27.79956447,138.9763687,63.50771411,39.65816103
05-09-2025 07:15,30.87094363,142.3017334,26.8404851,40.3462088
05-09-2025 07:16,21.99898513,163.3536335,26.08029604,38.75315874
05-09-2025 07:17,25.49553634,149.6278201,40.00462816,66.26749708
05-09-2025 07:18,21.56528536,117.3522656,90.73817803,74.19068097
05-09-2025 07:19,17.89758868,126.0439343,25.65158853,64.08295102
05-09-2025 07:20,27.48570011,53.47320684,75.98877665,70.33558167
05-09-2025 07:21,17.65952056,93.01747886,76.44290165,66.38507711
05-09-2025 07:22,31.1343431,163.4554671,82.18383507,73.50811926
05-09-2025 07:23,28.22038403,96.4356898,40.48940424,41.23499956
05-09-2025 07:24,27.74846395,92.31065855,59.00671766,46.60453257
05-09-2025 07:25,25.28463492,176.8097848,60.3557295,36.11813507
05-09-2025 07:26,19.6131446,118.968955,93.26278513,40.15610524
05-09-2025 07:27,27.84368492,64.54962655,85.76247978,26.68548159
05-09-2025 07:28,31.30933306,102.5605648,42.56947944,75.73766355
05-09-2025 07:29,26.44871455,180.5568726,84.73970378,79.858724
05-09-2025 07:30,26.74395554,121.3579158,27.43871123,31.57105228
05-09-2025 07:31,26.74905362,172.8695723,88.49896363,52.86423049
05-09-2025 07:32,14.73856085,53.62662231,29.73661756,67.62689359
05-09-2025 07:33,21.53928161,130.444889,83.34952643,41.57097213
05-09-2025 07:34,29.81287897,110.1569381,64.70669211,27.6754541
05-09-2025 07:35,21.54782994,111.4756422,24.36875289,26.78491862
05-09-2025 07:36,27.88258129,127.2906532,41.40337153,57.87853073
05-09-2025 07:37,28.67967073,74.09506638,79.71556948,54.52393027
05-09-2025 07:38,25.0483226,51.32674723,61.91979642,74.94628789
05-09-2025 07:39,20.14285239,138.7003639,35.2451063,52.09086764
05-09-2025 07:40,20.81109387,185.8432676,33.18966935,79.0110318
05-09-2025 07:41,33.37775832,110.6734099,29.08149164,25.00172547
05-09-2025 07:42,32.10443069,96.94274649,55.25320377,45.5073368
05-09-2025 07:43,28.48760228,68.18730386,42.79071548,21.91101883
05-09-2025 07:44,23.32005152,74.61470105,49.86088936,56.87348077
05-09-2025 07:45,23.86312799,187.6931951,55.00249525,53.09702701
05-09-2025 07:46,28.59090362,139.4454546,52.4103357,72.85395579
05-09-2025 07:47,35.36290404,157.0428025,52.50422975,32.98791471
05-09-2025 07:48,20.19777485,88.74912641,98.29977096,47.03167429
05-09-2025 07:49,30.1386911,52.88392064,91.03674926,25.40071075
05-09-2025 07:50,17.58186093,75.65452104,17.93437446,43.22087039
05-09-2025 07:51,17.37965999,180.0331911,58.08211296,41.12372173
05-09-2025 07:52,20.86921565,106.1141654,42.88079356,74.02310948
05-09-2025 07:53,23.75388566,79.33617535,31.11497885,78.7217578
05-09-2025 07:54,12.08446208,63.68487054,56.09166175,73.26127236
05-09-2025 07:55,22.60575596,120.3737493,26.52438526,20.89800642
05-09-2025 07:56,25.99306339,190.5203976,30.64847594,67.33089795
05-09-2025 07:57,31.0943144,117.4356341,43.00103464,23.33032269
05-09-2025 07:58,26.88432193,86.87510703,37.28107553,35.40831297
05-09-2025 07:59,23.31880884,50.81730934,69.13982448,60.75556542
05-09-2025 08:00,32.04851889,82.01361102,48.21921141,77.19349012
05-09-2025 08:01,26.45714115,51.38488423,57.45972831,78.73658561
05-09-2025 08:02,21.26688652,198.5073678,23.25862163,43.07031321
05-09-2025 08:03,21.11158389,153.1723262,19.07393803,29.74531068
05-09-2025 08:04,22.6059933,130.9691455,18.40800695,33.90445096
05-09-2025 08:05,26.55008582,81.48138185,88.47611138,55.50833811
05-09-2025 08:06,20.28220557,187.7210725,87.55079327,62.56367754
05-09-2025 08:07,23.95807847,176.7962152,55.71356782,66.82534783
05-09-2025 08:08,23.38907678,198.8077292,66.41602731,63.23547304
05-09-2025 08:09,21.19309639,127.0610895,41.51324915,31.99511708
05-09-2025 08:10,36.31656924,65.75093017,97.28793663,40.95786447
05-09-2025 08:11,29.74119524,130.7229425,57.54551402,61.6502621
05-09-2025 08:12,28.0058316,142.4717382,63.44029291,47.10354994
05-09-2025 08:13,20.62068668,98.66251912,29.72246399,39.66770558
05-09-2025 08:14,15.05630967,142.2679583,72.68662335,46.86406868
05-09-2025 08:15,25.40163286,125.8521352,58.72553372,62.192455
05-09-2025 08:16,29.53389914,153.6969709,62.59827289,45.41710701
05-09-2025 08:17,27.69143609,197.8403711,41.03077924,23.27711084
05-09-2025 08:18,22.00154693,56.27614085,13.07195532,38.85829332
05-09-2025 08:19,23.15895168,194.565785,49.09399171,34.56210167
05-09-2025 08:20,25.52359782,117.1320378,17.33267034,78.82829135
05-09-2025 08:21,28.02587502,90.3289529,11.232247,31.88008878
05-09-2025 08:22,23.36307352,61.40369959,72.1694936,47.84756328
05-09-2025 08:23,25.61558742,87.64117361,87.27273669,62.7631525
05-09-2025 08:24,26.19823992,189.2954604,31.17087792,31.59188582
05-09-2025 08:25,18.91619106,120.2893707,89.01440446,53.9380703
05-09-2025 08:26,26.37919874,111.2400866,79.75234992,38.32228874
05-09-2025 08:27,29.6179001,67.70500231,53.47025656,35.16586934
05-09-2025 08:28,21.82355065,179.786733,77.40323047,38.14258746
05-09-2025 08:29,21.8440881,79.50130231,56.54288041,41.03969946
05-09-2025 08:30,28.29349739,70.16089524,29.94656913,36.73337847
05-09-2025 08:31,18.18354024,119.5562865,40.49743678,49.23555427
05-09-2025 08:32,26.643264,142.3794803,60.24469805,45.79439309
05-09-2025 08:33,12.39729833,166.7539448,83.18961977,32.4391329
05-09-2025 08:34,25.04666211,79.48212255,64.59805384,66.54258159
05-09-2025 08:35,17.15699395,171.9611456,22.26652218,59.7344361
05-09-2025 08:36,30.01668394,114.4266768,60.7508271,52.14812922
05-09-2025 08:37,17.56601565,64.40270979,58.04924927,39.89704586
05-09-2025 08:38,25.10830378,72.44754337,64.93190403,79.51113339
05-09-2025 08:39,19.1583326,178.3724889,72.89570528,37.13165395
05-09-2025 08:40,17.54056633,63.74159042,64.96894852,61.24920403
05-09-2025 08:41,22.77740713,142.5914282,58.81706455,62.01575226
05-09-2025 08:42,23.35631354,177.9465361,31.27901198,49.27713739
05-09-2025 08:43,20.2569923,51.081941,36.0652366,39.57160163
05-09-2025 08:44,22.98108723,170.6181643,28.28171227,51.56782268
05-09-2025 08:45,29.53073534,162.4275851,85.26440215,60.47832017
05-09-2025 08:46,30.20519462,114.4895114,90.59378914,36.43179372
05-09-2025 08:47,27.61630425,183.8739693,70.724029,76.84800925
05-09-2025 08:48,15.42345751,92.01893153,35.62077056,39.80655998
05-09-2025 08:49,18.09257314,134.3994826,37.0029255,26.25355733
05-09-2025 08:50,16.04583527,105.0747301,14.98505334,54.27705021
05-09-2025 08:51,32.19665738,64.88206175,98.91360217,60.38365343
05-09-2025 08:52,26.02722613,197.4818508,82.552861,36.20022206
05-09-2025 08:53,10.69641768,100.3062567,94.47733373,72.12522915
05-09-2025 08:54,21.1815397,138.3014029,57.02552347,24.17139551
05-09-2025 08:55,26.42087856,71.4979809,89.5276418,52.29929311
05-09-2025 08:56,26.94360003,175.1318783,56.01378456,73.14776421
05-09-2025 08:57,19.20408176,63.20787921,20.69492958,51.67925426
05-09-2025 08:58,31.83698752,95.01571326,58.9954801,74.98933783
05-09-2025 08:59,25.34501135,159.8806573,50.24607155,67.23417303
05-09-2025 09:00,21.19742711,160.6928366,98.41456456,30.9371199
05-09-2025 09:01,24.27618323,65.5098092,36.49602861,21.03142396
05-09-2025 09:02,17.88156089,185.0527882,53.87738869,26.37624922
05-09-2025 09:03,23.81444589,197.4069409,17.54298584,30.68477484
05-09-2025 09:04,17.70469771,187.2384642,23.93332124,34.1858438
05-09-2025 09:05,31.80809153,140.1283642,26.67181764,74.76931671
05-09-2025 09:06,22.07477454,141.4033257,47.1323878,29.82081977
05-09-2025 09:07,27.78990493,137.6182611,33.50758282,65.35617852
05-09-2025 09:08,29.11401737,142.4147378,30.1266766,25.62438154
05-09-2025 09:09,28.34091571,187.5595002,26.20164339,73.60547251
05-09-2025 09:10,25.11003018,146.758819,57.3880665,31.69260287
05-09-2025 09:11,23.82772412,154.8671566,89.83151158,38.42361918
05-09-2025 09:12,13.5606527,127.548661,95.07160788,32.7012403
05-09-2025 09:13,19.82350369,100.9153375,50.13336257,28.60008281
05-09-2025 09:14,28.37869661,96.72253241,43.44768984,23.8008113
05-09-2025 09:15,25.28984544,69.03793997,70.9986112,53.00406442
05-09-2025 09:16,25.61362141,60.34577727,48.01251155,43.81202506
05-09-2025 09:17,36.1067039,161.9395983,86.41131519,72.4047717
05-09-2025 09:18,19.30002106,96.24339823,99.71178984,29.50699026
05-09-2025 09:19,17.05550949,142.3886631,17.77897119,65.97980943
05-09-2025 09:20,18.921518,129.0605966,15.53447456,39.07350948
05-09-2025 09:21,32.81710729,193.7917253,37.49066964,39.53148957
05-09-2025 09:22,19.37608873,122.5231114,19.82141461,76.47744405
05-09-2025 09:23,21.40802153,169.5713971,46.41229905,36.32680623
05-09-2025 09:24,20.51541256,122.2643618,98.90460688,35.50593985
05-09-2025 09:25,25.27969415,87.37506561,68.63411999,44.84933046
05-09-2025 09:26,20.18875517,102.1196675,46.38811489,29.19973783
05-09-2025 09:27,23.74218961,60.10962452,13.9598662,28.82676509
05-09-2025 09:28,29.09534924,126.3456842,21.71030943,56.59894301
05-09-2025 09:29,25.4090889,126.2628413,11.27828723,40.5361749
05-09-2025 09:30,37.90657571,152.0053289,37.384122,50.13826107
05-09-2025 09:31,17.67323812,131.4894438,58.70033778,68.21824773
05-09-2025 09:32,21.93935413,96.60677928,90.16053612,59.39551997
05-09-2025 09:33,17.80232607,192.7671021,94.63105773,21.51305412
05-09-2025 09:34,22.22606732,68.81437627,51.12370232,46.97693108
05-09-2025 09:35,20.63477493,151.6110962,63.06902404,46.70504168
05-09-2025 09:36,32.3223314,54.1495955,23.66481482,45.67333504
05-09-2025 09:37,24.12267027,196.7492979,93.84507539,56.11132174
05-09-2025 09:38,23.51554035,115.5826601,74.11660641,48.99496667
05-09-2025 09:39,23.77418566,119.9410943,48.56928531,64.76631144
05-09-2025 09:40,28.3667595,149.8049391,73.30544331,28.98474144
05-09-2025 09:41,23.45252824,100.8346154,29.44114972,71.57998365
05-09-2025 09:42,24.70634228,100.1570272,68.41720637,24.05064668
05-09-2025 09:43,30.5367298,126.4759293,90.08633468,68.19418326
05-09-2025 09:44,24.53348742,84.35283698,16.37155192,69.17241329
05-09-2025 09:45,16.96030109,185.4638753,82.53580314,49.80119021
05-09-2025 09:46,31.27062036,179.8580871,62.31748672,68.75660523
05-09-2025 09:47,34.71558676,122.452154,48.67341629,48.33462865
05-09-2025 09:48,24.25879137,123.9073748,24.74108701,40.30367478
05-09-2025 09:49,21.46004633,161.1992838,88.2236639,36.44852611
05-09-2025 09:50,20.60850795,153.3374801,82.27718504,51.34244637
05-09-2025 09:51,22.70839289,72.47295358,49.19652368,25.17061779
05-09-2025 09:52,33.32452764,52.70257301,48.90342464,31.2473781
05-09-2025 09:53,22.42178211,111.5315001,29.9432526,65.65825258
05-09-2025 09:54,24.7976811,56.01142003,54.47524794,62.99987434
05-09-2025 09:55,22.20607405,151.3926911,93.34724989,45.3636081
05-09-2025 09:56,27.09625135,196.1092312,41.1309382,78.83809812
05-09-2025 09:57,21.02646085,75.05139499,76.36068912,57.31870677
05-09-2025 09:58,26.19491003,119.2191909,92.32107242,34.64022333
05-09-2025 09:59,33.61897937,135.7194879,67.72704217,78.01021677
05-09-2025 10:00,21.78112766,95.89742413,30.96943746,33.8539323
05-09-2025 10:01,31.62565518,88.93238324,98.66493455,65.45016542
05-09-2025 10:02,16.77778199,193.8577862,37.87355909,77.5418022
05-09-2025 10:03,30.73778224,73.90243205,32.48901141,53.91671978
05-09-2025 10:04,26.14053703,52.46716256,82.77599407,20.10286213
05-09-2025 10:05,28.39117057,75.31656881,82.71212166,65.22994059
05-09-2025 10:06,16.35981404,194.6865395,93.47287135,45.25112188
05-09-2025 10:07,21.14627035,126.8558524,29.66036393,41.27238239
05-09-2025 10:08,24.48788724,135.6008214,51.02738638,61.84802732
05-09-2025 10:09,24.68458865,142.6205774,68.57355279,33.08612494
05-09-2025 10:10,23.67800524,69.01801429,26.93134775,47.32847808
05-09-2025 10:11,18.63825807,94.6800989,92.61402364,35.45469196
05-09-2025 10:12,26.8863355,175.1186921,23.26241133,41.17321298
05-09-2025 10:13,24.23611528,193.5890214,22.84391224,55.23440339
05-09-2025 10:14,21.55906026,165.5689505,44.92596232,43.39901659
05-09-2025 10:15,26.4678769,181.2909942,70.53269496,64.14594701
05-09-2025 10:16,24.02866513,118.4566227,33.65781018,72.328747
05-09-2025 10:17,28.49263441,90.84295446,82.08379061,70.01746839
05-09-2025 10:18,31.92351151,188.1962101,94.22674126,67.53672505
05-09-2025 10:19,27.90153294,54.40916089,29.10735728,34.71929566
05-09-2025 10:20,21.42506693,106.8805138,51.66231673,40.0613271
05-09-2025 10:21,25.10665041,76.85048566,86.70589269,63.5029504
05-09-2025 10:22,36.62389155,150.7504684,63.34885137,75.91906675
05-09-2025 10:23,20.13475326,142.0082488,71.43773333,55.86918661
05-09-2025 10:24,33.3941989,115.927975,86.57839798,71.16143926
05-09-2025 10:25,24.2262642,66.45715282,83.69443167,46.0825774
05-09-2025 10:26,22.84354418,157.7501527,35.50818059,67.46779619
05-09-2025 10:27,33.94996445,187.268535,53.82533789,37.35343757
05-09-2025 10:28,24.42731209,168.6518566,49.74649615,45.26642792
05-09-2025 10:29,29.35237694,198.2909063,44.26588299,32.58719485
05-09-2025 10:30,16.6547075,107.7566256,97.49560217,28.52031526
05-09-2025 10:31,28.12893878,93.01923091,26.03320593,59.54393271
05-09-2025 10:32,18.10306229,71.89255601,54.83113101,60.46154941
05-09-2025 10:33,27.13840831,187.9698232,27.42264886,51.87385748
05-09-2025 10:34,36.88256759,185.4134001,74.71119933,55.70844111
05-09-2025 10:35,32.15618142,167.6949786,95.94703508,42.43674065
05-09-2025 10:36,31.45347336,133.6142894,34.20360695,75.44103982
05-09-2025 10:37,23.20437205,52.64233819,72.72497099,50.42498702
05-09-2025 10:38,28.24352036,68.64565056,56.91719556,68.83329779
05-09-2025 10:39,29.1615081,96.48952769,92.16227122,53.55682251
05-09-2025 10:40,24.53052616,136.0355663,59.04662817,28.08701819
05-09-2025 10:41,32.37555129,73.98353908,36.61113137,54.67329387
05-09-2025 10:42,22.64280607,62.91867569,19.54714244,25.3359959
05-09-2025 10:43,30.14195929,145.8931452,40.5921641,35.54119191
05-09-2025 10:44,23.85305136,90.2947966,80.98573849,63.88902177
05-09-2025 10:45,34.41786231,83.57016611,31.32116181,73.55138458
05-09-2025 10:46,28.51412584,117.1297869,79.37545508,55.51998893
05-09-2025 10:47,26.06349407,99.67155469,94.69941311,44.03345792
05-09-2025 10:48,21.44775179,62.38574311,10.1586735,50.33205613
05-09-2025 10:49,20.11314164,118.6106321,20.37627277,25.18082888
05-09-2025 10:50,17.36755493,69.20892915,58.64744116,36.2225567
05-09-2025 10:51,29.90308876,162.952534,91.77179322,42.28637189
05-09-2025 10:52,32.37661242,78.56764888,33.13229088,42.10917266
05-09-2025 10:53,18.12755253,199.7793901,82.89013856,60.87042481
05-09-2025 10:54,23.40044397,66.48083035,10.09077333,47.4617855
05-09-2025 10:55,26.82047971,80.7367359,38.95078752,33.07820368
05-09-2025 10:56,29.5466224,138.6558277,43.29096996,46.43733622
05-09-2025 10:57,21.0658437,134.2643073,13.33779709,47.80623293
05-09-2025 10:58,25.87570162,182.7374842,29.49377293,65.47628375
05-09-2025 10:59,29.23327472,178.2919603,40.18835685,38.41213595
05-09-2025 11:00,35.33504876,52.56147851,34.27712968,23.77554217
05-09-2025 11:01,22.66329378,107.9651614,37.14605223,34.24900196
05-09-2025 11:02,25.07581153,192.5770227,55.63174468,74.71453595
05-09-2025 11:03,29.29554774,105.7326026,76.49839954,74.24343316
05-09-2025 11:04,34.57457332,157.1791209,81.51856178,67.17499821
05-09-2025 11:05,24.98093735,191.4123627,67.91837625,70.61027671
05-09-2025 11:06,24.35090957,96.40998448,22.94939373,20.99012862
05-09-2025 11:07,35.77341435,93.24721281,65.56305887,33.60496948
05-09-2025 11:08,32.45008446,131.3536295,63.85080861,35.54410072
05-09-2025 11:09,22.94903,74.74531653,50.47808331,36.25119692
05-09-2025 11:10,29.47134746,73.55357491,39.27493251,38.69855076
05-09-2025 11:11,21.5012834,192.3720763,19.53390279,36.4731374
05-09-2025 11:12,19.27566513,79.55883324,89.37259961,73.32405554
05-09-2025 11:13,23.41221063,161.0512161,38.85363327,30.09222643
05-09-2025 11:14,30.32171099,174.1699559,55.47024653,72.99638556
05-09-2025 11:15,34.73279008,54.45246628,46.30533838,33.11476311
05-09-2025 11:16,24.40079938,69.13892589,40.45088937,58.09417816
05-09-2025 11:17,33.02004261,137.1732447,43.46464919,57.88096552
05-09-2025 11:18,26.68522321,160.7079374,90.33835864,64.35799605
05-09-2025 11:19,24.97230106,118.5527213,32.27060811,68.42310711
05-09-2025 11:20,15.04259172,157.1961442,83.54419708,21.02773848
05-09-2025 11:21,17.57761686,170.4924737,70.98905104,26.15730525
05-09-2025 11:22,18.99242187,177.4207464,77.39921004,67.60967183
05-09-2025 11:23,23.98938074,85.49597116,69.67308897,66.38920455
05-09-2025 11:24,29.05570273,187.8180645,36.4466641,32.87448321
05-09-2025 11:25,29.16306513,130.1028318,95.18451552,42.95762006
05-09-2025 11:26,24.41498422,123.1840185,95.93369412,43.8853799
05-09-2025 11:27,24.36774752,80.43060161,17.5557778,47.45035848
05-09-2025 11:28,30.16589496,66.54083545,76.74433177,28.16234076
05-09-2025 11:29,25.95806319,92.30981656,64.14234469,23.48306982
05-09-2025 11:30,11.909784,180.6406442,33.46426567,40.69228536
05-09-2025 11:31,19.94931951,104.7377154,98.63736706,35.8036312
05-09-2025 11:32,12.5028574,56.50105187,36.26970056,25.00815633
05-09-2025 11:33,20.67901733,66.81521527,28.79013106,64.24422431
05-09-2025 11:34,34.45379757,157.6564515,74.00189748,47.62522222
05-09-2025 11:35,22.60738037,89.42319869,18.00256261,63.37845056
05-09-2025 11:36,12.18802979,92.18637913,31.5987439,51.63065066
05-09-2025 11:37,26.88002741,60.48188761,24.44994608,40.81517962
05-09-2025 11:38,28.90264323,168.5136848,51.44435033,54.5373283
05-09-2025 11:39,22.2587798,132.2445208,26.42107533,70.58420664
05-09-2025 11:40,20.34383255,127.0055379,17.26589236,20.45869084
05-09-2025 11:41,28.60810816,76.41922536,85.39131653,67.10716307
05-09-2025 11:42,26.4586297,191.2515234,55.63337077,27.0968996
05-09-2025 11:43,27.6215179,76.82145887,43.90931235,78.23965635
05-09-2025 11:44,23.15452618,73.29076472,30.20790034,22.22757573
05-09-2025 11:45,21.59970957,105.1599419,91.87418891,48.69866541
05-09-2025 11:46,24.07086063,63.40672846,26.20956819,50.14733887
05-09-2025 11:47,25.37624148,182.3871974,43.50429063,79.67019857
05-09-2025 11:48,30.34536306,127.1323646,32.17817025,27.29653075
05-09-2025 11:49,20.84676233,95.29497039,91.85386813,53.54089306
05-09-2025 11:50,27.82386762,128.9666641,29.40955903,30.71198869
05-09-2025 11:51,28.27243404,157.4188231,56.40254353,49.50069144
05-09-2025 11:52,29.12453771,156.2511067,79.53901775,31.10704982
05-09-2025 11:53,28.31794494,135.5669044,94.31552349,70.29334982
05-09-2025 11:54,24.07499437,118.8668277,62.38262365,28.4653092
05-09-2025 11:55,22.74537227,166.8902386,67.16224513,46.39225014
05-09-2025 11:56,25.34269638,65.31770777,46.55349299,47.94954337
05-09-2025 11:57,17.51449289,81.14629766,35.04257499,62.50150368
05-09-2025 11:58,37.00251003,50.27668451,48.40120764,78.50355539
05-09-2025 11:59,27.23863946,121.4163129,97.14326725,62.60185404
05-09-2025 12:00,27.17578274,152.1178727,93.68062693,57.54915353
05-09-2025 12:01,29.31581675,162.6793054,61.27410367,69.59951578
05-09-2025 12:02,22.09173956,53.34137544,82.46392808,70.19276909
05-09-2025 12:03,20.03306434,115.8566952,50.56879165,69.55467504
05-09-2025 12:04,22.51542726,86.86785825,27.03575008,44.17286567
05-09-2025 12:05,24.98463149,54.86355733,75.38601759,38.42691181
05-09-2025 12:06,25.46215806,58.76821931,18.97266773,56.7842802
05-09-2025 12:07,25.62175506,135.5853628,23.20040232,46.90505089
05-09-2025 12:08,31.71541662,192.4069981,69.04056083,53.72798461
05-09-2025 12:09,25.51350274,172.5240469,84.51485626,72.74684063
05-09-2025 12:10,22.57969166,121.7552225,42.80295133,57.13696241
05-09-2025 12:11,28.05710369,118.3798617,36.84170465,21.17632759
05-09-2025 12:12,29.00068433,139.8670157,23.14115599,75.34686405
05-09-2025 12:13,18.06418296,182.1794578,34.20667092,33.79757444
05-09-2025 12:14,32.52669237,53.78398818,33.07938572,70.25089894
05-09-2025 12:15,28.14412633,79.2145075,88.27358011,64.87796948
05-09-2025 12:16,31.37967874,195.710685,99.80326375,66.26608661
05-09-2025 12:17,28.55167355,111.1593836,74.85981365,70.35950272
05-09-2025 12:18,35.95776177,108.2842759,68.3570771,64.48580709
05-09-2025 12:19,19.21282631,175.8936306,52.47844693,36.56153378
05-09-2025 12:20,24.46123923,80.89288841,67.15667723,40.42425288
05-09-2025 12:21,20.21594963,86.98467611,53.55455345,49.08037603
05-09-2025 12:22,35.91481016,194.9900548,66.06367042,51.96377581
05-09-2025 12:23,23.39196834,137.1942804,44.8125148,38.11514499
05-09-2025 12:24,27.85656593,86.04789463,94.25404882,46.37974348
05-09-2025 12:25,35.13598804,159.1989664,46.87108056,24.87628558
05-09-2025 12:26,20.11144436,116.1223685,78.48174761,34.96233714
05-09-2025 12:27,29.37144758,195.7935373,58.30069281,76.1705886
05-09-2025 12:28,31.8282906,191.9590267,48.03505584,45.76462463
05-09-2025 12:29,19.11079485,127.0742019,87.74240371,21.3463025
05-09-2025 12:30,25.99984223,189.8533875,58.67705813,62.62088148
05-09-2025 12:31,31.72624466,67.28439651,78.07927199,28.93628911
05-09-2025 12:32,33.80679005,199.1984811,20.11243068,48.17148001
05-09-2025 12:33,25.14781061,142.5119586,97.47748413,32.97761811
05-09-2025 12:34,20.86386536,98.50952128,97.84048915,72.63385543
05-09-2025 12:35,19.48695706,135.1220408,64.61708696,49.00057377
05-09-2025 12:36,23.23860291,141.2613698,96.95338425,76.35905499
05-09-2025 12:37,25.94938977,161.8928389,60.72510574,44.92347645
05-09-2025 12:38,21.804747,69.30328752,60.69814644,60.80635699
05-09-2025 12:39,25.33443478,163.9922972,72.95168747,28.08939376
05-09-2025 12:40,27.3567409,108.4582015,90.45419846,26.01677318
05-09-2025 12:41,23.86213451,97.07591921,26.06993656,57.41668975
05-09-2025 12:42,24.72824593,64.6275909,59.38257393,44.42499521
05-09-2025 12:43,30.95122804,129.7857793,44.80504558,59.3369572
05-09-2025 12:44,19.72721169,149.2726193,61.09901711,46.50924741
05-09-2025 12:45,23.39565163,94.84153928,99.52207275,21.59355438
05-09-2025 12:46,36.34163477,158.7504664,31.98244312,23.86082578
05-09-2025 12:47,20.69066751,196.0936144,46.90697716,75.50793978
05-09-2025 12:48,23.39415657,147.5078159,29.13231245,52.87310551
05-09-2025 12:49,19.21245617,91.88015952,92.89124613,39.31121552
05-09-2025 12:50,21.01338959,197.0924753,63.73002656,32.0936414
05-09-2025 12:51,30.21385198,77.39999088,26.52017506,56.86276922
05-09-2025 12:52,24.74762241,152.6134968,74.93685431,48.70803135
05-09-2025 12:53,21.86826361,74.69518029,71.75006624,31.21103736
05-09-2025 12:54,26.44047415,53.0109317,38.08038266,75.7526482
05-09-2025 12:55,28.22489695,58.57107249,73.97541827,75.03824995
05-09-2025 12:56,18.73395309,108.5492535,58.33794641,45.93983544
05-09-2025 12:57,17.95370993,85.53394296,20.07088034,72.39468434
05-09-2025 12:58,25.39985526,196.4404265,75.62447361,66.45983139
05-09-2025 12:59,19.64137078,115.024028,95.73283622,30.96405802
05-09-2025 13:00,29.80921102,165.960527,95.15900264,32.90871525
05-09-2025 13:01,24.17871734,167.1481399,79.65367857,45.82299544
05-09-2025 13:02,24.72418542,180.0944671,93.27842098,68.10001006
05-09-2025 13:03,19.13079853,149.2218419,48.50656136,64.20899223
05-09-2025 13:04,30.52358434,136.2212689,90.94097875,46.78256935
05-09-2025 13:05,24.84531564,193.1039524,84.72588266,41.47611516
05-09-2025 13:06,24.45294924,167.1412344,82.51064682,63.77722709
05-09-2025 13:07,27.97296343,165.8212831,40.72649716,54.08211101
05-09-2025 13:08,29.19829565,154.042338,68.85049528,61.64971484
05-09-2025 13:09,23.6706481,132.1254812,40.27557132,24.94208533
05-09-2025 13:10,20.85911528,189.5516676,12.44046041,37.64780885
05-09-2025 13:11,29.43763742,185.5579407,72.64878779,42.69925943
05-09-2025 13:12,27.39199352,149.4594377,15.79135194,63.49718314
05-09-2025 13:13,23.7815402,186.5668064,97.06083895,52.26423902
05-09-2025 13:14,26.9349306,122.5368635,86.47993081,21.63293849
05-09-2025 13:15,28.05044646,54.61687669,24.05942929,27.94909634
05-09-2025 13:16,26.55596124,163.0264209,46.40730544,59.57314947
05-09-2025 13:17,33.11027531,147.5360004,98.3720015,77.85327365
05-09-2025 13:18,27.91551051,135.5366601,36.9335916,41.24076286
05-09-2025 13:19,24.63324224,144.032803,97.91861322,61.90834071
05-09-2025 13:20,37.03892318,85.28432495,67.73493349,62.85048045
05-09-2025 13:21,23.89478029,102.7650506,69.24231158,29.52198968
05-09-2025 13:22,16.91340292,123.7420861,83.61762846,31.88165786
05-09-2025 13:23,30.2892669,105.4962216,81.42111268,32.84446511
05-09-2025 13:24,28.15140299,152.037225,12.31577552,28.9135004
05-09-2025 13:25,23.68786948,61.0986005,18.89360876,46.50593346
05-09-2025 13:26,28.63984291,59.9912393,59.49949396,75.97762016
05-09-2025 13:27,21.46280611,156.8930578,81.73036451,58.08455354
05-09-2025 13:28,24.17263581,94.79633626,83.12572158,46.51405306
05-09-2025 13:29,18.94864698,123.9485491,50.98591554,40.19461243
05-09-2025 13:30,14.57271158,160.4020149,36.05380068,39.17436877
05-09-2025 13:31,17.44435312,150.9749557,13.38931874,58.95738681
05-09-2025 13:32,19.73253099,89.71710265,35.82892384,46.12079625
05-09-2025 13:33,30.35912608,150.3919744,69.54115797,22.927768
05-09-2025 13:34,19.90289437,72.1372447,22.86361119,35.99009518
05-09-2025 13:35,30.40817907,121.2870357,33.95506217,43.30209762
05-09-2025 13:36,27.80955306,61.20242672,80.04203113,78.52204381
05-09-2025 13:37,18.93477148,59.31919488,10.42147477,65.46065672
05-09-2025 13:38,30.14640135,184.1872741,38.64559319,22.12369134
05-09-2025 13:39,32.03798933,184.231896,27.6458812,20.37116454
05-09-2025 13:40,18.36260578,89.31542053,84.62805362,27.1041107
05-09-2025 13:41,28.54912728,84.09017607,17.3476379,57.85782725
05-09-2025 13:42,27.83114199,168.0121176,80.18503387,70.67914542
05-09-2025 13:43,23.4406897,55.77443545,12.52725659,78.74034876
05-09-2025 13:44,23.31886661,179.1836958,58.09784976,30.98662861
05-09-2025 13:45,29.06104685,136.6761183,47.25506174,72.70990143
05-09-2025 13:46,21.23245641,197.2086294,37.57629353,52.90050017
05-09-2025 13:47,30.90653977,133.6421969,33.32366464,52.78303338
05-09-2025 13:48,20.97396856,132.7943499,50.57033711,20.410948
05-09-2025 13:49,32.3102414,68.52953573,47.38734953,34.28846924
05-09-2025 13:50,22.67314195,81.55359809,69.56275298,20.64653318
05-09-2025 13:51,21.8001813,68.03808325,18.8854767,74.16125116
05-09-2025 13:52,23.76776805,95.0811262,13.84826347,74.76868292
05-09-2025 13:53,19.26643543,78.66082995,88.37841622,40.00215713
05-09-2025 13:54,22.77183827,120.5494894,50.09743029,42.95879087
05-09-2025 13:55,21.14882181,71.39063103,57.45354543,68.78248934
05-09-2025 13:56,10.07863125,123.9636067,39.29997911,34.26664372
05-09-2025 13:57,23.6770416,160.8383644,99.00083927,37.83513126
05-09-2025 13:58,26.11964771,160.9765018,76.18320824,70.91059259
05-09-2025 13:59,22.84635757,135.1534826,64.41404808,60.22760121
05-09-2025 14:00,25.00664554,164.550108,72.81371572,78.18738549
05-09-2025 14:01,31.0464051,189.066752,33.92946401,48.40185553
05-09-2025 14:02,15.05451845,184.2664495,68.45867177,46.6792147
05-09-2025 14:03,20.99492447,123.1958554,99.70766267,69.84396532
05-09-2025 14:04,27.91789503,89.38546234,63.12381995,34.88670148
05-09-2025 14:05,26.9557158,107.7906582,21.00878379,47.67768544
05-09-2025 14:06,28.81914158,105.5779472,88.45257695,49.38183512
05-09-2025 14:07,20.46968532,149.0132827,16.38671239,71.73003897
05-09-2025 14:08,27.74050119,133.6445227,64.6855382,30.32370614
05-09-2025 14:09,27.32887655,100.0468512,96.91326856,39.94286898
05-09-2025 14:10,30.60001636,128.7090776,15.07412046,56.62358313
05-09-2025 14:11,24.81713743,188.8577789,75.88603048,22.624126
05-09-2025 14:12,23.48898525,167.2994686,72.58200853,65.05549252
05-09-2025 14:13,24.07687884,101.768025,21.90417423,48.23451463
05-09-2025 14:14,22.72655158,138.0911388,99.75791272,39.58819649
05-09-2025 14:15,20.98954634,191.6428368,52.06321197,71.19805399
05-09-2025 14:16,27.98982972,151.2914228,68.79508369,72.90681162
05-09-2025 14:17,21.15958548,94.17932618,25.48128558,43.61748232
05-09-2025 14:18,27.08941117,65.36616537,58.90184021,32.41624969
05-09-2025 14:19,22.0334047,103.4507439,74.83227739,59.48557336
05-09-2025 14:20,20.48118297,128.629264,85.15078025,37.4144358
05-09-2025 14:21,23.68091428,105.2649504,41.67788583,22.1237413
05-09-2025 14:22,24.57548804,78.17901217,75.78688096,40.41036506
05-09-2025 14:23,19.7796422,82.9233428,21.1812542,67.90800165
05-09-2025 14:24,33.30540398,185.228949,12.083029,40.11978146
05-09-2025 14:25,23.44523957,142.4949228,93.28895459,67.14397144
05-09-2025 14:26,18.00519644,164.7085426,29.50452811,61.32537056
05-09-2025 14:27,30.83159314,127.0381435,86.30000436,39.08388076
05-09-2025 14:28,16.56710031,152.0371669,18.56822271,67.82597083
05-09-2025 14:29,35.25641131,133.5689786,31.27850088,43.32339468
05-09-2025 14:30,20.91084533,132.6588252,13.15420699,27.58758284
05-09-2025 14:31,17.69319363,56.99912417,68.44328308,21.91117225
05-09-2025 14:32,29.09689841,122.3223483,35.54282086,26.0983721
05-09-2025 14:33,27.21700239,158.2077494,47.33301056,36.41361105
05-09-2025 14:34,32.13481378,143.2183167,98.23079917,74.67680882
05-09-2025 14:35,26.05381851,87.63316387,20.98659109,43.67401494
05-09-2025 14:36,25.46841233,91.21489516,39.77253154,55.21423654
05-09-2025 14:37,25.39386267,86.7227526,50.51301658,56.25140629
05-09-2025 14:38,24.20518081,165.3403689,79.62254583,58.69347024
05-09-2025 14:39,12.18697801,87.30512513,17.94815697,76.29776942
05-09-2025 14:40,22.51383738,199.0982943,28.31124722,38.24786837
05-09-2025 14:41,31.20252365,128.2235188,89.61176082,57.79891183
05-09-2025 14:42,18.38812368,69.27164381,61.07701849,61.99763769
05-09-2025 14:43,38.07766893,198.039128,33.14336799,29.07804748
05-09-2025 14:44,19.58078153,134.3343353,55.65621271,68.26305865
05-09-2025 14:45,29.14550424,134.1839823,32.80836407,29.36511838
05-09-2025 14:46,33.71700813,122.9989462,32.76545863,63.61407258
05-09-2025 14:47,29.82740465,63.21946233,20.76408992,71.56197243
05-09-2025 14:48,30.47361124,174.1305435,66.17020264,24.13119974
05-09-2025 14:49,31.57860079,121.7334246,83.33276418,55.93324178
05-09-2025 14:50,29.03823241,175.9537674,52.28527469,77.74875313
05-09-2025 14:51,14.44984649,79.08503619,92.11628215,75.96336227
05-09-2025 14:52,22.17989885,115.0718209,33.49339241,73.00237024
05-09-2025 14:53,27.0090659,186.212746,37.71127534,73.08178125
05-09-2025 14:54,22.31908898,67.80102797,52.40288663,45.01799301
05-09-2025 14:55,23.15608199,113.4642197,46.69606807,79.03869842
05-09-2025 14:56,31.59273101,181.2688834,27.24219456,67.55606787
05-09-2025 14:57,20.16919052,95.05229796,15.62395478,25.46413318
05-09-2025 14:58,33.9115928,175.6944611,61.09573222,34.68801367
05-09-2025 14:59,35.84585652,118.7606954,51.94680564,64.02593434
05-09-2025 15:00,26.4278822,120.8656421,92.5866398,30.99996195
05-09-2025 15:01,28.08063545,134.3025933,69.09972365,38.57237859
05-09-2025 15:02,26.86952442,191.0576488,72.9822281,66.2287515
05-09-2025 15:03,26.74059495,63.82936276,10.87342095,77.05806862
05-09-2025 15:04,22.82093947,186.8541465,74.38079632,39.04187014
05-09-2025 15:05,25.86163878,82.86539787,34.1205988,32.05892725
05-09-2025 15:06,27.67085808,87.66989422,20.93562495,79.06813871
05-09-2025 15:07,34.15705026,65.56857457,78.96894141,58.84439741
05-09-2025 15:08,40.36990228,79.96184077,76.05031331,77.12109797
05-09-2025 15:09,22.74929239,133.2855661,54.86340487,37.43465981
05-09-2025 15:10,22.43204623,127.823654,43.61299691,68.09548334
05-09-2025 15:11,22.35988455,153.8574881,61.22793434,23.1714448
05-09-2025 15:12,26.81618133,120.3858917,51.88132653,63.29922865
05-09-2025 15:13,19.12842514,63.61439942,14.84008117,67.63091856
05-09-2025 15:14,40.11890944,164.9230353,68.66237104,24.62083367
05-09-2025 15:15,28.87136706,179.5140236,33.0339574,77.37919199
05-09-2025 15:16,25.76228861,63.84685015,78.75865697,23.30596208
05-09-2025 15:17,25.31654467,179.0635805,52.84514371,77.38326795
05-09-2025 15:18,22.85201477,71.95027783,36.41538934,44.05908305
05-09-2025 15:19,29.20750784,151.769228,17.06708551,20.63047739
05-09-2025 15:20,28.92880259,168.3601182,40.56070107,56.36998718
05-09-2025 15:21,28.50447683,179.7387692,56.43166776,46.71291431
05-09-2025 15:22,26.31589843,118.3342461,38.90225001,39.46383473
05-09-2025 15:23,26.03181335,64.28391204,85.39420212,58.70374726
05-09-2025 15:24,25.24017561,155.2831793,91.47553016,49.00808112
05-09-2025 15:25,19.6482372,177.0369594,15.74314674,47.75191228
05-09-2025 15:26,28.85560851,94.0031917,39.19033447,67.24961879
05-09-2025 15:27,27.32535773,154.0905347,30.00280784,25.4253969
05-09-2025 15:28,21.40966607,97.84527189,30.04365192,70.01638157
05-09-2025 15:29,32.08956415,64.33254257,13.17722986,79.14373106
05-09-2025 15:30,21.77590171,194.6856442,58.02503268,47.36492095
05-09-2025 15:31,20.88825635,185.5574935,23.87521261,69.01626666
05-09-2025 15:32,37.08911388,75.8688895,43.61763255,63.55089405
05-09-2025 15:33,18.85888121,141.6397892,67.06970714,26.14528312
05-09-2025 15:34,17.13232121,79.62716237,31.31072338,38.31240177
05-09-2025 15:35,20.27216464,59.99102686,20.7854349,29.03205154
05-09-2025 15:36,34.2911581,121.536045,68.71871332,67.21178556
05-09-2025 15:37,17.8884612,74.57900862,34.04049289,37.8249514
05-09-2025 15:38,24.10861749,157.7464884,75.29695951,39.79563752
05-09-2025 15:39,23.57496167,130.8273623,80.26316645,54.0432842
05-09-2025 15:40,32.31640473,169.8266287,27.12580209,59.50513972
05-09-2025 15:41,14.07170851,184.8614403,38.58935311,61.37324678
05-09-2025 15:42,29.10994921,102.8121141,93.43040354,35.3758443
05-09-2025 15:43,25.58788256,89.77508208,64.38345494,32.59335121
05-09-2025 15:44,14.07282022,117.6703534,77.67464787,60.75619594
05-09-2025 15:45,28.98686393,73.21163732,96.97501526,56.98852876
05-09-2025 15:46,23.77904158,84.2799224,67.98015975,67.15452945
05-09-2025 15:47,23.77929511,89.6136246,23.7545784,50.43315556
05-09-2025 15:48,20.35949305,188.2457347,50.41070034,29.71778974
05-09-2025 15:49,20.92215533,185.8833435,38.95037575,34.37847154
05-09-2025 15:50,17.25735369,158.128022,13.5223004,74.59180545
05-09-2025 15:51,27.77916081,77.10829037,72.89713732,36.99196234
05-09-2025 15:52,29.71384143,160.9134982,75.09378283,28.53532265
05-09-2025 15:53,32.35179065,130.276441,68.93608686,76.18988838
05-09-2025 15:54,29.22324172,169.3826248,19.31447522,64.67847694
05-09-2025 15:55,37.42226217,126.1033486,19.08082417,35.64775217
05-09-2025 15:56,30.69464057,193.1931368,53.44095734,60.74906514
05-09-2025 15:57,23.69222859,108.4666591,32.23907725,51.70364497
05-09-2025 15:58,15.6945213,146.5441756,65.24920232,64.00461729
05-09-2025 15:59,32.23437754,101.3222826,17.01339005,67.96583824
05-09-2025 16:00,14.85018391,132.9534002,51.92966174,61.58692756
05-09-2025 16:01,29.70306607,55.48106006,66.28362417,43.4526375
05-09-2025 16:02,20.38698957,54.67808768,93.165721,57.16796817
05-09-2025 16:03,29.18084422,129.4804488,28.99118203,78.51667406
05-09-2025 16:04,21.90084413,181.3881128,82.33895521,56.19630228
05-09-2025 16:05,28.96509143,112.170839,38.72345735,44.81575866
05-09-2025 16:06,22.65247093,75.15651435,69.79644837,69.59132938
05-09-2025 16:07,28.33546111,187.9647282,27.60638525,73.60450858
05-09-2025 16:08,25.73387369,113.357686,80.8168652,79.48147858
05-09-2025 16:09,23.96616436,147.8157568,31.24766681,56.3855151
05-09-2025 16:10,19.02140772,130.6378496,24.47188652,50.79127395
05-09-2025 16:11,21.43623157,54.71606894,10.2190628,20.91714612
05-09-2025 16:12,23.26348929,117.8496526,36.49357061,45.4707842
05-09-2025 16:13,13.10439771,106.0652116,17.74799562,40.04519453
05-09-2025 16:14,22.20839541,160.4877644,64.71301858,27.97162899
05-09-2025 16:15,36.20048566,179.8270061,50.53777404,73.66814578
05-09-2025 16:16,27.13073686,198.9731741,93.72429578,25.02285783
05-09-2025 16:17,21.25287032,191.2497021,20.33112365,38.07115409
05-09-2025 16:18,24.92920095,131.3922527,42.63388264,51.1151809
05-09-2025 16:19,23.36859209,79.78752619,19.60560275,34.08120485
05-09-2025 16:20,23.23514219,94.63541138,90.49843615,51.0742055
05-09-2025 16:21,27.59075713,87.88153288,29.00967949,68.36920282
05-09-2025 16:22,28.29324172,111.7749511,86.37930374,21.23408371
05-09-2025 16:23,25.25860014,131.9946878,48.27015861,53.48752044
05-09-2025 16:24,22.69146279,141.439449,17.71430505,46.92775566
05-09-2025 16:25,23.1747534,126.6860018,22.37088194,20.36675848
05-09-2025 16:26,24.24792275,59.62557346,93.2509259,53.30388903
05-09-2025 16:27,26.83341831,73.51406755,29.17541749,61.33738712
05-09-2025 16:28,27.97811492,188.2796401,54.01562801,76.0148106
05-09-2025 16:29,29.25348224,89.54391816,50.2042688,58.91859844
05-09-2025 16:30,25.51612104,188.5865303,57.85877101,30.32011652
05-09-2025 16:31,27.89061447,101.7818718,70.17392669,36.88953634
05-09-2025 16:32,21.30646459,117.6279952,43.44468098,56.28053693
05-09-2025 16:33,19.12692276,144.3848825,28.96596981,69.0160367
05-09-2025 16:34,23.63787734,56.79007693,97.1995726,41.58895344
05-09-2025 16:35,21.30326452,76.80679263,14.88858781,24.50343758
05-09-2025 16:36,23.67405353,126.949846,80.69016458,46.01932596
05-09-2025 16:37,15.61357207,78.25898414,37.4591223,62.08453334
05-09-2025 16:38,22.518109,146.2324608,13.37612043,58.63824463
05-09-2025 16:39,30.44381701,181.4252127,60.67419224,76.76811484
05-09-2025 16:40,34.05561886,55.36265592,87.43481682,44.03623489
05-09-2025 16:41,34.13582919,92.18299074,35.49318207,66.07069358
05-09-2025 16:42,31.20904867,157.0217837,87.84164491,33.94953333
05-09-2025 16:43,27.35857175,76.35251127,56.61039783,57.54072356
05-09-2025 16:44,27.33405565,183.2250652,71.88068207,47.19647967
05-09-2025 16:45,38.59963529,152.800473,98.48759185,21.70684779
05-09-2025 16:46,19.41478394,73.94223436,88.60953134,45.26674931
05-09-2025 16:47,21.23994565,175.4746524,72.27223271,24.14000688
05-09-2025 16:48,30.53472759,79.07133161,54.8922673,34.58861309
05-09-2025 16:49,30.41073209,100.3512066,48.610037,29.11092333
05-09-2025 16:50,27.50112959,167.5865758,87.76839161,32.59441979
05-09-2025 16:51,16.02877355,58.87656489,71.72120027,25.89671282
05-09-2025 16:52,25.318083,196.8460874,25.53187572,33.97967067
05-09-2025 16:53,28.07728259,80.88298549,12.44068661,20.94602667
05-09-2025 16:54,20.824265,171.0456318,91.73970447,45.34000109
05-09-2025 16:55,26.34281642,72.76108323,64.67645201,49.92717171
05-09-2025 16:56,22.24671849,134.3602913,71.69512431,56.9626506
05-09-2025 16:57,25.68203216,141.9803648,75.50367365,68.11517271
05-09-2025 16:58,27.84907539,115.5694887,72.45592442,50.27260798
05-09-2025 16:59,19.8617964,67.07715708,38.14546467,37.19654261
05-09-2025 17:00,28.11857694,154.0996484,73.97437774,69.64076095
05-09-2025 17:01,27.39456363,120.2241443,89.89732757,23.35767406
05-09-2025 17:02,33.58210778,150.2754331,35.48414045,77.00905043
05-09-2025 17:03,17.39049614,97.49703879,12.8723588,31.77517368
05-09-2025 17:04,28.55385074,86.29031901,10.29135975,77.53801719
05-09-2025 17:05,25.09991912,187.3434089,65.38810788,61.46189839
05-09-2025 17:06,14.86202154,57.06460876,50.25730665,29.72155512
05-09-2025 17:07,23.20492763,81.66472679,89.34578419,71.12291558
05-09-2025 17:08,19.45517889,71.29636838,84.5670463,34.02266495
05-09-2025 17:09,19.8715232,191.7330398,87.90257267,65.46611488
05-09-2025 17:10,23.87797254,98.00945764,92.13181999,79.8459903
05-09-2025 17:11,25.91618584,142.522702,94.70717164,53.92915278
05-09-2025 17:12,35.86301124,63.91987285,25.85402841,56.21815984
05-09-2025 17:13,24.03531621,178.9309197,12.50234284,42.83411495
05-09-2025 17:14,21.09536892,122.6287714,92.83402399,38.11153096
05-09-2025 17:15,23.01784249,114.0152336,62.03522078,33.64769047
05-09-2025 17:16,32.46726643,106.9695849,19.34425985,29.58917407
05-09-2025 17:17,21.00232721,142.5448755,81.58904232,45.74023612
05-09-2025 17:18,26.69696708,121.0915303,39.30668493,22.51481766
05-09-2025 17:19,28.37788056,58.60628059,83.65003312,37.33164465
05-09-2025 17:20,22.56782926,74.97625615,32.70723759,53.35871648
05-09-2025 17:21,31.00870166,131.6457559,52.52850676,66.34767926
05-09-2025 17:22,26.23075184,105.1254224,86.18066979,25.01867431
05-09-2025 17:23,23.66146491,72.56220132,82.03544344,73.06725176
05-09-2025 17:24,27.18866696,71.96913847,84.32433856,31.94656138
05-09-2025 17:25,33.64809918,150.0370921,42.2788397,37.71892292
05-09-2025 17:26,27.36608772,142.3828202,18.10376307,40.49543317
05-09-2025 17:27,25.3645899,147.9141964,64.89254498,43.8400459
05-09-2025 17:28,17.3034227,158.6874967,76.64457261,21.76850028
05-09-2025 17:29,27.88519956,102.6469545,10.88470209,20.13043474
05-09-2025 17:30,26.07077575,147.2125748,94.58709615,33.37257892
05-09-2025 17:31,27.18927867,113.406959,49.25530885,20.76298214
05-09-2025 17:32,24.10164021,137.9083399,45.79096925,47.03438039
05-09-2025 17:33,32.48717703,97.95569438,18.40863055,24.8546951
05-09-2025 17:34,30.12126034,64.27056164,31.85619059,41.97135522
05-09-2025 17:35,20.21934273,156.3812879,84.53723531,60.51957093
05-09-2025 17:36,22.87689804,128.1563305,55.24879668,33.00393896
05-09-2025 17:37,22.65523089,114.3930116,32.42852773,52.51470142
05-09-2025 17:38,14.50756713,197.7473084,21.64666684,37.2042536
05-09-2025 17:39,29.2632269,57.88341556,55.78186532,62.02912191
05-09-2025 17:40,18.50162908,177.3246672,44.20411589,35.07818417
05-09-2025 17:41,21.34451983,138.3410074,72.43570468,35.00608802
05-09-2025 17:42,23.55626824,141.8413135,25.41168862,35.24996256
05-09-2025 17:43,22.94931518,149.6608931,71.3749238,62.45316626
05-09-2025 17:44,19.10776632,78.16465536,94.55413502,34.14445552
05-09-2025 17:45,12.28284323,55.72121872,98.42877853,45.20843566
05-09-2025 17:46,23.96496511,191.486296,20.07250544,29.30465086
05-09-2025 17:47,26.75668391,117.9434209,41.92908103,45.24820874
05-09-2025 17:48,34.01354448,73.72933467,27.92834977,23.67124881
05-09-2025 17:49,21.93632682,68.96162351,50.4732191,78.42948758
05-09-2025 17:50,26.13803552,81.61999844,72.39626832,77.94956996
05-09-2025 17:51,22.96252242,197.4369189,59.10386342,39.92956147
05-09-2025 17:52,30.15031919,145.5357167,50.82656447,45.71517874
05-09-2025 17:53,28.43801365,118.3947119,92.68504118,29.10624022
05-09-2025 17:54,31.31383184,118.5621855,33.92443989,30.92268915
05-09-2025 17:55,28.83654581,196.0068298,66.74776509,73.13997877
05-09-2025 17:56,23.73649572,54.64897127,42.04054342,72.90772521
05-09-2025 17:57,24.65305253,105.5629528,54.51881382,66.35802058
05-09-2025 17:58,25.49507826,175.0798793,59.26118793,42.42774884
05-09-2025 17:59,26.98146028,83.87844124,78.7333857,77.91993683
05-09-2025 18:00,23.70581995,170.6422252,86.74212584,22.66559252
05-09-2025 18:01,27.79891029,184.9801057,24.82590481,49.9648938
05-09-2025 18:02,38.23848697,119.838478,66.20382631,64.43702284
05-09-2025 18:03,22.93383131,83.48589957,47.32660777,48.79548586
05-09-2025 18:04,20.88839968,190.6455856,29.79843788,49.35183936
05-09-2025 18:05,27.82311601,130.8320524,48.91463392,75.07380488
05-09-2025 18:06,26.74315101,91.92882975,93.55750299,62.04636247
05-09-2025 18:07,18.1595528,139.5573814,16.10836742,53.35325083
05-09-2025 18:08,26.5577936,70.2861971,23.14384326,22.60973599
05-09-2025 18:09,31.2150867,61.93584694,50.30914461,56.46369747
05-09-2025 18:10,21.88049263,108.8086081,32.82621028,52.69382201
05-09-2025 18:11,20.39791166,133.3193165,90.13568268,36.8208509
05-09-2025 18:12,25.75501059,68.38160688,94.18533197,75.08230037
05-09-2025 18:13,20.79623496,96.60593737,54.52581584,27.07724853
05-09-2025 18:14,32.13864642,89.54225594,59.67868768,31.74815684
05-09-2025 18:15,18.88277735,123.5521718,39.62762247,32.95602136
05-09-2025 18:16,23.81466546,74.86505558,63.13536165,69.36479442
05-09-2025 18:17,32.2245175,149.5193915,88.84590647,52.83650857
05-09-2025 18:18,25.8555717,93.89627932,59.60016368,44.25502476
05-09-2025 18:19,24.66840535,185.4503066,54.892021,64.33633928
05-09-2025 18:20,20.5553077,74.71938695,94.42891792,40.53725441
05-09-2025 18:21,25.06335396,154.8657864,90.2214778,32.73238591
05-09-2025 18:22,21.31468778,86.55637704,35.52009569,23.16974412
05-09-2025 18:23,25.16366373,134.8391645,23.43112233,79.39957368
05-09-2025 18:24,26.25657239,60.14840251,33.36467252,58.36352059
05-09-2025 18:25,24.72833357,186.5143705,10.95685369,35.53271093
05-09-2025 18:26,28.58453402,174.5249073,20.64180955,63.01899873
05-09-2025 18:27,27.33324217,182.4498392,52.89193282,27.72913088
05-09-2025 18:28,25.60975883,129.0886988,62.63878287,75.94472313
05-09-2025 18:29,28.52526712,83.27023429,97.16495705,56.22825969
05-09-2025 18:30,20.02175241,96.03092603,51.07138595,36.5973677
05-09-2025 18:31,29.23571583,189.1450625,49.19629559,53.7846328
05-09-2025 18:32,29.77461394,131.9785606,84.19980758,68.8124376
05-09-2025 18:33,22.24843164,85.3452035,54.74370488,32.1101346
05-09-2025 18:34,23.36432825,58.11764692,69.93817007,30.08431337
05-09-2025 18:35,27.91581867,158.3282012,25.29411809,22.2563618
05-09-2025 18:36,16.14335718,68.25488484,65.75091166,37.07277406
05-09-2025 18:37,34.60687702,56.6946781,28.11815818,66.24803383
05-09-2025 18:38,18.544926,183.2367395,87.94445404,47.42262318
05-09-2025 18:39,27.71221409,100.0609206,29.70320831,56.92700866
05-09-2025 18:40,26.3998663,152.9100523,72.8520118,63.39502611
05-09-2025 18:41,22.1881611,70.92139993,77.32397429,26.46069317
05-09-2025 18:42,18.35234487,106.5535064,69.48434374,69.92919778
05-09-2025 18:43,19.26888692,74.24574008,93.18268104,23.99857024
05-09-2025 18:44,29.75701785,194.2119472,56.32358305,28.12257944
05-09-2025 18:45,24.47034804,56.49232063,77.48319287,56.29287219
05-09-2025 18:46,22.95703208,61.55387119,38.29450763,38.4898679
05-09-2025 18:47,24.84820126,177.6726677,82.80653254,46.84257382
05-09-2025 18:48,22.03579875,156.1604001,13.83428829,74.65636266
05-09-2025 18:49,30.01443305,198.3539886,85.69109674,38.43235929
05-09-2025 18:50,25.95301205,166.2732944,94.56197928,53.55123099
05-09-2025 18:51,19.6780747,133.6119373,62.49454415,20.02902174
05-09-2025 18:52,21.0071584,127.4122003,21.22390775,77.82204536
05-09-2025 18:53,23.65933252,169.0256238,84.82837155,79.59139284
05-09-2025 18:54,33.27203713,81.19010104,82.54273505,53.25095079
05-09-2025 18:55,25.80803727,194.1429091,13.75347499,27.05195774
05-09-2025 18:56,29.69445964,179.4256572,63.22208806,48.59279452
05-09-2025 18:57,19.90124539,145.6156672,60.12792308,24.46235645
05-09-2025 18:58,30.29663714,84.11555227,97.26318193,65.14831589
05-09-2025 18:59,37.36949444,156.0792331,83.03655467,49.66397311
05-09-2025 19:00,15.83554683,168.6534545,70.33906535,59.46161605
05-09-2025 19:01,17.50929277,173.1852436,36.85817844,39.48920073
05-09-2025 19:02,28.04320624,81.7570029,92.10594411,74.08192392
05-09-2025 19:03,29.9966586,54.49902494,25.7484425,37.82140002
05-09-2025 19:04,23.73439662,171.5173988,34.87485775,49.64082915
05-09-2025 19:05,34.52361352,70.50286394,90.3015683,79.07580584
05-09-2025 19:06,18.34955349,81.98672934,40.08821913,77.50179446
05-09-2025 19:07,19.92289808,154.9989159,69.96091382,79.45155892
05-09-2025 19:08,31.06804966,50.88663067,36.25016628,75.00902479
05-09-2025 19:09,27.22936681,108.7757469,97.43362389,50.38600942
05-09-2025 19:10,29.63997613,124.3126733,99.41945242,41.80870496
05-09-2025 19:11,21.2262975,187.16599,83.23074138,39.50646146
05-09-2025 19:12,22.1217025,76.38679098,30.80109124,44.68537446
05-09-2025 19:13,20.84811988,183.1104921,65.39710907,68.67705884
05-09-2025 19:14,37.87716875,68.74248542,95.2166447,25.56464438
05-09-2025 19:15,19.41982187,85.89679826,45.76610982,49.28717185
05-09-2025 19:16,31.55304845,107.014231,24.63371195,38.53797565
05-09-2025 19:17,26.31359388,187.387472,91.13469477,43.62612368
05-09-2025 19:18,27.75092608,52.20230634,42.81448783,56.00299691
05-09-2025 19:19,28.96628255,170.8623861,53.23400424,21.39564812
05-09-2025 19:20,30.31576895,84.74150774,62.68975565,41.14490038
05-09-2025 19:21,19.09508695,199.3489862,70.99585326,48.99120319
05-09-2025 19:22,29.53602765,164.3279724,56.24739477,43.87982486
05-09-2025 19:23,25.81407143,177.3027553,89.39992449,54.86541296
05-09-2025 19:24,17.65895386,123.95326,45.8751052,77.4720417
05-09-2025 19:25,27.64056836,79.12487284,98.24753281,51.22159842
05-09-2025 19:26,29.28391503,148.0371708,80.81338018,22.47063398
05-09-2025 19:27,24.40688126,70.60550574,60.85495369,58.01089861
05-09-2025 19:28,35.37144467,195.5098102,50.88307523,74.12681319
05-09-2025 19:29,24.46278216,138.241121,53.70351667,71.67720597
05-09-2025 19:30,18.85307965,134.1450434,31.16178301,63.45859751
05-09-2025 19:31,24.08635795,192.508032,80.20239672,56.48282531
05-09-2025 19:32,27.25386314,162.8045519,34.87146892,38.6700651
05-09-2025 19:33,26.26714143,182.3827867,47.07681947,76.68497558
05-09-2025 19:34,33.42038732,172.04855,98.48908036,50.81294796
05-09-2025 19:35,28.6070847,154.4520197,99.59765025,42.66401766
05-09-2025 19:36,22.70565734,173.1957797,17.84186529,67.96742372
05-09-2025 19:37,31.21179321,169.9096995,77.46064655,59.50024231
05-09-2025 19:38,17.20514101,121.7006224,19.06063382,39.80592996
05-09-2025 19:39,24.77915165,171.9311507,57.6022631,67.87449152
05-09-2025 19:40,28.92240413,65.5866632,65.54295252,48.5569846
05-09-2025 19:41,21.3092021,132.0136551,45.61918178,45.33035199
05-09-2025 19:42,25.97055538,55.19653877,71.78440834,60.97799414
05-09-2025 19:43,28.80776104,193.631995,42.33951446,36.95391345
05-09-2025 19:44,20.22211377,94.68071119,84.29283003,27.85227338
05-09-2025 19:45,23.60892882,111.7626658,21.86167362,65.21111376
05-09-2025 19:46,30.62174558,64.23964158,53.92648396,28.54284092
05-09-2025 19:47,21.25744359,144.605478,67.12139236,69.23929083
05-09-2025 19:48,28.24350723,185.1749365,24.70189455,30.54123878
05-09-2025 19:49,28.08638973,156.6269421,78.78707365,50.61497415
05-09-2025 19:50,29.28232809,103.9056966,10.80772524,29.91902512
05-09-2025 19:51,24.04126263,134.594141,94.73734223,58.41359248
05-09-2025 19:52,31.46853268,60.70076081,46.2902246,37.69899141
05-09-2025 19:53,22.99534168,182.5735625,21.10776631,22.14652487
05-09-2025 19:54,31.07581452,88.02085218,70.38337762,65.40067383
05-09-2025 19:55,26.86377128,139.5791874,59.61361123,67.89663059
05-09-2025 19:56,27.90332935,149.4307848,79.56087615,61.43522203
05-09-2025 19:57,26.36727776,167.1822665,31.17972032,56.56279355
05-09-2025 19:58,26.57639317,101.8270725,46.01647005,75.52145467
05-09-2025 19:59,22.59550756,67.27845041,68.08848359,78.67850401
05-09-2025 20:00,21.75522772,83.30735751,51.69707193,75.54070948
05-09-2025 20:01,28.82786193,138.9884318,86.77021555,70.86062609
05-09-2025 20:02,29.6516294,153.3950078,59.57173451,41.14675255
05-09-2025 20:03,26.31382925,108.5609625,67.18363541,44.21615558
05-09-2025 20:04,23.25984725,199.0629739,53.67684472,28.62617177
05-09-2025 20:05,32.5339745,106.8314434,19.3686727,57.20406122
05-09-2025 20:06,25.04481346,122.6909066,53.30792028,50.04049608
05-09-2025 20:07,29.61842782,79.61267306,28.75632872,28.95520793
05-09-2025 20:08,28.78993774,122.0822339,67.7358507,68.74581317
05-09-2025 20:09,30.12611542,147.3231999,92.09808097,79.29280966
05-09-2025 20:10,19.53385955,51.44733662,75.48034936,73.9092102
05-09-2025 20:11,21.54573114,192.8227916,54.67612892,36.5015509
05-09-2025 20:12,25.73326163,50.79077526,84.65062105,20.81353553
05-09-2025 20:13,28.35163101,140.9928743,50.81885232,34.23123692
05-09-2025 20:14,35.94256497,175.789249,22.34707292,42.55645225
05-09-2025 20:15,32.22737686,181.4906188,42.8790637,54.93799928
05-09-2025 20:16,24.17760705,62.09741907,59.85938511,42.62790163
05-09-2025 20:17,28.46294818,114.0184391,66.43991653,47.66137991
05-09-2025 20:18,20.91748319,74.78852117,34.849158,51.52912465
05-09-2025 20:19,25.34928346,172.4997362,33.2403314,22.69471216
05-09-2025 20:20,25.08222951,78.14457873,91.00892767,70.10838785
05-09-2025 20:21,24.80016832,66.05646674,38.67346308,31.32818871
05-09-2025 20:22,21.20695016,155.3930188,59.17146674,68.19328485
05-09-2025 20:23,33.57917809,112.9373049,75.93513719,30.94678475
05-09-2025 20:24,20.78046066,164.5165069,73.45469798,26.19698282
05-09-2025 20:25,15.12323841,95.6777711,77.99979625,47.01385093
05-09-2025 20:26,23.60816419,189.6216188,48.81885428,78.59850845
05-09-2025 20:27,34.19131845,124.3711954,62.10673538,39.51878124
05-09-2025 20:28,32.22471191,138.2798398,78.97313316,24.90724118
05-09-2025 20:29,35.64416563,54.23171905,39.97165293,49.81912309
05-09-2025 20:30,25.24348027,130.6184898,33.88195599,74.75035842
05-09-2025 20:31,30.33128031,108.6444336,78.19107826,37.26854961
05-09-2025 20:32,28.9867961,185.1446307,60.09776526,58.5441736
05-09-2025 20:33,20.21004793,176.9559798,14.94317839,36.17730409
05-09-2025 20:34,22.32172773,91.6269657,84.47283526,20.38429585
05-09-2025 20:35,20.65884893,111.157542,42.8712485,70.05209471
05-09-2025 20:36,20.40229101,158.1900409,30.03943413,71.40080268
05-09-2025 20:37,22.46858933,125.1960236,40.39656882,34.55006197
05-09-2025 20:38,19.77991871,59.92326376,79.28724838,40.99359225
05-09-2025 20:39,24.44286743,135.1666241,70.96668509,60.63548138
05-09-2025 20:40,20.84471992,107.6176622,46.41134138,77.49189665
05-09-2025 20:41,33.36952258,93.01930393,15.48652076,65.39002897
05-09-2025 20:42,33.03452142,94.41905358,35.52279193,42.93758094
05-09-2025 20:43,28.95740109,113.3698114,23.56367987,55.28786393
05-09-2025 20:44,24.39540938,184.3050169,41.195021,70.425832
05-09-2025 20:45,21.06456857,82.23537034,35.61150688,65.37229617
05-09-2025 20:46,17.09189956,155.6814731,61.9267129,26.66808084
05-09-2025 20:47,17.92993153,63.89421484,93.37502492,49.72577282
05-09-2025 20:48,28.38122282,74.5589067,82.13659166,32.64959038
05-09-2025 20:49,31.49206264,165.6057795,74.39924917,35.29131771
05-09-2025 20:50,28.80797866,177.0268179,93.5716928,76.17252893
05-09-2025 20:51,26.69176345,72.04271051,82.89902873,42.52963155
05-09-2025 20:52,29.00408826,192.1768309,76.3386015,28.30835706
05-09-2025 20:53,29.88584253,162.8276059,92.66603526,70.21071865
05-09-2025 20:54,26.80030237,97.46151034,84.50150066,41.07165864
05-09-2025 20:55,23.9724651,199.9940823,83.02039264,54.91861009
05-09-2025 20:56,33.66097761,121.7922667,32.28324238,72.30076884
05-09-2025 20:57,20.8155615,130.5963134,97.60064577,61.01061842
05-09-2025 20:58,27.41482154,192.0673064,59.20711589,75.44853983
05-09-2025 20:59,27.75807247,176.0844635,40.73453258,57.76425393
05-09-2025 21:00,24.54721398,118.8159846,99.50858853,52.86926698
05-09-2025 21:01,19.72985994,120.2601909,19.43351553,43.68828042
05-09-2025 21:02,29.26165902,182.4062661,65.17178954,69.37342227
05-09-2025 21:03,19.60748129,186.2481528,83.70021407,63.2898092
05-09-2025 21:04,18.71028832,114.8459535,62.94919392,65.47818263
05-09-2025 21:05,23.5773303,136.8032896,35.04017563,63.58729847
05-09-2025 21:06,30.77284494,95.29283738,19.55781656,34.07996755
05-09-2025 21:07,18.68353352,108.9274819,45.9310265,23.19503494
05-09-2025 21:08,28.6191339,189.9881952,25.2193286,65.49029384
05-09-2025 21:09,34.11570027,122.2327306,12.25494573,60.1631322
05-09-2025 21:10,24.05739562,183.9005009,66.48805471,33.88841547
05-09-2025 21:11,28.35674655,79.56958314,64.7080576,33.09428539
05-09-2025 21:12,33.14462983,95.94153775,78.86317776,69.3162989
05-09-2025 21:13,17.9593669,120.941793,41.32624055,61.9794735
05-09-2025 21:14,19.0360766,131.0944605,56.98797872,40.58838733
05-09-2025 21:15,20.52429939,166.8163822,85.54724595,60.21776542
05-09-2025 21:16,34.03564577,167.2207128,43.35075821,38.97902646
05-09-2025 21:17,28.4307758,181.3591731,37.02890358,58.3534979
05-09-2025 21:18,31.10521763,53.55384456,66.13936292,74.70498509
05-09-2025 21:19,37.41395073,184.7819898,20.98265208,37.04425893
05-09-2025 21:20,19.16937048,129.8458178,83.10772924,75.30025342
05-09-2025 21:21,22.23946306,79.49442603,45.1227075,45.45761122
05-09-2025 21:22,19.0092823,95.31206854,85.67430368,26.91425089
05-09-2025 21:23,27.25761941,155.3299415,35.71042139,28.87395571
05-09-2025 21:24,28.0199597,158.6559474,92.9757477,26.21412932
05-09-2025 21:25,22.28739486,132.7538908,21.26825447,29.31877727
05-09-2025 21:26,29.19873181,116.312113,58.02359099,70.21514037
05-09-2025 21:27,21.84012803,111.208872,59.42475706,39.46870663
05-09-2025 21:28,34.02376297,97.60509607,95.49065308,60.30737388
05-09-2025 21:29,19.63072694,111.7370996,82.61139439,67.17568521
05-09-2025 21:30,28.78529228,64.12269218,93.29994231,26.97288569
05-09-2025 21:31,30.680731,65.547091,87.8583951,62.07069543
05-09-2025 21:32,31.23773326,144.4093488,51.53853395,75.00401341
05-09-2025 21:33,17.83356289,127.6382101,67.91060015,79.09331891
05-09-2025 21:34,20.81027972,130.0429808,29.00230652,72.10831221
05-09-2025 21:35,22.93718973,90.0435991,21.70467724,28.18379031
05-09-2025 21:36,31.40043208,62.84749001,24.24633906,60.97932001
05-09-2025 21:37,20.37044719,68.80919726,77.83892014,23.55618241
05-09-2025 21:38,12.83405091,95.43884484,92.37720014,40.29979969
05-09-2025 21:39,20.00075204,86.14476163,26.46042379,66.63296683
05-09-2025 21:40,23.32833832,192.0761108,37.62174188,26.66800805
05-09-2025 21:41,31.97178965,162.0775322,28.84028129,36.34203714
05-09-2025 21:42,23.14760872,58.85181407,50.37119855,31.58814411
05-09-2025 21:43,21.9647512,177.7628379,84.69890427,56.31112728
05-09-2025 21:44,23.31074541,194.7405567,27.44890084,52.94987296
05-09-2025 21:45,17.82453281,82.63336657,46.8916671,77.25815385
05-09-2025 21:46,22.59519674,140.9972057,92.83962204,67.16548605
05-09-2025 21:47,25.70795408,78.02478015,15.11233047,43.40501804
05-09-2025 21:48,20.14516194,117.4423847,87.19618377,70.08941216
05-09-2025 21:49,18.25315683,132.9558846,20.52023154,29.79077011
05-09-2025 21:50,25.57910151,58.46780068,49.88180194,74.041435
05-09-2025 21:51,23.79541957,182.3029432,80.08560363,72.86771487
05-09-2025 21:52,22.13258846,153.1010796,47.08198056,79.37067716
05-09-2025 21:53,16.49371033,96.03409494,45.98310675,55.28037238
05-09-2025 21:54,32.80253565,152.661369,41.71423607,39.59378866
05-09-2025 21:55,19.33273601,191.6303705,22.008094,24.94412044
05-09-2025 21:56,28.76231614,54.08812165,84.86416365,66.15891357
05-09-2025 21:57,20.68493263,175.3948349,89.40484893,34.21832461
05-09-2025 21:58,32.3636658,125.5901768,56.4450593,34.37008144
05-09-2025 21:59,22.70922837,100.2462013,38.63068585,27.89614423
05-09-2025 22:00,22.73731535,175.4562384,65.31384951,50.97247446
05-09-2025 22:01,29.9227829,89.96408227,77.94225588,54.60263625
05-09-2025 22:02,26.36150992,184.8223344,28.97121171,45.91650904
05-09-2025 22:03,23.28485045,93.01753615,73.43312555,40.71440595
05-09-2025 22:04,31.52630166,178.4262567,45.910764,42.70591712
05-09-2025 22:05,20.19271005,175.1951425,66.96258817,68.14821631
05-09-2025 22:06,22.96226215,188.2210732,81.65197542,74.8069556
05-09-2025 22:07,30.50509781,105.6760416,12.63233386,76.13171214
05-09-2025 22:08,16.15723759,127.2670441,22.34094081,72.25227624
05-09-2025 22:09,24.12407963,187.8544755,94.0409978,36.3731079
05-09-2025 22:10,26.25473675,168.1451763,88.82525662,52.52191987
05-09-2025 22:11,24.50495677,153.8407414,85.01872729,32.48152695
05-09-2025 22:12,31.55005624,108.9664274,15.25608108,64.60549253
05-09-2025 22:13,30.50186517,95.39977821,20.00562134,60.87499185
05-09-2025 22:14,32.35743509,97.22050867,86.51189195,23.56198399
05-09-2025 22:15,26.33025298,115.0125599,91.51277268,33.92709722
05-09-2025 22:16,25.62284748,90.41254319,47.97885691,39.57139291
05-09-2025 22:17,23.84465026,60.99145591,79.95452987,35.77370614
05-09-2025 22:18,25.05081641,119.6888921,83.25087295,35.3505655
05-09-2025 22:19,27.99697901,175.8786501,98.0770229,69.96709152
05-09-2025 22:20,14.52862436,158.9921264,16.27575922,37.82490612
05-09-2025 22:21,28.30058211,199.6972653,25.39649777,79.58013208
05-09-2025 22:22,22.64682026,171.5771097,65.74846113,21.2985733
05-09-2025 22:23,33.50603507,83.97594844,85.48477892,51.91279023
05-09-2025 22:24,27.12631367,88.59509772,32.98800269,20.57853106
05-09-2025 22:25,24.15590057,176.9839713,62.57546324,49.52336996
05-09-2025 22:26,13.67275604,98.75804098,93.51915619,74.63941203
05-09-2025 22:27,18.64815931,193.9304567,40.60944668,68.21829888
05-09-2025 22:28,26.32209311,199.2965606,83.77443572,49.67735623
05-09-2025 22:29,22.58596182,185.6498953,73.67995031,79.3760172
05-09-2025 22:30,19.33167163,184.7426873,13.73658224,72.07015167
05-09-2025 22:31,30.41956093,196.0388309,74.54379983,52.57522337
05-09-2025 22:32,23.45290971,103.3906388,66.69092441,37.4610656
05-09-2025 22:33,29.47278922,63.21311626,93.93798416,75.0586491
05-09-2025 22:34,21.3153285,62.9884882,36.91758874,29.20664628
05-09-2025 22:35,20.87808801,50.75600176,36.35176385,28.66212015
05-09-2025 22:36,28.8515934,191.9818657,51.45942813,62.86760058
05-09-2025 22:37,24.66947514,101.1229441,84.61920394,77.67175072
05-09-2025 22:38,21.11576822,113.8189049,33.71314207,32.51319927
05-09-2025 22:39,30.15940409,105.5077783,11.89986377,20.34770983
05-09-2025 22:40,27.33189358,160.3592723,27.77503869,30.25781473
05-09-2025 22:41,21.90776511,91.02193789,69.90853416,65.40946368
05-09-2025 22:42,17.8053897,172.710524,43.39513191,29.57435284
05-09-2025 22:43,24.47262912,110.7316578,85.84204516,62.58088871
05-09-2025 22:44,25.81530256,140.3119588,37.59789431,22.55494208
05-09-2025 22:45,23.1516813,121.5118413,84.71776797,48.49194514
05-09-2025 22:46,31.03974513,53.52299491,56.75570962,63.35818385
05-09-2025 22:47,24.5595702,195.6759623,53.88150573,34.44615808
05-09-2025 22:48,26.05135863,194.9543518,97.34176102,78.87757771
05-09-2025 22:49,20.76635528,74.0704395,73.22433585,47.68756118
05-09-2025 22:50,21.93125147,120.1339548,76.84563673,29.66423097
05-09-2025 22:51,25.08092047,73.22294027,36.55343909,61.77107375
05-09-2025 22:52,18.58376771,166.1321514,53.98717744,56.31251522
05-09-2025 22:53,30.17859969,129.192258,28.8813434,67.30171551
05-09-2025 22:54,28.10364338,96.52472359,19.68669173,64.9650786
05-09-2025 22:55,9.656783654,197.6162641,46.62521363,32.64852891
05-09-2025 22:56,27.14698678,108.696816,38.82205882,61.65180399
05-09-2025 22:57,15.73109693,144.5679652,88.82669048,41.43195634
05-09-2025 22:58,29.21746885,173.3403742,96.88957049,62.92421592
05-09-2025 22:59,15.24724598,123.9783487,46.53788178,70.80256116
05-09-2025 23:00,24.87508701,128.2197167,60.63543033,35.93746414
05-09-2025 23:01,24.7960002,183.3572163,10.2337684,41.75761046
05-09-2025 23:02,29.02060202,176.108253,36.87475546,33.19125251
05-09-2025 23:03,29.73741664,173.752279,63.42127365,24.20251522
05-09-2025 23:04,14.86711323,146.4879721,84.91792447,51.70076345
05-09-2025 23:05,28.51193676,58.61463159,61.72450046,29.3793824
05-09-2025 23:06,25.12314474,184.9567391,19.05279003,52.69220841
05-09-2025 23:07,24.0250372,127.938498,82.95826854,30.64376793
05-09-2025 23:08,22.61985003,57.92007035,95.50139189,32.34015193
05-09-2025 23:09,29.44200956,173.8768179,53.2026397,64.84166681
05-09-2025 23:10,31.195418,132.9799631,99.67197121,62.11915523
05-09-2025 23:11,25.51475966,65.47248668,74.27271547,70.91849327
05-09-2025 23:12,30.41973145,95.73793629,32.01064597,47.30063875
05-09-2025 23:13,22.47443714,98.29487134,30.10094622,29.48715978
05-09-2025 23:14,20.56611565,166.4930539,38.25510147,59.34932228
05-09-2025 23:15,35.03437732,56.2375309,14.79771841,79.92975549
05-09-2025 23:16,25.14647132,52.51050503,69.53611028,20.0869512
05-09-2025 23:17,24.85688542,115.7255901,50.96594692,58.56826687
05-09-2025 23:18,20.82446905,186.5551375,79.16631503,47.66249468
05-09-2025 23:19,24.76559454,101.1047368,88.23643754,65.00595671
05-09-2025 23:20,25.9967021,78.91018599,93.87304172,73.31017484
05-09-2025 23:21,26.3543222,70.76488678,31.0071735,64.51619068
05-09-2025 23:22,25.66039745,152.1197086,37.52673881,55.24680565
05-09-2025 23:23,21.04148608,168.7169724,29.81985531,32.61044131
05-09-2025 23:24,35.14181649,77.48543491,19.77526326,36.96267225
05-09-2025 23:25,15.51231838,173.360679,98.71479303,30.74306822
05-09-2025 23:26,24.40774315,137.538097,19.89034964,59.03570007
05-09-2025 23:27,28.72392229,183.9911486,54.70308615,79.91834967
05-09-2025 23:28,22.18501958,90.42318038,66.03552795,65.73309358
05-09-2025 23:29,31.50978569,53.53748413,20.05970147,36.87962865
05-09-2025 23:30,24.53449306,153.1502458,30.65391733,29.18352846
05-09-2025 23:31,19.96296055,115.3695759,92.56204854,54.20691793
05-09-2025 23:32,21.58511987,148.4299045,64.98820538,71.97014273
05-09-2025 23:33,19.10654011,64.76341927,35.5313128,36.83433869
05-09-2025 23:34,30.73435701,181.5035057,54.33079508,39.63459831
05-09-2025 23:35,28.26748778,179.3897852,87.50916874,48.39500693
05-09-2025 23:36,25.17256608,131.6517759,26.80522813,20.07558151
05-09-2025 23:37,21.77552806,136.4837041,15.93655419,61.69720757
05-09-2025 23:38,18.8756126,86.04321418,63.03093116,21.86327715
05-09-2025 23:39,21.66662516,65.74323385,54.6772779,45.53592486
05-09-2025 23:40,27.83424919,187.8498919,44.74326702,67.74006924
05-09-2025 23:41,23.06758763,184.0572925,17.68792943,27.98880184
05-09-2025 23:42,14.99460696,83.45544357,57.86856266,43.66798737
05-09-2025 23:43,26.29054041,151.8873658,11.23886899,53.22617207
05-09-2025 23:44,24.70678301,130.7166251,31.6667368,28.26251273
05-09-2025 23:45,27.97498327,53.28393351,64.85570573,54.69399266
05-09-2025 23:46,25.15869783,180.220055,68.0801631,68.618139
05-09-2025 23:47,20.2303365,84.21113862,99.3463525,58.98773041
05-09-2025 23:48,22.00123476,77.26326992,63.56626919,74.7772623
05-09-2025 23:49,30.19205118,84.96009122,35.07892714,30.58843275
05-09-2025 23:50,30.78739664,84.11307187,28.77623112,48.17345976
05-09-2025 23:51,26.61203094,98.97386159,84.58999795,24.06817284
05-09-2025 23:52,28.46205241,109.6287283,64.82611025,68.59476445
05-09-2025 23:53,27.34778085,133.5585373,14.28085682,74.14706728
05-09-2025 23:54,24.71032763,62.29980505,38.54830271,47.81077038
05-09-2025 23:55,24.63798002,142.091672,52.29581791,51.94305707
05-09-2025 23:56,26.13485685,71.62220739,22.09480078,58.76866583
05-09-2025 23:57,18.49660753,125.5403005,93.57285416,62.16230343
05-09-2025 23:58,35.92626788,93.59846272,99.33698584,77.03454676
05-09-2025 23:59,28.39114853,93.61326468,50.46374005,62.19690655
06-09-2025 00:00,24.45656939,136.5713324,15.70782248,73.71161981
06-09-2025 00:01,24.50890666,173.8489147,20.87284198,71.62305331
06-09-2025 00:02,39.61747108,58.75220815,24.57174657,22.81770385
06-09-2025 00:03,23.06539685,163.3995447,76.3119385,44.7235923
06-09-2025 00:04,23.49649838,74.53502716,53.01483825,29.10463559
06-09-2025 00:05,29.68148894,191.8492662,37.41682959,33.06894267
06-09-2025 00:06,21.51507008,197.4498076,51.22006959,77.53396592
06-09-2025 00:07,28.71456724,196.8944322,29.7701665,58.60755846
06-09-2025 00:08,28.01600313,113.8969008,91.10836054,21.73192918
06-09-2025 00:09,19.40679685,86.1039218,69.44680433,58.67868702
06-09-2025 00:10,20.89944931,53.6326201,90.09401887,44.21202123
06-09-2025 00:11,31.88348867,148.8942328,55.49523717,63.17722227
06-09-2025 00:12,23.70235933,109.4768615,53.70079613,58.60345008
06-09-2025 00:13,31.67732971,161.320022,96.27821053,31.85978205
06-09-2025 00:14,26.64578115,123.1191128,80.98024126,39.82629006
06-09-2025 00:15,27.2006817,66.67220279,61.27788236,51.58268829
06-09-2025 00:16,25.27522468,80.9256046,52.30961755,70.33649704
06-09-2025 00:17,20.61789196,127.2373121,67.73231984,33.94560395
06-09-2025 00:18,26.92664879,90.96723165,80.3267183,60.97065636
06-09-2025 00:19,31.20326492,191.9802274,81.07214503,71.58400316
06-09-2025 00:20,19.41699734,188.9815879,50.14077199,75.13349026
06-09-2025 00:21,33.39864652,80.44549394,56.63554931,46.17927176
06-09-2025 00:22,23.46354093,108.7779533,36.95152344,44.90901815
06-09-2025 00:23,20.60005609,149.4629004,52.07031389,22.8398066
06-09-2025 00:24,17.93590565,82.4589344,82.46903289,43.46498216
06-09-2025 00:25,24.91617435,129.6909592,46.30200854,33.93058866
06-09-2025 00:26,24.41306662,81.60183671,38.75621282,73.77892357
06-09-2025 00:27,24.17251761,72.33768209,15.46100657,41.04529795
06-09-2025 00:28,23.27331375,77.52071712,67.85310578,28.46309253
06-09-2025 00:29,23.33638523,65.5529832,12.29154648,71.58627201
06-09-2025 00:30,22.14609565,188.7719791,17.10741752,21.82835918
06-09-2025 00:31,15.58605737,107.5426664,57.77753929,48.12618376
06-09-2025 00:32,22.17642875,73.92534256,27.91648103,25.62378746
06-09-2025 00:33,19.18505097,109.955437,24.01158793,75.74427298
06-09-2025 00:34,21.12373565,58.26278809,92.20725865,72.13701615
06-09-2025 00:35,27.80970331,195.9840685,21.33530043,49.74777989
06-09-2025 00:36,23.40170447,62.74569589,51.90899613,55.46130525
06-09-2025 00:37,33.98683403,175.2341674,26.80374515,40.92547449
06-09-2025 00:38,18.81507389,190.5489869,84.92363939,41.59018241
06-09-2025 00:39,24.95531026,124.6693501,29.58816486,63.94303297
06-09-2025 00:40,16.59231546,113.1227502,19.00328227,28.85170884
06-09-2025 00:41,14.2213209,163.3182671,35.09546131,42.26371762
06-09-2025 00:42,19.71670201,161.8814815,46.58023233,77.74835309
06-09-2025 00:43,30.09882158,153.4089362,26.84437419,36.83563482
06-09-2025 00:44,25.80085077,64.46133068,65.24407599,70.40019595
06-09-2025 00:45,30.42730873,140.1525701,71.08453624,37.80297656
06-09-2025 00:46,26.25482415,166.0647816,18.17665269,39.98121792
06-09-2025 00:47,34.88087021,93.40835435,49.73227305,27.54344353
06-09-2025 00:48,31.90813961,156.719487,63.3430309,28.55403816
06-09-2025 00:49,20.75047355,65.38407842,38.02728895,33.88741769
06-09-2025 00:50,29.49017491,156.6250917,83.06143012,61.81386144
06-09-2025 00:51,17.95079049,56.49354595,55.70202554,35.85405087
06-09-2025 00:52,34.74311004,117.3436819,34.88659856,42.04044454
06-09-2025 00:53,27.24602223,176.3955835,89.22767359,70.18373993
06-09-2025 00:54,29.7399372,75.93145649,91.59855071,49.95436673
06-09-2025 00:55,30.16265952,174.0202632,58.87468287,70.56031778
06-09-2025 00:56,22.68555559,95.33201416,81.51577606,48.49660546
06-09-2025 00:57,17.39970386,101.2794803,18.34219053,34.60510102
06-09-2025 00:58,19.99361838,196.7379699,75.20548747,51.08544665
06-09-2025 00:59,30.78611276,93.68090917,87.77566164,29.77158974
06-09-2025 01:00,25.04547629,127.4078585,68.83913347,23.43998744
06-09-2025 01:01,25.40003803,182.554218,16.38458007,20.90840055
06-09-2025 01:02,21.37614745,155.4313185,27.37831671,35.29180191
06-09-2025 01:03,20.22575954,185.2961595,74.10628676,57.81944143
06-09-2025 01:04,21.81710163,84.03898093,43.2933143,71.21616766
06-09-2025 01:05,27.29479341,56.29840825,48.28990786,46.98713393
06-09-2025 01:06,27.22998323,164.8423881,62.08060664,33.98633879
06-09-2025 01:07,27.50709313,81.8394023,24.39849508,57.31715413
06-09-2025 01:08,19.6382145,104.4389379,36.14148133,54.01251899
06-09-2025 01:09,17.71479335,64.31026515,47.52227757,32.49028799
06-09-2025 01:10,26.83647689,157.3310957,89.88733629,71.42573395
06-09-2025 01:11,23.46423511,161.7368461,70.73889748,79.00579735
06-09-2025 01:12,27.99584132,183.923933,18.64459971,24.25435286
06-09-2025 01:13,25.65082277,110.6033058,80.75317542,29.08009253
06-09-2025 01:14,34.88648295,137.3588618,12.01584782,44.34588261
06-09-2025 01:15,34.77568406,155.9427691,25.66823388,55.93241534
06-09-2025 01:16,19.23260597,146.7315944,73.88649263,23.88125967
06-09-2025 01:17,20.71204922,127.7980621,63.96728873,28.50741892
06-09-2025 01:18,25.35777796,146.4889839,68.75389716,77.64659443
06-09-2025 01:19,20.38666757,129.1737389,44.34531701,71.65928792
06-09-2025 01:20,19.84496393,62.54668177,69.86719482,23.61415277
06-09-2025 01:21,33.01838358,135.1987875,55.0501376,63.57014837
06-09-2025 01:22,34.89213176,199.7038899,39.60942846,59.33592672
06-09-2025 01:23,17.68771978,89.52520321,40.97381441,38.48800594
06-09-2025 01:24,32.04392728,132.2772869,10.67383938,34.21101024
06-09-2025 01:25,23.72713845,168.9321199,94.74985037,78.05601024
06-09-2025 01:26,29.16356806,154.3405175,35.14535423,52.3429108
06-09-2025 01:27,23.32398745,99.67927524,15.86794849,70.4249315
06-09-2025 01:28,21.57186156,121.9052063,30.71858521,79.70640104
06-09-2025 01:29,31.8770623,117.9273355,92.94481674,74.57247174
06-09-2025 01:30,15.94158379,103.1802563,39.07809742,78.22812148
06-09-2025 01:31,26.54146373,57.57562622,52.23371479,51.54437604
06-09-2025 01:32,24.08751451,199.446266,45.69672306,41.87915595
06-09-2025 01:33,19.52091501,85.10093464,77.97957387,77.39929972
06-09-2025 01:34,18.34030533,105.8898105,91.71337018,36.28111904
06-09-2025 01:35,19.22495351,196.6799317,17.41124184,76.34171165
06-09-2025 01:36,31.926509,68.74272553,55.417769,72.61692992
06-09-2025 01:37,25.05492845,195.5949915,20.17835729,23.5227737
06-09-2025 01:38,24.16256421,92.53447739,64.14575325,48.7064319
06-09-2025 01:39,24.45310352,97.03935202,99.37698028,52.04268297
06-09-2025 01:40,25.63547387,109.1302775,47.905444,63.31311656
06-09-2025 01:41,16.76513467,130.2257574,28.37958864,74.17423799
06-09-2025 01:42,32.51469067,182.0572421,72.54378035,27.55493102
06-09-2025 01:43,29.1534638,186.8478796,16.53578177,55.83277472
06-09-2025 01:44,33.6924234,137.1667832,31.49449399,24.10439636
06-09-2025 01:45,19.47455318,152.1302515,35.31507307,35.84324954
06-09-2025 01:46,30.70025718,166.4863905,82.92455881,39.31613916
06-09-2025 01:47,31.48156544,188.9051938,40.75769309,32.23710533
06-09-2025 01:48,24.93735693,108.9583951,71.96359592,31.22320078
06-09-2025 01:49,30.26283413,66.70375005,95.81616857,50.2106483
06-09-2025 01:50,34.11430529,171.2632404,94.46279845,73.24925855
06-09-2025 01:51,20.84015713,126.0194933,39.74536298,61.0033424
06-09-2025 01:52,16.73168611,100.186428,85.96774629,71.43433854
06-09-2025 01:53,23.63541828,123.6028125,45.04905965,45.6114251
06-09-2025 01:54,31.32687949,170.0924987,45.96463641,37.09822952
06-09-2025 01:55,23.5948521,107.5226004,21.98280353,51.54553615
06-09-2025 01:56,29.48451788,158.1376369,62.71032655,24.03041626
06-09-2025 01:57,27.53417759,84.6344575,92.47490914,67.26598522
06-09-2025 01:58,27.45101291,162.3143996,85.97390316,50.81529659
06-09-2025 01:59,19.09667124,190.4911553,14.23374039,61.28976694
06-09-2025 02:00,23.84394725,77.54262398,93.01139037,43.57090606
06-09-2025 02:01,21.43022006,171.9484497,22.92304606,37.54126433
06-09-2025 02:02,20.32290254,120.7220742,83.89453463,69.65147747
06-09-2025 02:03,17.19446933,149.9279282,25.01028307,46.19617948
06-09-2025 02:04,24.14860005,77.7864192,79.1247343,68.85692319
06-09-2025 02:05,27.54579379,97.26041518,51.23046968,32.21507564
06-09-2025 02:06,25.35067164,142.9513497,54.96208566,35.17991207
06-09-2025 02:07,24.76126308,196.2544093,30.3210957,79.72397173
06-09-2025 02:08,34.07993818,50.70682576,99.55235792,47.95022827
06-09-2025 02:09,28.01455885,139.5815417,90.58663299,69.99085253
06-09-2025 02:10,21.59560686,69.80516316,30.50705678,79.44620196
06-09-2025 02:11,27.11935569,118.7347339,67.39080902,60.03877113
06-09-2025 02:12,31.94451234,101.5545746,24.13208809,33.11806048
06-09-2025 02:13,27.66147803,152.6629523,51.842258,46.039013
06-09-2025 02:14,26.90961795,82.13434283,93.88810394,76.58648258
06-09-2025 02:15,27.05395258,136.8905918,12.16523433,39.20743512
06-09-2025 02:16,18.58663269,110.7255075,50.55707734,68.92040793
06-09-2025 02:17,23.88119048,182.1973846,97.94143036,31.21743291
06-09-2025 02:18,24.37242687,187.2291081,84.56879342,22.86447208
06-09-2025 02:19,30.8537701,99.7811879,75.58517223,66.24023047
06-09-2025 02:20,16.50211661,118.7656954,85.02844295,25.59398867
06-09-2025 02:21,20.58617933,55.06329788,34.97067243,71.22520693
06-09-2025 02:22,22.12636145,142.9356548,90.24835687,44.59252077
06-09-2025 02:23,21.9086733,170.9422329,57.82208917,59.5865312
06-09-2025 02:24,16.44846517,94.47774488,54.0917562,43.55991058
06-09-2025 02:25,27.87696548,58.51867173,98.67169142,30.42040286
06-09-2025 02:26,26.6016051,199.2497573,13.35846425,57.88937264
06-09-2025 02:27,29.6834171,144.8334848,48.70355527,68.14266345
06-09-2025 02:28,22.39278692,75.58200425,83.51966074,74.51347245
06-09-2025 02:29,32.3775739,163.944939,22.23962337,28.79021684
06-09-2025 02:30,21.66605018,130.7392491,44.28995339,50.55589146
06-09-2025 02:31,28.02701362,65.51037101,96.19956815,28.43819542
06-09-2025 02:32,29.17488487,86.90115077,32.75912658,54.95879669
06-09-2025 02:33,33.7848284,125.3090772,21.87079587,78.50483818
06-09-2025 02:34,25.61478291,190.4019563,23.02657554,69.94555098
06-09-2025 02:35,20.85576441,69.08900182,71.54620224,63.86715784
06-09-2025 02:36,27.7682753,191.7491463,60.75572369,21.18038549
06-09-2025 02:37,27.29007208,161.80465,58.3404287,20.90513663
06-09-2025 02:38,27.8945787,128.4056994,28.42049785,65.44019023
06-09-2025 02:39,29.01637219,132.5981298,20.52412753,31.16287434
06-09-2025 02:40,31.53150915,115.4790487,26.95716726,39.99104894
06-09-2025 02:41,39.6411345,158.1379141,96.29053828,21.64097906
06-09-2025 02:42,23.50193054,90.30780612,65.20960927,68.09189902
06-09-2025 02:43,30.07807714,81.80295897,29.9450327,53.85861046
06-09-2025 02:44,24.25468899,73.56302565,63.91653681,62.05090288
06-09-2025 02:45,18.87209046,144.6083359,75.23784337,22.94953636
06-09-2025 02:46,30.98807926,53.63167525,21.17047095,68.46794843
06-09-2025 02:47,25.45049658,92.65471734,29.03575612,46.48686649
06-09-2025 02:48,16.84435411,148.280931,20.81665129,54.01507128
06-09-2025 02:49,23.69220545,165.4875342,36.56365421,37.58377445
06-09-2025 02:50,21.07024875,109.5647883,64.82651215,56.89199633
06-09-2025 02:51,17.21003409,155.8915762,20.58381013,42.77995398
06-09-2025 02:52,25.00183811,102.3466524,83.05746983,60.13139874
06-09-2025 02:53,24.03537728,157.3208389,80.88974987,77.74171025
06-09-2025 02:54,21.22718556,129.7331557,54.68676147,71.77774682
06-09-2025 02:55,24.06626507,87.59753031,16.8849081,67.03807176
06-09-2025 02:56,19.01906341,141.4121953,12.20601248,40.10137818
06-09-2025 02:57,21.86229652,134.219602,60.83377726,69.10106011
06-09-2025 02:58,18.41577623,82.18088792,67.74105791,44.33197385
06-09-2025 02:59,28.53179296,81.47948488,69.40211637,57.86480399
06-09-2025 03:00,33.40667518,99.78496226,53.02701285,60.63685951
06-09-2025 03:01,33.40096603,159.3916596,33.1460915,78.63558984
06-09-2025 03:02,41.71002034,85.07581171,57.70438026,36.88234517
06-09-2025 03:03,26.64786327,87.42540759,75.33198125,34.87375391
06-09-2025 03:04,26.44675344,146.8378254,79.09679016,60.95302217
06-09-2025 03:05,17.43827405,88.17486317,90.27975256,32.62328236
06-09-2025 03:06,28.69272612,91.39152728,83.45687035,41.74232485
06-09-2025 03:07,26.10390685,78.16097492,72.90896408,22.0704076
06-09-2025 03:08,32.13532769,140.8849276,90.02527643,44.33551849
06-09-2025 03:09,23.69074619,169.9523917,92.28390485,40.35476156
06-09-2025 03:10,33.33876825,138.0458414,85.81780427,21.9602484
06-09-2025 03:11,14.18340647,50.22284528,27.00994087,54.033836
06-09-2025 03:12,29.58737876,80.78540084,73.66310343,57.66123469
06-09-2025 03:13,38.49659591,59.60694942,96.25201528,29.34349897
06-09-2025 03:14,26.61431336,55.70053363,97.49024752,67.05989808
06-09-2025 03:15,18.62905971,92.30365127,55.27557215,74.88184975
06-09-2025 03:16,29.40387643,192.5020493,39.41041628,49.16302486
06-09-2025 03:17,26.81799846,74.94020998,22.87006702,54.44049481
06-09-2025 03:18,18.63474892,160.0448973,79.09139308,49.3117008
06-09-2025 03:19,26.93701738,53.42405272,25.63743223,20.64905134
06-09-2025 03:20,25.86073937,158.4629071,54.21429494,22.20203528
06-09-2025 03:21,25.92316099,196.9454865,87.80006655,23.88052096
06-09-2025 03:22,24.3216516,138.1865714,58.68802172,43.2250174
06-09-2025 03:23,27.75057806,172.4427957,30.1081327,28.07209876
06-09-2025 03:24,24.74664072,57.00314083,18.79673935,65.91983603
06-09-2025 03:25,31.11156514,193.5076547,43.49555974,45.51114253
06-09-2025 03:26,21.36823636,64.34669427,46.89880542,38.49860517
06-09-2025 03:27,25.04791896,70.44811294,95.63223831,57.21734356
06-09-2025 03:28,29.10909493,71.27796976,71.79196754,51.68420715
06-09-2025 03:29,27.89593313,137.7640287,36.13093633,37.22216397
06-09-2025 03:30,19.01270161,190.9996511,76.23701992,54.03696975
06-09-2025 03:31,26.05961837,189.6671594,59.41039513,32.52697463
06-09-2025 03:32,25.87178001,144.1371571,89.8744681,45.01301531
06-09-2025 03:33,28.28072727,194.0282787,69.889651,45.30467526
06-09-2025 03:34,28.3642403,156.3237244,55.80129023,74.01046582
06-09-2025 03:35,21.80114263,191.403844,32.11927055,78.67668766
06-09-2025 03:36,25.92048396,164.8119243,96.42989598,44.20434352
06-09-2025 03:37,19.86312534,99.40548205,38.32861041,31.95680954
06-09-2025 03:38,24.84766319,133.0288285,94.3897427,60.48396903
06-09-2025 03:39,35.97808222,88.20705497,56.11225817,26.88498393
06-09-2025 03:40,26.56827672,82.62689279,32.21140462,68.43832659
06-09-2025 03:41,20.68387556,96.35612354,91.25464466,36.41141444
06-09-2025 03:42,39.62243372,118.9873352,97.1798101,43.61259727
06-09-2025 03:43,28.89169537,102.9602933,58.42772601,47.24676503
06-09-2025 03:44,21.61672834,141.3975461,14.6195274,54.16605159
06-09-2025 03:45,15.89183275,187.0475727,45.39085749,31.05587143
06-09-2025 03:46,20.11464365,168.6498464,11.87063456,55.23149621
06-09-2025 03:47,25.84729964,117.5347969,24.72478402,56.94409177
06-09-2025 03:48,23.25238429,88.98989303,13.09436226,66.54689159
06-09-2025 03:49,26.09100844,165.8666896,72.77364287,75.17292505
06-09-2025 03:50,16.99507933,52.3075115,22.89127168,72.84386889
06-09-2025 03:51,21.27068201,181.0312515,44.3510585,62.76198607
06-09-2025 03:52,22.60149131,79.27437705,96.31916344,56.06100946
06-09-2025 03:53,21.52190397,77.89180671,29.85074789,71.43225896
06-09-2025 03:54,26.80696674,123.0332948,86.3057786,52.40910139
06-09-2025 03:55,9.668354127,134.661416,58.24651728,73.81187953
06-09-2025 03:56,29.11952115,58.48309538,33.60084458,59.35173223
06-09-2025 03:57,19.78457582,171.5266374,76.92799253,78.38333204
06-09-2025 03:58,31.80909549,57.07838911,44.80839066,29.87621017
06-09-2025 03:59,15.28984659,147.2013722,57.01990239,25.69899313
06-09-2025 04:00,19.33486536,140.5303979,20.2937798,44.93863007
06-09-2025 04:01,23.20291788,56.95652631,94.43955832,35.58562667
06-09-2025 04:02,35.08197087,56.9492779,77.96957007,62.94294629
06-09-2025 04:03,31.82412148,133.1843275,92.23184187,76.54911716
06-09-2025 04:04,25.0861488,176.2564521,59.519343,43.87099915
06-09-2025 04:05,21.43803229,133.5692043,64.12149579,37.73197425
06-09-2025 04:06,30.32682937,91.16981388,84.53758544,43.15988168
06-09-2025 04:07,30.61698228,57.92696691,49.0876821,53.49412278
06-09-2025 04:08,28.28065108,192.4978441,89.97979322,46.3939099
06-09-2025 04:09,21.94062228,82.47069236,71.23714622,57.45715232
06-09-2025 04:10,22.85202438,88.0179947,85.54215783,24.99660859
06-09-2025 04:11,25.67284018,61.54519928,89.63793433,29.13622552
06-09-2025 04:12,32.97817233,132.0977796,80.98653277,60.86906418
06-09-2025 04:13,26.36521697,171.7349948,70.69464333,60.36463397
06-09-2025 04:14,35.84080426,108.7687703,28.05785082,31.79565594
06-09-2025 04:15,27.63114976,143.9463869,29.02396424,66.56275421
06-09-2025 04:16,22.79306963,133.5684126,78.92933052,56.06506859
06-09-2025 04:17,34.9793744,155.0846873,41.20523083,36.90894777
06-09-2025 04:18,19.45623787,95.46120913,98.7263852,24.9835057
06-09-2025 04:19,19.81455401,88.46693455,81.76276103,21.58729263
06-09-2025 04:20,16.02123752,150.9397051,10.31828843,37.72404619
06-09-2025 04:21,25.81073805,52.2907974,63.81902611,30.60037349
06-09-2025 04:22,26.93321417,66.17545513,92.93846476,56.38115729
06-09-2025 04:23,27.05320005,152.3188985,54.7435934,72.50788188
06-09-2025 04:24,25.22542067,159.3250986,48.78444939,61.81045501
06-09-2025 04:25,21.61125181,84.93723592,97.82283177,67.35779909
06-09-2025 04:26,29.39867366,114.8881828,44.42447098,58.12996523
06-09-2025 04:27,25.98827341,185.4879145,83.8698896,71.9187141
06-09-2025 04:28,24.19705198,109.7752333,68.25632223,44.82765878
06-09-2025 04:29,28.28549384,73.50862062,22.78817127,42.27829817
06-09-2025 04:30,28.9148318,115.886442,60.77945418,21.97039619
06-09-2025 04:31,33.92277663,142.3967306,15.60874172,36.50503554
06-09-2025 04:32,23.46896585,59.35736103,97.83498344,43.88388579
06-09-2025 04:33,28.82323459,143.4531125,26.29566625,48.99321248
06-09-2025 04:34,27.46015267,181.7103636,31.49527403,52.97721003
06-09-2025 04:35,15.79262933,182.1482734,66.77782383,71.208879
06-09-2025 04:36,29.11248281,129.4582828,37.43582135,73.25848617
06-09-2025 04:37,23.97397974,64.58291116,93.34308761,49.54044924
06-09-2025 04:38,27.01405579,143.2427786,31.4518837,65.95757508
06-09-2025 04:39,17.87668649,161.0423232,23.05195467,75.47301593
06-09-2025 04:40,26.29793275,114.6368696,43.79538884,63.12362934
06-09-2025 04:41,19.96833674,110.489537,21.48319812,49.63747778
06-09-2025 04:42,27.52264581,61.18526924,94.24040705,34.22909564
06-09-2025 04:43,24.51914041,128.0514917,63.47349704,37.07815515
06-09-2025 04:44,13.41977432,108.9536665,82.75339077,31.65500969
06-09-2025 04:45,22.75915586,186.4288004,92.74589544,74.88888814
06-09-2025 04:46,25.78695697,181.5927503,57.67772053,56.25400721
06-09-2025 04:47,33.0477853,139.0857618,62.8077542,27.97944831
06-09-2025 04:48,21.25008934,162.7300485,76.7884387,76.10030807
06-09-2025 04:49,29.13390533,160.5786736,57.97202941,58.3013477
06-09-2025 04:50,28.48763602,96.51330417,93.18496817,68.7454024
06-09-2025 04:51,35.58532959,79.59218713,12.21749705,79.82014004
06-09-2025 04:52,29.95837797,105.9849928,78.69447144,44.02529846
06-09-2025 04:53,31.76410609,87.62029053,84.12122509,44.16478292
06-09-2025 04:54,19.33642378,97.85521738,97.98946851,75.88900685
06-09-2025 04:55,27.49593211,100.809053,62.12413527,33.66676531
06-09-2025 04:56,25.9673726,107.884016,17.64127401,68.92474422
06-09-2025 04:57,26.05566826,71.41635955,48.25470005,68.24137882
06-09-2025 04:58,23.66458692,157.3372134,94.73356269,71.97621549
06-09-2025 04:59,13.58764249,172.0035549,96.15136056,49.34669688
06-09-2025 05:00,16.30167637,50.80852632,80.90670419,32.65531821
06-09-2025 05:01,24.96611058,110.0135288,44.35069345,62.43902383
06-09-2025 05:02,21.02259469,141.7362897,86.46852917,66.04426446
06-09-2025 05:03,30.34933374,78.64064697,59.37857788,35.9330597
06-09-2025 05:04,26.98157184,114.7585488,36.04013072,73.7067768
06-09-2025 05:05,29.12593566,191.0358651,66.01246142,25.92437236
06-09-2025 05:06,24.92842385,144.5614917,94.65101838,64.33033742
06-09-2025 05:07,31.65569696,73.25933782,14.74940264,29.11186202
06-09-2025 05:08,27.19970395,189.4949089,62.44892648,50.1455474
06-09-2025 05:09,22.20541798,164.4148796,75.25882628,43.43715076
06-09-2025 05:10,16.83007794,151.0879254,53.10643123,45.54605245
06-09-2025 05:11,18.33788405,61.2393664,89.46281164,46.72073388
06-09-2025 05:12,22.84123608,86.42685109,70.181413,36.65710833
06-09-2025 05:13,21.36691825,145.7193217,76.8136245,28.97290992
06-09-2025 05:14,27.68536608,68.76090885,25.08110717,61.43273062
06-09-2025 05:15,25.82374352,54.1802897,98.86310434,24.88241146
06-09-2025 05:16,24.36589544,159.1018486,86.91400171,20.93169666
06-09-2025 05:17,28.7746937,129.4231169,94.24507802,56.05533565
06-09-2025 05:18,24.76269908,92.32816274,76.71528166,75.90939695
06-09-2025 05:19,16.8694374,158.6363128,49.64491219,43.80435127
06-09-2025 05:20,19.92800394,133.3329411,97.16827009,60.37051017
06-09-2025 05:21,20.39233851,178.9694737,47.60787807,65.08353327
06-09-2025 05:22,24.73405028,196.1304028,27.1723703,24.00630907
06-09-2025 05:23,26.73588354,131.7993792,39.26782872,54.40283675
06-09-2025 05:24,26.98303389,120.3561371,82.27202796,30.97039327
06-09-2025 05:25,28.13807249,145.6356238,72.3664019,56.33575977
06-09-2025 05:26,29.56612148,70.60730182,96.64943457,77.95245976
06-09-2025 05:27,23.03422976,109.1230633,98.7977179,39.58334957
06-09-2025 05:28,18.44845976,190.6600406,72.57504453,62.26194326
06-09-2025 05:29,21.87498166,57.77579251,76.82004175,24.40522376
06-09-2025 05:30,26.34500545,177.2031266,66.29822085,43.84943778
06-09-2025 05:31,25.68319693,147.9550235,90.27657497,65.39917839
06-09-2025 05:32,29.22140249,140.8696055,13.36257428,34.50286765
06-09-2025 05:33,25.1566074,194.343284,11.32005823,64.10859593
06-09-2025 05:34,22.83389412,173.8293802,52.63483131,32.67614298
06-09-2025 05:35,32.71999586,122.9215322,19.99600433,30.48388673
06-09-2025 05:36,25.54375378,150.0882658,56.29956504,51.55969565
06-09-2025 05:37,27.15802102,85.42154586,45.25677192,33.53819962
06-09-2025 05:38,19.86242825,193.2739885,49.94894308,60.52331756
06-09-2025 05:39,20.92783217,81.90491241,28.04340243,39.72839574
06-09-2025 05:40,20.73844202,164.6217582,17.60830008,59.72537882
06-09-2025 05:41,24.37065045,105.6412789,91.13155026,47.40093952
06-09-2025 05:42,27.18358318,103.2314794,80.28659083,35.52493976
06-09-2025 05:43,26.68704524,146.6240305,49.7851169,39.8913598
06-09-2025 05:44,25.94856142,165.4853471,64.29068007,77.27654309
06-09-2025 05:45,17.14489344,162.3628898,60.34831185,43.88495166
06-09-2025 05:46,26.349712,56.10196323,80.22566669,71.72745216
06-09-2025 05:47,27.66694807,127.7107854,18.16785002,51.79642048
06-09-2025 05:48,24.02399406,104.3469708,57.80818227,66.09851469
06-09-2025 05:49,30.54539421,196.5144084,60.37627066,39.32351348
06-09-2025 05:50,21.39804376,169.957695,33.04643739,31.96313878
06-09-2025 05:51,26.90340642,175.6244845,34.7942577,36.41092531
06-09-2025 05:52,24.13439892,90.1497399,53.0801128,20.54780771
06-09-2025 05:53,21.21801621,165.3998675,50.17888351,29.87814989
06-09-2025 05:54,21.34493627,72.3051842,98.42038029,72.89428478
06-09-2025 05:55,19.65509372,160.8260883,48.21734262,69.14093367
06-09-2025 05:56,27.99543187,113.9927085,77.91136316,67.5254938
06-09-2025 05:57,28.89309424,104.4629999,59.06028307,78.51811317
06-09-2025 05:58,31.20515123,125.5554633,29.4709021,51.91149266
06-09-2025 05:59,24.33331786,99.99541035,43.3540531,43.9604224
06-09-2025 06:00,29.72333218,115.7916363,41.82959739,36.27553292
06-09-2025 06:01,24.57096586,129.558781,47.08603173,53.68006235
06-09-2025 06:02,14.6879381,63.94599326,36.97809828,62.38268478
06-09-2025 06:03,33.50464817,166.9750976,74.31973511,64.32049181
06-09-2025 06:04,19.21114966,96.46545954,82.49692273,34.76920982
06-09-2025 06:05,33.6337181,182.9639468,49.64204873,29.58227074
06-09-2025 06:06,20.23264181,163.0273088,73.87520758,28.76306076
06-09-2025 06:07,30.89525948,129.8701416,81.88538091,52.31374193
06-09-2025 06:08,25.83275294,86.44430908,63.62938682,58.75950565
06-09-2025 06:09,22.9990424,83.88280597,28.79645473,39.84092955
06-09-2025 06:10,28.67353654,144.8659948,44.67548544,52.49988588
06-09-2025 06:11,23.74066896,144.0014662,87.33362973,45.58496169
06-09-2025 06:12,33.99772505,118.6400237,48.30210286,59.53871729
06-09-2025 06:13,23.68712449,59.69647989,75.84654413,69.51129034
06-09-2025 06:14,27.97087977,117.9440347,74.5824662,55.22380847
06-09-2025 06:15,30.55326473,173.3335587,56.15921209,52.59915717
06-09-2025 06:16,35.37649917,85.2139723,84.51232858,62.51580228
06-09-2025 06:17,24.6190143,119.1355001,55.51771595,33.15634534
06-09-2025 06:18,27.78834053,72.4474533,67.77933906,61.3507413
06-09-2025 06:19,24.16901402,85.46920817,78.94179118,26.68994531
06-09-2025 06:20,15.26202919,174.7541374,59.31776836,23.56300924
06-09-2025 06:21,27.12399993,90.29364587,89.74477126,79.54641145
06-09-2025 06:22,29.7677707,102.9880135,23.35606926,20.3849351
06-09-2025 06:23,27.86278467,189.1662729,26.59159407,37.94161357
06-09-2025 06:24,24.75140252,155.7246216,51.50741894,74.70835946
06-09-2025 06:25,14.24360654,150.6388093,61.38046739,35.21563561
06-09-2025 06:26,32.27145545,124.7825488,97.25466453,51.76116279
06-09-2025 06:27,34.11560934,107.1302117,92.68765575,24.06297504
06-09-2025 06:28,18.85631298,150.5327548,55.37599105,71.66707418
06-09-2025 06:29,28.76457899,187.1946366,47.50972718,39.04804827
06-09-2025 06:30,23.37227977,126.243152,58.83500021,34.64527937
06-09-2025 06:31,27.26316743,190.286111,22.90416642,70.2824624
06-09-2025 06:32,38.89402043,193.1921362,75.70620828,48.15683571
06-09-2025 06:33,20.72692635,53.93032954,36.96941015,67.89044538
06-09-2025 06:34,20.55849611,100.7607179,14.72123052,45.24055286
06-09-2025 06:35,19.61309552,51.09103396,43.99561599,67.2732355
06-09-2025 06:36,30.4271294,118.0338775,68.95110475,26.03481937
06-09-2025 06:37,34.86005696,79.84017176,12.39669321,74.23271785
06-09-2025 06:38,24.4011714,80.04028455,99.77237493,77.20837987
06-09-2025 06:39,29.57888135,76.34087728,74.46228298,61.14046091
06-09-2025 06:40,17.48978144,146.3826415,64.3885758,70.70524248
06-09-2025 06:41,20.0596229,95.49032368,44.37052922,69.11760218
06-09-2025 06:42,23.98519726,161.6830704,26.83164282,22.04517517
06-09-2025 06:43,27.65812084,164.7927526,97.04543386,32.43143445
06-09-2025 06:44,20.9465785,52.13639337,11.3484505,43.15746085
06-09-2025 06:45,34.64904131,143.807278,12.19388419,24.36263958
06-09-2025 06:46,17.86716048,106.8724295,36.32945907,65.90113651
06-09-2025 06:47,25.83008227,148.2636429,57.21473297,34.03555154
06-09-2025 06:48,29.02677612,101.3690108,56.95574247,64.31494954
06-09-2025 06:49,31.38907619,126.3155759,99.76664769,31.95588217
06-09-2025 06:50,17.15586627,94.04413234,81.6561259,67.01378843
06-09-2025 06:51,20.82536699,125.3080289,48.7428555,21.27117176
06-09-2025 06:52,29.81522344,95.26132288,69.59099096,72.49343935
06-09-2025 06:53,26.06097739,54.82030397,90.27045918,56.90642379
06-09-2025 06:54,33.74698105,194.9309896,97.8194035,66.18168998
06-09-2025 06:55,19.39960381,135.1509584,51.85280155,27.62475303
06-09-2025 06:56,20.20518971,139.5489572,82.74108433,50.69604004
06-09-2025 06:57,24.85259625,74.90061391,33.34210925,64.95613879
06-09-2025 06:58,24.41659337,142.1538666,71.37304751,57.33775228
06-09-2025 06:59,28.72084339,187.8592072,72.02268938,23.02918964
06-09-2025 07:00,29.25232295,195.4458393,99.14149408,79.41231574
06-09-2025 07:01,23.58132459,122.1193284,83.10396217,42.17818744
06-09-2025 07:02,26.39773905,97.34717308,21.58767009,45.76899279
06-09-2025 07:03,23.39305524,139.2522312,17.76202919,32.92940576
06-09-2025 07:04,27.08972527,194.4375124,94.17213725,40.62392647
06-09-2025 07:05,15.51476511,83.63556491,81.40195164,32.29630215
06-09-2025 07:06,23.77034826,95.96087944,26.85130338,58.29802287
06-09-2025 07:07,21.01719076,89.98142003,35.17788601,23.1735854
06-09-2025 07:08,19.51805659,59.47041086,97.04494856,27.59197355
06-09-2025 07:09,30.74939933,166.0679902,35.57003885,76.91293329
06-09-2025 07:10,18.27635195,89.09119047,72.65062904,37.13219807
06-09-2025 07:11,27.40358845,141.4288587,35.41085824,25.41212395
06-09-2025 07:12,29.35967892,133.7685724,36.12570625,20.4247975
06-09-2025 07:13,23.0691325,138.8586584,22.3818517,41.4054537
06-09-2025 07:14,23.43836622,173.9251989,36.10777353,43.71443071
06-09-2025 07:15,22.83846145,171.6280888,64.17120801,31.91661486
06-09-2025 07:16,18.93470827,78.12527297,82.998934,38.74119988
06-09-2025 07:17,21.9192217,159.1817426,33.27449754,73.28645855
06-09-2025 07:18,34.28192833,63.83062805,46.15098961,76.19660184
06-09-2025 07:19,22.37720646,185.3351179,27.93193643,59.83722449
06-09-2025 07:20,27.47664206,149.5908305,11.09700031,54.29861285
06-09-2025 07:21,19.83266402,165.5996747,82.18437867,71.43218542
06-09-2025 07:22,25.58033997,150.5101376,19.24088432,68.61577222
06-09-2025 07:23,28.62228418,163.9713589,21.24951301,64.26341445
06-09-2025 07:24,33.36406829,145.0212298,96.69439907,65.66425161
06-09-2025 07:25,30.03715989,149.9053381,99.94691915,74.4518597
06-09-2025 07:26,23.92112557,85.48643161,28.46486055,29.3492994
06-09-2025 07:27,19.50698475,88.28507347,56.74063011,76.5304333
06-09-2025 07:28,29.86115426,130.8416476,16.37006854,56.89776216
06-09-2025 07:29,25.01101673,74.6436664,48.11831215,33.56128019
06-09-2025 07:30,21.30560028,127.5834016,88.02168743,77.21722656
06-09-2025 07:31,30.27520711,144.9707187,74.86220182,33.76561012
06-09-2025 07:32,24.0406617,160.7882248,72.11666534,31.69495875
06-09-2025 07:33,26.78943274,80.88036806,59.20615812,31.99682504
06-09-2025 07:34,24.9833223,165.5529272,66.55026894,75.30662092
06-09-2025 07:35,29.07491317,66.15996228,49.89070402,69.20751828
06-09-2025 07:36,32.1086157,86.10189138,67.53072487,35.00262919
06-09-2025 07:37,30.27375553,101.254865,92.35103169,63.11313725
06-09-2025 07:38,13.56545996,158.4781666,72.1805162,52.28043084
06-09-2025 07:39,18.40917391,141.1498038,86.31781223,24.30877171
06-09-2025 07:40,27.23988511,171.924907,41.72773283,79.85460339
06-09-2025 07:41,21.3233313,146.5136015,73.53724429,46.15716894
06-09-2025 07:42,25.47674895,77.30793542,67.00290927,32.24211693
06-09-2025 07:43,18.88636304,185.4299228,85.63188004,51.86145918
06-09-2025 07:44,33.66519433,101.7547112,14.76220702,22.63685797
06-09-2025 07:45,20.89523623,99.7509088,60.64539198,57.3886266
06-09-2025 07:46,22.08266934,81.39983417,77.41585686,55.4381111
06-09-2025 07:47,19.47447037,63.77989152,48.61342467,54.14733973
06-09-2025 07:48,27.73899028,156.4993441,28.69937716,75.66011553
06-09-2025 07:49,21.53634346,129.7963241,23.30540374,50.19903514
06-09-2025 07:50,25.04878914,189.2636098,80.85184809,58.0939344
06-09-2025 07:51,24.1017108,170.1908377,70.00381446,61.49376202
06-09-2025 07:52,14.53224084,89.15441009,71.50568161,75.43125866
06-09-2025 07:53,30.05591298,160.6360878,72.96306052,39.29341824
06-09-2025 07:54,25.31182677,190.6742216,99.43081614,60.0157343
06-09-2025 07:55,27.50753054,120.2625446,30.4612641,78.70432471
06-09-2025 07:56,32.19047674,78.80448805,44.29066088,28.9576782
06-09-2025 07:57,17.24669683,188.5426777,73.39322201,67.3571274
06-09-2025 07:58,31.73028802,156.0543039,19.36748827,29.57620334
06-09-2025 07:59,25.12513184,78.14549727,89.55332127,43.10908138
06-09-2025 08:00,27.13672713,90.59335909,42.58362031,63.96765577
06-09-2025 08:01,19.73497466,118.279477,21.1422011,31.88023205
06-09-2025 08:02,22.97384841,77.21246691,83.1843548,59.66782353
06-09-2025 08:03,30.10185718,59.95958736,17.54522906,42.90957803
06-09-2025 08:04,27.54916025,175.2707482,68.32997963,20.87334564
06-09-2025 08:05,30.21544361,161.0287514,32.00201416,77.35956575
06-09-2025 08:06,32.29308218,176.7509306,80.76298626,27.71322467
06-09-2025 08:07,18.53100839,91.56043384,64.7119971,24.77740068
06-09-2025 08:08,22.54484221,116.1134914,21.89936257,47.79787538
06-09-2025 08:09,26.30850895,95.59817249,16.1128419,77.77934419
06-09-2025 08:10,32.14227484,114.9765001,60.69621634,37.5310543
06-09-2025 08:11,35.21791214,195.5546413,84.94661833,41.67683322
06-09-2025 08:12,18.72256047,91.59983984,83.95081872,57.68153587
06-09-2025 08:13,25.03706234,69.51500154,76.89139525,49.69928813
06-09-2025 08:14,22.81993462,128.463726,13.66658173,46.09011959
06-09-2025 08:15,32.56498893,133.1618365,28.96175104,68.47921091
06-09-2025 08:16,19.26168543,159.6246836,23.00039692,70.3272301
06-09-2025 08:17,33.0576058,139.3389464,52.49576388,24.62739807
06-09-2025 08:18,26.08764243,146.8791266,44.57282763,67.71271514
06-09-2025 08:19,19.97387974,146.4134817,64.2991855,68.19318313
06-09-2025 08:20,27.64440002,171.3577245,37.48753674,25.41335082
06-09-2025 08:21,22.09859169,115.8492439,22.19812009,70.06611981
06-09-2025 08:22,29.58087069,55.34199388,70.54891113,24.46990409
06-09-2025 08:23,17.13494472,118.0095972,54.75752636,77.64748972
06-09-2025 08:24,22.83125874,141.7914982,17.65835172,21.45094002
06-09-2025 08:25,20.44131334,178.5357288,11.84712635,46.37421051
06-09-2025 08:26,30.66407246,175.0212206,68.4266595,41.16199466
06-09-2025 08:27,22.3340889,82.16328811,63.61352607,77.39842632
06-09-2025 08:28,16.82944892,166.0059564,17.67693219,52.60521552
06-09-2025 08:29,25.35546126,141.4507566,95.14251066,30.14870742
06-09-2025 08:30,26.37542155,54.77464923,84.18217448,23.77434116
06-09-2025 08:31,18.73857629,180.5498959,17.75741562,68.47009442
06-09-2025 08:32,25.06636039,129.3741004,28.14686114,38.19296651
06-09-2025 08:33,23.51261639,166.4187463,88.25341781,72.87273906
06-09-2025 08:34,18.45997535,148.0738231,83.36843046,69.14875622
06-09-2025 08:35,20.8496733,122.9500491,25.14568013,54.06551385
06-09-2025 08:36,28.90924525,122.5072816,15.67015623,21.45408278
06-09-2025 08:37,26.71756224,64.61137134,28.82964994,39.14297295
06-09-2025 08:38,28.08825354,192.4250444,63.03467626,71.69261042
06-09-2025 08:39,22.23515125,80.73841646,96.55922627,24.72535055
06-09-2025 08:40,23.89511829,117.2342619,80.29463243,23.86622081
06-09-2025 08:41,19.30430725,168.8035939,28.35290398,32.30741597
06-09-2025 08:42,22.21397021,55.50715676,17.81868115,22.0874979
06-09-2025 08:43,25.16216624,99.06283961,19.59428997,47.00763287
06-09-2025 08:44,25.98715532,165.060486,57.53935649,25.58976667
06-09-2025 08:45,27.86041056,87.20819975,85.71934258,21.93756373
06-09-2025 08:46,36.657404,126.4024512,42.77392174,70.36637099
06-09-2025 08:47,26.36008365,126.9339941,37.45592593,60.54748509
06-09-2025 08:48,27.94136626,93.85148104,37.08801475,37.06864211
06-09-2025 08:49,20.67576783,147.2029158,77.05865075,55.96615404
06-09-2025 08:50,19.60513172,145.1358597,87.54697195,39.04270473
06-09-2025 08:51,23.72792787,70.67784906,73.02756024,72.21083475
06-09-2025 08:52,26.93402592,108.0832061,73.09247055,79.75976128
06-09-2025 08:53,18.04164229,139.6561927,49.31955643,23.88844695
06-09-2025 08:54,18.3513913,61.21498805,37.44932866,70.01833302
06-09-2025 08:55,21.57552984,71.19286081,61.29304149,45.51895796
06-09-2025 08:56,21.94122545,159.9808921,36.84415159,63.40818806
06-09-2025 08:57,24.42638295,145.5475425,75.86837012,71.92156473
06-09-2025 08:58,27.41844217,169.0859433,20.74754112,46.08264449
06-09-2025 08:59,28.47045285,123.1662339,72.64190135,25.91498223
06-09-2025 09:00,27.60795031,131.4694698,72.39850044,69.01286621
06-09-2025 09:01,18.70421109,183.8629409,64.85994623,22.55868964
06-09-2025 09:02,27.65951067,129.9792882,86.69379768,59.16523544
06-09-2025 09:03,17.22092922,73.19269982,54.38427121,31.60977105
06-09-2025 09:04,15.88851426,87.34755184,56.93827176,21.38440488
06-09-2025 09:05,29.57333646,130.3913953,97.94509368,41.23463308
06-09-2025 09:06,29.08933897,183.9776365,51.5473467,31.71927641
06-09-2025 09:07,29.70153894,119.1479733,40.43464162,52.25397807
06-09-2025 09:08,21.61787524,135.1505946,64.17860203,52.9294712
06-09-2025 09:09,22.12215145,127.679779,20.02206802,55.69931396
06-09-2025 09:10,26.1156497,108.649185,27.52013,67.70038325
06-09-2025 09:11,18.87704961,52.10211664,90.10358879,55.7283933
06-09-2025 09:12,25.36935823,96.49631394,44.44558789,62.36443588
06-09-2025 09:13,27.83542641,88.43288806,74.39914219,33.21434894
06-09-2025 09:14,18.56235947,54.58018502,10.66920697,73.07222589
06-09-2025 09:15,28.10425041,105.878816,78.47616091,36.60036327
06-09-2025 09:16,19.49668491,178.4160223,35.16771149,65.3601446
06-09-2025 09:17,27.34296793,79.16905961,27.37148264,25.47441691
06-09-2025 09:18,21.35394448,198.9296615,12.41945738,78.26635781
06-09-2025 09:19,25.95441155,193.9165689,11.10883913,42.19312493
06-09-2025 09:20,31.39125584,97.77772685,96.85991124,20.59613931
06-09-2025 09:21,26.6010855,112.4213531,41.89114402,58.68190768
06-09-2025 09:22,30.31026264,110.5434487,62.75008479,45.28120442
06-09-2025 09:23,27.81253074,96.63914141,50.23722233,23.18535612
06-09-2025 09:24,20.99753449,80.82833294,50.71489462,47.70966013
06-09-2025 09:25,33.64287167,50.75648669,73.86167443,23.06443815
06-09-2025 09:26,27.78745453,113.3709262,98.26306578,67.10069391
06-09-2025 09:27,17.53914072,161.160111,96.48935865,67.77367749
06-09-2025 09:28,30.05062339,129.2104821,79.92502506,79.60398235
06-09-2025 09:29,20.60201489,194.1978917,91.13986535,25.17523838
06-09-2025 09:30,20.40043734,78.41961316,13.67018624,41.94251192
06-09-2025 09:31,20.76383903,75.72265044,54.77264112,50.1045457
06-09-2025 09:32,31.97915415,139.5258866,23.96247208,77.24294857
06-09-2025 09:33,31.77670463,113.6708946,26.04338579,71.10081355
06-09-2025 09:34,15.6415899,142.4919311,44.20222998,26.46948901
06-09-2025 09:35,21.9409599,59.32651973,94.23656718,69.00765434
06-09-2025 09:36,35.84511063,136.2749092,19.96635895,63.5224614
06-09-2025 09:37,29.87926052,100.8389226,23.36293529,59.67938193
06-09-2025 09:38,25.38381994,76.9167805,18.31336944,77.74180855
06-09-2025 09:39,28.31036486,178.9471972,66.70111561,48.06565632
06-09-2025 09:40,24.71968482,53.32143856,47.59123765,71.90821736
06-09-2025 09:41,24.38244524,95.88792967,27.12726281,70.09381582
06-09-2025 09:42,16.00997876,192.5273319,55.93579029,53.04584552
06-09-2025 09:43,26.84878965,154.3368868,39.87113436,67.6233296
06-09-2025 09:44,14.63436155,195.4912089,25.53612133,48.90451666
06-09-2025 09:45,30.44827877,133.974069,49.05788592,64.19339876
06-09-2025 09:46,29.09575884,116.3456228,16.31815649,72.26231184
06-09-2025 09:47,20.64727605,120.0909429,97.81608749,41.09934863
06-09-2025 09:48,18.90978837,189.8634684,61.49676563,55.2311346
06-09-2025 09:49,18.79441399,68.07692101,55.93874071,36.56032017
06-09-2025 09:50,24.45079236,136.9797934,60.68999937,76.94738315
06-09-2025 09:51,29.15297756,175.2412292,47.30085081,24.91302059
06-09-2025 09:52,32.2495918,127.1524864,48.97389557,49.74404734
06-09-2025 09:53,23.5402975,190.3398702,89.28416931,63.05567392
06-09-2025 09:54,18.03384203,135.8026763,88.63793623,32.27749686
06-09-2025 09:55,23.16419158,165.2726145,79.89970913,58.45825157
06-09-2025 09:56,21.83307905,70.88341155,36.76680108,45.65989975
06-09-2025 09:57,34.27451103,87.14832258,67.11545166,62.04087087
06-09-2025 09:58,19.41826109,101.9845688,92.12131815,40.60092084
06-09-2025 09:59,20.11188227,160.2815295,68.0824308,63.07503628
06-09-2025 10:00,33.27104729,139.6181175,96.04195151,59.26170788
06-09-2025 10:01,26.4206388,108.4520802,56.57982388,76.57260398
06-09-2025 10:02,33.31375075,59.11608914,31.49712311,34.70892341
06-09-2025 10:03,26.33545959,83.34315204,22.0152957,42.2258542
06-09-2025 10:04,37.75233786,58.698639,69.60002688,29.02710259
06-09-2025 10:05,25.31925534,106.2100534,76.85319185,72.90686578
06-09-2025 10:06,24.0304358,98.64285501,79.25231856,24.56877565
06-09-2025 10:07,19.5680146,64.70378728,64.88029799,32.73212662
06-09-2025 10:08,29.71126389,193.003688,12.91323512,49.92756823
06-09-2025 10:09,16.35349207,105.9921936,90.83577189,51.33045862
06-09-2025 10:10,30.90681828,175.8355735,97.36844915,78.67029945
06-09-2025 10:11,19.50922206,93.238308,13.57587831,75.66272381
06-09-2025 10:12,23.4298429,185.5153064,13.37364338,79.53207461
06-09-2025 10:13,28.09238459,130.1203112,63.97746334,76.62936124
06-09-2025 10:14,29.33207115,189.4351105,60.76699682,46.89175951
06-09-2025 10:15,30.42094123,109.5396202,85.43429525,53.63138821
06-09-2025 10:16,33.21069146,140.015899,23.3336004,42.15764344
06-09-2025 10:17,28.12810204,50.49597191,61.76352941,75.10956702
06-09-2025 10:18,31.8023728,188.4488625,98.53746255,58.03151663
06-09-2025 10:19,36.6837874,186.1838932,81.96571328,46.04392679
06-09-2025 10:20,19.1120063,51.89147911,51.25593337,79.3626791
06-09-2025 10:21,28.13041427,123.1371905,20.39736693,70.03119657
06-09-2025 10:22,22.60264246,95.44633306,77.72768462,46.50158937
06-09-2025 10:23,29.44815492,147.3913417,25.02670229,78.60345046
06-09-2025 10:24,30.91780439,120.1753763,80.89591218,68.9308418
06-09-2025 10:25,22.0793939,104.5481007,36.65097455,58.92905991
06-09-2025 10:26,19.83183092,195.1069068,64.30572301,65.41082294
06-09-2025 10:27,28.73758814,144.7886928,59.48348877,39.89119858
06-09-2025 10:28,26.50632207,57.08152657,40.69241086,56.96089427
06-09-2025 10:29,25.68278795,58.37834965,29.12720982,56.86647191
06-09-2025 10:30,22.08375391,126.3817867,32.31207988,39.2409991
06-09-2025 10:31,32.7507822,168.0193257,83.79483946,35.88872272
06-09-2025 10:32,31.34404853,73.29997489,42.86486223,43.99824616
06-09-2025 10:33,20.24949753,70.07635888,67.85091571,43.26699473
06-09-2025 10:34,19.85756933,136.2397766,40.64872352,59.71323571
06-09-2025 10:35,24.94362074,53.33279149,10.62405816,40.69049471
06-09-2025 10:36,19.92833571,162.1859378,94.16074246,74.96266489
06-09-2025 10:37,32.58962401,184.9327396,45.02512112,36.55603528
06-09-2025 10:38,18.77884371,102.728504,85.1149942,76.81912022
06-09-2025 10:39,24.99351334,127.2492678,69.2639188,31.99075387
06-09-2025 10:40,23.9289781,115.5266693,53.26672743,42.15812483
06-09-2025 10:41,30.48956146,168.8216265,37.87277481,41.83302284
06-09-2025 10:42,17.0763563,186.29253,74.48204477,69.34965356
06-09-2025 10:43,26.11387612,172.9700812,94.23575699,73.14892018
06-09-2025 10:44,31.24964739,173.9800866,85.28607682,74.78651549
06-09-2025 10:45,23.1792258,130.8574537,61.9572385,33.85625459
06-09-2025 10:46,21.52586137,173.563159,79.63438159,63.24329528
06-09-2025 10:47,23.31733329,95.94940252,43.50306931,49.75020721
06-09-2025 10:48,31.83310708,90.14665599,71.79555853,62.05378814
06-09-2025 10:49,28.2455632,175.5254206,17.19915531,53.14105781
06-09-2025 10:50,24.05908216,125.6293113,91.11813793,72.46494489
06-09-2025 10:51,24.5651395,153.309443,26.88251256,34.52022143
06-09-2025 10:52,20.27345134,159.1416315,34.67131993,54.71341108
06-09-2025 10:53,17.17750365,171.8056464,73.44435847,64.52385652
06-09-2025 10:54,34.04926554,89.2087478,32.47332942,49.11892472
06-09-2025 10:55,16.40197084,86.92121751,74.31009659,42.79778677
06-09-2025 10:56,23.32219885,83.08516954,42.66026189,67.95709761
06-09-2025 10:57,30.46324063,61.75920694,26.56120035,73.01032034
06-09-2025 10:58,19.17868919,88.18791251,63.39895629,79.34103697
06-09-2025 10:59,22.3353661,131.0742736,57.5043508,74.65950148
06-09-2025 11:00,24.14563492,89.26230625,35.28213405,59.68491717
06-09-2025 11:01,24.86313049,53.37994649,58.73881128,32.07919415
06-09-2025 11:02,28.91602629,147.1654407,54.62339451,48.47147216
06-09-2025 11:03,30.54745286,84.79688527,10.11626715,27.19166727
06-09-2025 11:04,31.36314645,96.79869262,80.26254981,75.28455743
06-09-2025 11:05,22.2728759,185.9767068,49.04597246,54.17416508
06-09-2025 11:06,36.84834931,89.56429796,67.9980734,76.9330593
06-09-2025 11:07,28.06790632,68.84520625,30.84689379,79.59068344
06-09-2025 11:08,22.72480334,198.6686485,91.45991262,58.59415461
06-09-2025 11:09,21.6478343,50.94921534,29.83734244,55.71776728
06-09-2025 11:10,18.22567026,122.2744473,58.96206157,30.56041599
06-09-2025 11:11,35.0061569,68.17565413,87.32098618,29.86386175
06-09-2025 11:12,24.46184665,138.1522484,76.44418701,79.07283318
06-09-2025 11:13,18.1140456,63.51510454,81.75093054,52.41510016
06-09-2025 11:14,14.19877127,88.42494253,94.34578062,38.4076957
06-09-2025 11:15,26.45097384,69.89287988,50.72799591,35.04949095
06-09-2025 11:16,24.93890781,110.8303221,76.4826565,58.68279213
06-09-2025 11:17,24.02865288,145.4954116,11.8972079,68.34362608
06-09-2025 11:18,29.99294267,192.1488365,75.06608739,41.02344548
06-09-2025 11:19,21.58051597,145.5081628,36.08982144,32.12424671
06-09-2025 11:20,22.27883395,124.8589121,77.55214585,71.39991924
06-09-2025 11:21,30.37795479,187.8909335,76.12379299,30.60136799
06-09-2025 11:22,28.74606837,196.3362322,32.57930165,21.38521927
06-09-2025 11:23,24.21158645,115.4566862,24.47103888,32.51210987
06-09-2025 11:24,35.77352426,77.21689304,19.7109734,67.97048054
06-09-2025 11:25,27.48487638,146.2630113,28.33237944,61.99264527
06-09-2025 11:26,36.26420086,179.1180898,49.98122749,21.28896435
06-09-2025 11:27,21.05544969,158.166994,45.46583567,27.47320751
06-09-2025 11:28,33.77884643,160.7653543,13.32779944,21.45599342
06-09-2025 11:29,18.82131361,193.556941,49.38709245,47.51280062
06-09-2025 11:30,28.42435949,197.1635873,95.46585131,59.44498744
06-09-2025 11:31,27.7251054,63.63337714,33.36728769,43.54058749
06-09-2025 11:32,28.25045275,125.6103517,63.5861478,79.43624386
06-09-2025 11:33,28.76292434,189.0674634,99.63557279,58.66513718
06-09-2025 11:34,22.16698607,60.25311593,73.53593682,32.01275976
06-09-2025 11:35,21.00947069,174.4855395,62.20527837,42.23490886
06-09-2025 11:36,28.22869564,68.08167454,24.55903595,70.0759327
06-09-2025 11:37,14.94921971,144.1689825,71.17374301,35.07790639
06-09-2025 11:38,27.92614605,169.6530742,87.73914742,54.32052977
06-09-2025 11:39,18.16399753,77.06332813,30.62080999,52.53227772
06-09-2025 11:40,23.27834283,192.5302678,17.77602255,75.18337282
06-09-2025 11:41,20.16278818,80.10395,17.91310441,73.04226903
06-09-2025 11:42,29.258015,62.60513634,88.62107269,79.16960461
06-09-2025 11:43,34.90278246,170.9028504,29.9560034,26.09767882
06-09-2025 11:44,21.76817691,199.4080015,98.07176741,46.09916671
06-09-2025 11:45,24.39906025,65.96526504,83.47517239,20.80847053
06-09-2025 11:46,24.20356249,139.8547237,42.5628704,31.47244648
06-09-2025 11:47,28.31884616,154.4494462,23.690784,46.58737764
06-09-2025 11:48,29.93505688,97.917147,77.69813684,20.00598363
06-09-2025 11:49,25.6572455,64.09873552,25.13953159,33.9965346
06-09-2025 11:50,27.73584004,69.33471538,99.48436379,21.21750157
06-09-2025 11:51,23.88498714,133.650093,36.37038732,54.02650267
06-09-2025 11:52,30.66637985,158.9376469,73.04181609,39.69915465
06-09-2025 11:53,15.83373323,182.4417935,54.05061428,37.17942125
06-09-2025 11:54,15.07421439,82.54044497,20.89752593,64.0802722
06-09-2025 11:55,22.5370789,137.6865147,65.48379697,63.95942387
06-09-2025 11:56,17.76593016,74.46523327,86.93668463,32.97471137
06-09-2025 11:57,33.14177104,74.40245109,71.02249853,48.11723284
06-09-2025 11:58,24.8079909,170.0344117,94.37237388,39.65491547
06-09-2025 11:59,17.69642549,138.5324198,18.11879057,36.16511701
06-09-2025 12:00,26.57664946,135.0178233,70.565101,71.67197388
06-09-2025 12:01,25.08945257,177.0511363,16.88912944,22.02155235
06-09-2025 12:02,18.50355509,107.1872031,75.05072099,58.42022655
06-09-2025 12:03,33.88245423,138.0315858,27.11242244,38.91083315
06-09-2025 12:04,23.01725514,93.1325803,77.91290734,68.51501754
06-09-2025 12:05,21.12668481,61.01202627,66.24997853,77.18130766
06-09-2025 12:06,34.07848011,106.1074051,34.53292885,20.55691024
06-09-2025 12:07,30.35686021,77.87238993,78.16676068,64.30961898
06-09-2025 12:08,19.33460793,86.57733844,67.52129654,28.16254742
06-09-2025 12:09,30.30428519,130.4083986,53.26928854,34.68989544
06-09-2025 12:10,27.55144596,69.35307134,79.24785881,59.15407559
06-09-2025 12:11,18.66176769,134.8426912,81.69289474,58.94608645
06-09-2025 12:12,19.25756854,103.5212735,88.19164754,53.86981495
06-09-2025 12:13,10.6733717,101.4734226,53.40416567,53.41596433
06-09-2025 12:14,22.75999072,181.9120335,87.5683476,44.93520613
06-09-2025 12:15,26.09242173,55.20308069,55.43512953,69.74702073
06-09-2025 12:16,32.21086886,180.8850116,90.27232367,72.5730563
06-09-2025 12:17,32.23282129,129.3836268,15.5385505,49.33784268
06-09-2025 12:18,26.63616854,173.6568492,64.43148724,54.09064705
06-09-2025 12:19,26.14937535,162.2041736,36.47047909,38.96426678
06-09-2025 12:20,26.74186054,140.0088834,84.57231661,25.44539452
06-09-2025 12:21,24.49004017,157.9204715,48.76841622,25.53169391
06-09-2025 12:22,26.32528817,74.95189294,80.39763226,49.93731477
06-09-2025 12:23,29.19434023,178.9941065,94.8083818,49.11837631
06-09-2025 12:24,32.35618484,185.3314362,72.16429056,76.42645244
06-09-2025 12:25,17.41276273,99.98647605,26.28081791,72.92629743
06-09-2025 12:26,28.41049625,162.1033347,75.91536398,58.05498866
06-09-2025 12:27,27.82380273,175.393216,39.74009519,26.71402439
06-09-2025 12:28,17.62890592,151.8307386,97.7874527,59.13979762
06-09-2025 12:29,22.09620452,160.191519,18.36566454,72.45400909
06-09-2025 12:30,17.91393139,64.69322705,64.43756837,32.1677748
06-09-2025 12:31,28.34609753,142.2428653,52.74504615,73.68051198
06-09-2025 12:32,18.77088706,101.1727316,13.38532743,49.33539835
06-09-2025 12:33,24.81287867,92.94912554,53.07572979,73.58171641
06-09-2025 12:34,25.58644511,96.07161614,42.66055827,24.46526953
06-09-2025 12:35,28.53027533,193.0764279,69.93417604,42.6376703
06-09-2025 12:36,21.30959874,89.68167214,94.33751229,45.26208659
06-09-2025 12:37,30.57551414,189.055452,36.1498821,65.0933792
06-09-2025 12:38,27.32507571,165.9004047,72.63262184,72.30180753
06-09-2025 12:39,24.37922525,176.89107,24.23177523,35.21235494
06-09-2025 12:40,28.80643589,75.82292705,44.04877801,72.40947182
06-09-2025 12:41,28.77731433,105.2455861,31.92553073,24.0825671
06-09-2025 12:42,25.34804224,76.80365377,48.51584236,38.04844665
06-09-2025 12:43,20.11373941,191.2629401,83.45443387,29.4884445
06-09-2025 12:44,27.80312433,93.46232885,45.35160253,41.80047178
06-09-2025 12:45,30.58139981,156.8235477,12.41086185,77.84210098
06-09-2025 12:46,30.63764164,83.66019805,79.62422309,38.9113062
06-09-2025 12:47,25.50405075,124.0618474,84.45416814,43.18508767
06-09-2025 12:48,32.97750434,154.1874696,49.14512459,40.25786147
06-09-2025 12:49,21.87146163,118.3819239,61.8992332,50.18438631
06-09-2025 12:50,24.73376753,136.4354484,90.13616491,47.39655037
06-09-2025 12:51,26.65385281,150.0800918,26.06752536,38.85842301
06-09-2025 12:52,22.47959604,166.2634509,88.5145423,79.53605928
06-09-2025 12:53,22.15304374,78.12472817,59.32503158,43.15600793
06-09-2025 12:54,24.89435995,50.16021756,28.20628194,65.22917282
06-09-2025 12:55,24.91699786,121.6932264,76.88246016,79.52242157
06-09-2025 12:56,20.67702403,80.30883473,78.17967496,79.98198325
06-09-2025 12:57,20.21028718,149.1624663,88.22198224,25.89358547
06-09-2025 12:58,26.08179877,153.7939552,66.79561932,31.44950756
06-09-2025 12:59,27.41796292,117.5007397,12.72052998,72.99948635
06-09-2025 13:00,16.78414613,176.3730428,59.08428783,44.61051027
06-09-2025 13:01,17.20322993,115.6728123,80.55109135,79.56800234
06-09-2025 13:02,33.26279743,64.90814517,85.19913908,40.15989079
06-09-2025 13:03,14.60703128,179.7001326,61.77379814,56.96964398
06-09-2025 13:04,25.50300637,163.9375874,97.50713358,26.33624108
06-09-2025 13:05,30.90948244,191.5465498,21.19036889,65.94936199
06-09-2025 13:06,28.49104885,59.0575272,13.26342332,56.84152426
06-09-2025 13:07,16.86086394,168.4553494,75.17754047,59.5586897
06-09-2025 13:08,18.20692024,179.1796346,22.08091888,53.36625632
06-09-2025 13:09,22.3927905,55.5921122,68.42180821,50.03695073
06-09-2025 13:10,28.20676229,168.4739646,89.77570918,75.43318312
06-09-2025 13:11,19.17013345,89.34002259,74.4352296,30.32361999
06-09-2025 13:12,25.87823248,145.6644963,54.67494369,70.12833756
06-09-2025 13:13,28.40681771,161.102863,35.29233096,78.78896741
06-09-2025 13:14,28.068741,110.3970509,71.3257978,25.56371419
06-09-2025 13:15,24.69179938,111.268458,83.11117863,58.73913178
06-09-2025 13:16,28.25560805,118.5672025,15.17397009,34.1979278
06-09-2025 13:17,26.66194773,144.3450684,43.92301487,30.63025765
06-09-2025 13:18,23.99956021,104.6720731,90.12925962,73.72861144
06-09-2025 13:19,28.22090953,55.13597013,22.86899835,34.71451949
06-09-2025 13:20,21.41220625,79.12690059,46.61430171,21.77774979
06-09-2025 13:21,18.53742438,180.5233946,21.94068269,24.1859615
06-09-2025 13:22,26.26881879,147.4940974,27.00281693,21.37906601
06-09-2025 13:23,19.20862526,168.6089457,92.62227012,57.64505819
06-09-2025 13:24,29.72450596,54.77204483,35.91274225,20.23910784
06-09-2025 13:25,16.52970873,56.77188516,16.81573991,63.18861651
06-09-2025 13:26,24.28804724,141.9995071,49.21638637,21.353126
06-09-2025 13:27,31.42122271,125.2800823,77.83592093,42.72501365
06-09-2025 13:28,28.00406001,172.4195201,83.75388745,27.82967742
06-09-2025 13:29,20.70969426,136.4931998,69.71449394,42.68703933
06-09-2025 13:30,27.24223544,138.0642603,48.57857121,76.45918068
06-09-2025 13:31,27.39257452,125.125994,50.99685074,23.58178855
06-09-2025 13:32,31.80470211,99.16276619,68.20622226,34.36727651
06-09-2025 13:33,22.30564806,123.4645355,16.88990234,79.28289373
06-09-2025 13:34,27.53701195,188.6762569,96.4028877,34.5059258
06-09-2025 13:35,28.33428149,152.3446506,86.97103315,61.89477404
06-09-2025 13:36,27.80292478,66.81069682,41.86694716,42.09067012
06-09-2025 13:37,29.74719416,114.4001134,27.20557011,28.21837653
06-09-2025 13:38,22.63980927,103.3389795,46.30207119,66.81739295
06-09-2025 13:39,21.34009513,171.440055,28.28838477,71.20786547
06-09-2025 13:40,19.72414635,50.60341997,19.73342599,20.40417118
06-09-2025 13:41,25.31027038,129.3202609,28.32100242,26.53329609
06-09-2025 13:42,28.04934886,89.47318974,93.97131792,40.83599919
06-09-2025 13:43,28.59006497,70.34724945,35.96206679,33.81868047
06-09-2025 13:44,27.88759631,74.88597817,70.17483239,74.47428498
06-09-2025 13:45,23.03766309,90.59365133,35.95679097,63.02358443
06-09-2025 13:46,21.45912892,84.47666199,94.14532953,53.17490662
06-09-2025 13:47,22.53386634,73.14924306,39.00336244,57.62468086
06-09-2025 13:48,32.28593523,139.8978582,89.18375903,60.13923457
06-09-2025 13:49,13.74111837,62.07633101,84.58581817,42.0995444
06-09-2025 13:50,23.91590831,129.335249,86.78755993,56.40727283
06-09-2025 13:51,17.27603198,134.1142085,13.55395941,22.78264674
06-09-2025 13:52,24.92627422,120.9057179,63.9672319,35.60270779
06-09-2025 13:53,16.10300639,116.7877567,53.71631838,40.86883553
06-09-2025 13:54,19.23640241,190.7382571,45.34318802,29.63211582
06-09-2025 13:55,30.09925592,183.7176128,36.58443922,32.59423275
06-09-2025 13:56,16.75449435,146.5572688,63.20867379,75.41271005
06-09-2025 13:57,25.37745718,165.8583746,83.87110201,52.20059695
06-09-2025 13:58,22.53986374,199.9695625,44.67336214,46.41788221
06-09-2025 13:59,30.70013791,124.9975867,97.91051102,53.5360945
06-09-2025 14:00,24.92049616,134.9224624,78.8048566,32.46098256
06-09-2025 14:01,27.24990746,117.7711827,91.25396236,73.45129842
06-09-2025 14:02,23.70274183,155.7308695,85.40599809,56.20286282
06-09-2025 14:03,31.16862072,116.8743746,67.7719226,69.27257321
06-09-2025 14:04,24.21726785,106.8202442,53.85719543,67.85177482
06-09-2025 14:05,25.29207388,105.9474563,41.7840505,22.75687548
06-09-2025 14:06,22.47671534,91.66621477,50.31687229,50.8383668
06-09-2025 14:07,31.91770536,130.5786158,16.7645767,42.89694974
06-09-2025 14:08,20.19799914,74.42065469,84.87556985,38.35993162
06-09-2025 14:09,19.42436495,68.34709773,43.0457686,71.83482772
06-09-2025 14:10,21.49448719,74.75192719,62.06781893,21.37407955
06-09-2025 14:11,20.19662737,64.01484997,98.37583263,78.85581923
06-09-2025 14:12,24.55805444,92.05309035,25.33468471,44.62419026
06-09-2025 14:13,35.65252634,151.9260175,89.58113649,68.98025609
06-09-2025 14:14,37.87639662,79.25948654,29.75386753,67.83265514
06-09-2025 14:15,25.82744789,177.3962421,55.51605798,45.88794637
06-09-2025 14:16,26.33215061,111.871619,19.28227217,42.6921287
06-09-2025 14:17,24.20708115,96.95376428,50.71009767,29.44527449
06-09-2025 14:18,22.74348638,117.1627634,67.36511756,30.6700854
06-09-2025 14:19,19.94999227,167.7604287,95.78294602,66.51579207
06-09-2025 14:20,18.81269644,135.4139591,23.65859657,63.11417012
06-09-2025 14:21,22.93379766,98.59495731,29.27938158,41.68519862
06-09-2025 14:22,23.80704461,163.6126191,88.03067281,55.84363035
06-09-2025 14:23,29.11466974,166.342607,42.87930076,71.52639316
06-09-2025 14:24,26.06526824,61.14235366,63.28498652,77.24884678
06-09-2025 14:25,21.39842565,81.00601759,31.03485867,50.17279797
06-09-2025 14:26,26.33755608,126.4404749,92.32495699,64.26994724
06-09-2025 14:27,24.40892893,129.3307598,84.62953357,29.35496807
06-09-2025 14:28,28.61605681,127.185928,57.99055312,48.13344718
06-09-2025 14:29,21.56241636,136.733149,46.90537654,40.59445687
06-09-2025 14:30,22.08041119,135.8351747,74.79171884,52.30495844
06-09-2025 14:31,26.87702746,122.2679398,33.49320102,49.43514283
06-09-2025 14:32,15.43364369,118.6862682,55.03663549,48.04642871
06-09-2025 14:33,24.68875562,130.6890736,89.22844079,21.78154096
06-09-2025 14:34,22.10699359,83.41801139,34.61421878,39.55106478
06-09-2025 14:35,27.29472587,184.7191663,12.28396846,21.9658396
06-09-2025 14:36,19.57140512,104.2001149,80.14068641,43.41943685
06-09-2025 14:37,25.30937278,166.1819694,90.07653996,54.79186966
06-09-2025 14:38,24.75017882,181.7774682,92.50373402,23.16390453
06-09-2025 14:39,30.52831076,74.71749682,78.73261767,43.75208413
06-09-2025 14:40,26.38557896,149.8854982,41.24689056,38.57173419
06-09-2025 14:41,33.0265126,80.12337296,53.2221146,68.54451003
06-09-2025 14:42,29.57387004,102.2358154,94.31545011,78.99202427
06-09-2025 14:43,24.65989694,85.24424993,89.12717806,29.55014357
06-09-2025 14:44,22.75620649,89.97899154,80.19972202,23.66464348
06-09-2025 14:45,20.7132256,126.2465574,13.25213879,45.32981446
06-09-2025 14:46,21.49086401,118.6821306,39.35672818,64.35774952
06-09-2025 14:47,16.92812165,192.723046,83.77066695,61.74697092
06-09-2025 14:48,18.02900003,77.76847744,30.24787325,74.39287042
06-09-2025 14:49,25.71727151,135.3309986,39.22572141,27.15369259
06-09-2025 14:50,30.3387748,165.8993531,51.0352651,33.75348713
06-09-2025 14:51,18.50373085,195.53704,21.61935511,66.06607018
06-09-2025 14:52,17.01408594,194.3361494,74.92585213,22.10667915
06-09-2025 14:53,24.88905248,57.40603846,60.75201999,67.59767269
06-09-2025 14:54,19.00562314,162.4205723,28.8863662,22.35236578
06-09-2025 14:55,27.64714418,192.6902661,21.19560077,77.03252434
06-09-2025 14:56,22.34267503,116.8532802,21.82476927,20.32308524
06-09-2025 14:57,25.78887703,94.8589463,48.5214399,40.89934235
06-09-2025 14:58,28.81405325,111.4223036,72.93544981,67.65998103
06-09-2025 14:59,29.6413099,149.0285711,16.11060873,60.94680377
06-09-2025 15:00,39.07351713,64.16264774,81.95718572,25.33318469
06-09-2025 15:01,13.78819314,87.92823122,83.83646628,25.58488892
06-09-2025 15:02,18.5593235,120.2455593,22.54109664,50.85615199
06-09-2025 15:03,32.10637516,109.7146032,36.37764796,60.61675084
06-09-2025 15:04,22.10493344,127.8067546,35.03225185,77.13637674
06-09-2025 15:05,17.33683597,183.2806108,87.67165491,63.45522085
06-09-2025 15:06,22.66346484,192.6905878,72.41326179,54.73182647
06-09-2025 15:07,32.41506405,179.3408663,68.05822654,62.80363571
06-09-2025 15:08,28.22126064,55.86834137,52.5128948,26.33737174
06-09-2025 15:09,28.1322716,67.87192097,25.2088671,30.85542518
06-09-2025 15:10,27.30818643,78.86803664,99.42954259,38.72086178
06-09-2025 15:11,19.138121,196.0230599,77.58012272,40.02050096
06-09-2025 15:12,27.02900793,192.8640633,79.92257542,45.2624793
06-09-2025 15:13,19.42599262,165.6646171,38.14449938,42.90517063
06-09-2025 15:14,28.53050556,176.5275111,49.68848814,44.54437291
06-09-2025 15:15,30.82554995,100.7515796,71.97241787,37.89975081
06-09-2025 15:16,32.99845496,176.0745078,82.631892,64.20958584
06-09-2025 15:17,26.8946419,152.260068,66.25027557,79.99159704
06-09-2025 15:18,21.38607391,160.1931031,89.16962014,69.28079946
06-09-2025 15:19,34.69993068,121.8057367,13.00009965,77.4656759
06-09-2025 15:20,17.25486883,68.31353183,76.19189224,25.40737051
06-09-2025 15:21,31.41354362,64.42739568,19.57918488,68.26724296
06-09-2025 15:22,21.09432055,98.01996747,26.42382101,78.1891469
06-09-2025 15:23,26.95390233,95.33472614,89.263978,45.64652699
06-09-2025 15:24,23.4417829,150.3155955,51.40393202,28.65394365
06-09-2025 15:25,23.04946004,136.6689525,30.64493139,38.96258499
06-09-2025 15:26,26.56396739,141.2210866,63.79103827,55.1850426
06-09-2025 15:27,23.0861888,152.0473777,19.58965159,54.50245255
06-09-2025 15:28,18.48159188,189.0219345,10.57848397,68.6057746
06-09-2025 15:29,17.76667534,128.6492342,39.2278192,21.16170736
06-09-2025 15:30,36.64035057,127.4633669,74.40445972,39.51986919
06-09-2025 15:31,25.89409488,193.3190168,23.27020163,52.33294223
06-09-2025 15:32,27.71384536,64.49608805,91.18812066,35.55980934
06-09-2025 15:33,19.94654864,130.428571,62.85247135,40.91466189
06-09-2025 15:34,28.59127515,116.8746567,82.94702053,24.58024396
06-09-2025 15:35,20.88106295,88.95572837,75.90180031,50.33268689
06-09-2025 15:36,24.14898075,121.5464363,85.95006506,40.84157409
06-09-2025 15:37,31.18034513,139.9377677,92.66006793,47.24737591
06-09-2025 15:38,32.4526236,121.3521332,71.15768006,64.63714338
06-09-2025 15:39,28.59136281,95.6933163,22.73457849,73.26414938
06-09-2025 15:40,35.71921471,50.67643003,44.90652068,63.54561953
06-09-2025 15:41,31.78154822,187.960356,15.78242419,35.25512629
06-09-2025 15:42,29.8148241,106.8790314,89.48949686,65.44139833
06-09-2025 15:43,31.05276791,128.9373779,19.37697935,63.58931769
06-09-2025 15:44,20.97227832,76.53999224,26.13691128,52.7595924
06-09-2025 15:45,27.88693235,154.7290639,26.91565288,23.52531853
06-09-2025 15:46,28.42375994,140.0376566,39.74361884,54.20744087
06-09-2025 15:47,25.04401459,165.3108703,37.03185832,43.37189697
06-09-2025 15:48,23.47003115,86.49745545,19.60444422,46.50668729
06-09-2025 15:49,23.81682421,70.44309766,22.05557224,64.59700599
06-09-2025 15:50,19.39488905,115.2387499,89.57083599,24.22216693
06-09-2025 15:51,24.04839631,128.0552712,79.46074154,35.13337774
06-09-2025 15:52,28.99575465,81.21255735,74.1568309,76.3567494
06-09-2025 15:53,22.07941279,188.519253,23.86721435,56.57119887
06-09-2025 15:54,17.53456699,148.1388495,91.61462034,41.09926432
06-09-2025 15:55,30.63263878,194.7179417,80.71564169,37.10872082
06-09-2025 15:56,20.49150149,89.25416829,44.86158118,38.04263797
06-09-2025 15:57,32.88144252,183.9930765,28.5555678,51.31615073
06-09-2025 15:58,25.09272065,96.91336082,22.68457684,26.12361963
06-09-2025 15:59,30.36107111,175.5197393,75.84412003,27.7099967
06-09-2025 16:00,23.77274973,65.51853334,18.33192842,70.00532441
06-09-2025 16:01,32.0464499,145.501474,91.59016688,50.09501354
06-09-2025 16:02,30.13213573,98.07851287,86.11217998,46.23792285
06-09-2025 16:03,16.28960424,123.7032885,30.09365044,34.5651534
06-09-2025 16:04,29.65422839,191.2760394,18.8124331,60.50867268
06-09-2025 16:05,23.59801623,120.176038,62.17800798,47.01169599
06-09-2025 16:06,24.7612588,104.597104,61.59963798,55.1075119
06-09-2025 16:07,38.35091109,134.9803053,40.26668875,45.42857129
06-09-2025 16:08,30.49839469,132.7624695,54.91709543,71.23182158
06-09-2025 16:09,24.02295065,151.1331081,33.79595508,47.75155944
06-09-2025 16:10,29.572622,166.8932385,12.59072785,37.91811567
06-09-2025 16:11,34.57213913,134.4243236,80.50103624,43.09936734
06-09-2025 16:12,29.18213196,100.5946801,79.89952935,77.21012302
06-09-2025 16:13,22.75037971,105.9217263,34.52979577,37.86832655
06-09-2025 16:14,37.05399305,184.7186965,25.08173278,71.24411427
06-09-2025 16:15,23.28435363,92.28384034,97.89974986,58.8989758
06-09-2025 16:16,28.476758,86.91916187,76.67688107,58.58993488
06-09-2025 16:17,26.82474577,139.385705,81.10812951,62.52646612
06-09-2025 16:18,30.90446992,73.575444,38.33642114,40.57978116
06-09-2025 16:19,32.45905397,146.621809,94.70500008,58.58011652
06-09-2025 16:20,31.0818218,84.96536948,91.80055211,22.4766498
06-09-2025 16:21,24.86664605,177.0096829,25.23797137,56.51885069
06-09-2025 16:22,23.70665941,73.37389611,60.47442651,63.76142886
06-09-2025 16:23,31.89565786,147.1956692,68.17481651,39.2945029
06-09-2025 16:24,28.47511708,61.59301054,94.87618246,64.37863981
06-09-2025 16:25,36.20779313,176.1451184,59.69373051,34.69621479
06-09-2025 16:26,35.79282714,58.93823685,75.62646497,54.82825068
06-09-2025 16:27,33.08810425,117.3304599,20.99524622,49.24748975
06-09-2025 16:28,27.32182102,124.775366,60.55338543,68.08941874
06-09-2025 16:29,30.83016797,109.7042431,60.51745829,56.61871592
06-09-2025 16:30,30.96074884,56.84353373,80.28422965,49.67080827
06-09-2025 16:31,28.14461002,104.3342805,75.32645805,30.83191509
06-09-2025 16:32,21.72965532,131.1811697,66.35601926,33.07552909
06-09-2025 16:33,25.80365832,109.3825809,53.11106817,74.59309886
06-09-2025 16:34,21.62050879,97.97969189,95.527809,51.22960252
06-09-2025 16:35,24.26834213,131.3708981,10.56288068,29.76394138
06-09-2025 16:36,31.67862632,132.4830656,22.01050967,24.89301176
06-09-2025 16:37,20.83756637,68.18777482,38.36533517,21.80028773
06-09-2025 16:38,20.42465571,130.8036534,88.79805282,40.98238399
06-09-2025 16:39,29.63479139,87.85509031,72.02340301,41.78660563
06-09-2025 16:40,16.33311559,52.55458622,44.48909529,42.29837107
06-09-2025 16:41,26.95169259,133.0575411,98.46765756,67.81028775
06-09-2025 16:42,23.65770976,54.39418826,65.45275123,57.43278371
06-09-2025 16:43,20.25173574,141.0735755,90.59877497,32.29952999
06-09-2025 16:44,18.46426039,87.12453036,97.86115204,44.17058422
06-09-2025 16:45,12.87077973,124.3405069,14.18180053,43.36625269
06-09-2025 16:46,26.9295458,121.172244,81.87608993,63.34963211
06-09-2025 16:47,19.50746962,165.2071821,43.14198571,50.18662963
06-09-2025 16:48,19.79976828,184.1372059,96.30502363,34.39496572
06-09-2025 16:49,23.78390899,130.3621008,23.88369279,49.26424983
06-09-2025 16:50,25.38204751,71.96642416,63.58963636,50.53789681
06-09-2025 16:51,24.35472742,138.4978228,84.51950572,34.21846708
06-09-2025 16:52,13.03806067,166.1224915,50.46329167,52.91733071
06-09-2025 16:53,28.59932304,50.61691508,70.96702341,56.01684163
06-09-2025 16:54,24.17333566,63.69715156,17.62113015,35.72117193
06-09-2025 16:55,21.95566292,64.22081958,64.44109842,36.86405181
06-09-2025 16:56,28.91466374,71.23499872,56.02426606,34.37741047
06-09-2025 16:57,29.05142258,145.6814967,42.72132619,74.48837349
06-09-2025 16:58,33.41248903,82.62210998,61.40006664,69.84923466
06-09-2025 16:59,29.09677098,111.82505,81.54786553,60.39601235
06-09-2025 17:00,26.2615939,95.13718153,10.78187811,37.32744731
06-09-2025 17:01,22.71185679,138.0733069,66.50612181,40.5665982
06-09-2025 17:02,22.95895448,63.61661986,42.35439381,61.10987541
06-09-2025 17:03,20.96417604,52.89335816,16.59508402,33.61696824
06-09-2025 17:04,31.72613919,84.27704664,45.81555356,68.71600876
06-09-2025 17:05,26.06584681,184.7151012,81.63238486,72.87225421
06-09-2025 17:06,21.41323416,54.31791962,96.13405353,29.69578619
06-09-2025 17:07,28.92412628,152.4002128,68.26289184,50.44097728
06-09-2025 17:08,23.4434881,114.5737919,84.0852241,68.69788148
06-09-2025 17:09,29.72542767,82.80805862,25.38692581,27.02218901
06-09-2025 17:10,32.84960023,168.3513834,72.34851266,64.29551953
06-09-2025 17:11,32.55214558,161.0357779,34.8065228,78.0317515
06-09-2025 17:12,28.18040498,163.7135082,31.53884699,77.51153808
06-09-2025 17:13,19.99589963,77.62046329,93.99591926,47.61190338
06-09-2025 17:14,35.75839007,69.744501,74.56098788,30.6158292
06-09-2025 17:15,33.50349535,193.5605222,33.36131502,26.91036134
06-09-2025 17:16,16.97714259,135.027254,94.11348584,37.97589622
06-09-2025 17:17,26.41135539,118.8411435,86.74704755,35.35266797
06-09-2025 17:18,29.95359944,128.2691096,50.3520889,41.6962456
06-09-2025 17:19,28.03767244,187.3721328,34.19330887,63.31000783
06-09-2025 17:20,17.20958922,147.7343384,28.49254668,67.96162473
06-09-2025 17:21,30.57713688,107.0968973,21.73178275,72.24163901
06-09-2025 17:22,19.56229479,81.12968173,19.37958533,27.13910008
06-09-2025 17:23,17.87044489,196.2687428,42.73675793,44.06186789
06-09-2025 17:24,27.55801242,51.77902283,47.53038021,59.99674739
06-09-2025 17:25,31.00302966,189.4762931,56.73998194,45.05020356
06-09-2025 17:26,35.7986211,158.4985829,89.15616291,75.67522443
06-09-2025 17:27,19.99300967,146.7979507,51.71883781,26.36735927
06-09-2025 17:28,27.79627579,81.58860397,54.80112761,21.92253096
06-09-2025 17:29,24.15353462,123.3296909,42.97347155,59.95016787
06-09-2025 17:30,24.95567782,147.0983677,23.98660266,47.51355878
06-09-2025 17:31,20.2377285,158.6166639,65.53686288,76.37969869
06-09-2025 17:32,26.20003146,98.37256152,81.48767163,42.62544719
06-09-2025 17:33,19.74243723,188.9968849,31.85537142,32.46882796
06-09-2025 17:34,28.40515347,100.476869,61.39626244,41.91095779
06-09-2025 17:35,21.60575787,142.4469631,75.26772692,56.54354969
06-09-2025 17:36,23.70776241,88.49508237,25.79057483,29.34511739
06-09-2025 17:37,24.50329096,55.41306194,27.445073,70.90328046
06-09-2025 17:38,25.62811474,85.54359963,58.36506587,65.07970953
06-09-2025 17:39,22.77476433,102.1460815,99.91484737,50.69236208
06-09-2025 17:40,29.4387009,189.080963,19.69402089,57.59788577
06-09-2025 17:41,30.23359282,94.53624565,40.2714593,76.50318513
06-09-2025 17:42,26.26403702,196.2364449,49.66717206,48.64820775
06-09-2025 17:43,35.41157682,183.4203002,61.0877406,58.90255649
06-09-2025 17:44,26.57232437,103.8415793,39.99941417,59.04357971
06-09-2025 17:45,19.12173863,153.9725212,91.10061609,64.36546927
06-09-2025 17:46,24.91373644,116.4330066,89.27542314,67.81939559
06-09-2025 17:47,27.96875336,121.2749502,92.384073,44.05873981
06-09-2025 17:48,27.43742655,138.3770051,38.31925854,56.66380804
06-09-2025 17:49,25.79761987,185.2928137,32.51474882,57.1915396
06-09-2025 17:50,24.04229104,127.5197526,66.97745767,36.18506623
06-09-2025 17:51,22.46624248,173.608249,36.0952531,68.08160325
06-09-2025 17:52,27.16671359,120.7763321,73.02565968,43.2427389
06-09-2025 17:53,27.86535092,139.7239293,72.37568426,46.49545878
06-09-2025 17:54,18.95409015,106.1464216,42.2019861,66.71066516
06-09-2025 17:55,20.15756268,178.4437351,23.33454357,38.91705547
06-09-2025 17:56,26.33460251,119.3655083,94.00892256,56.72436237
06-09-2025 17:57,25.14021631,83.82408289,92.16715217,79.46951327
06-09-2025 17:58,28.98260864,121.8904877,20.32413501,23.65494859
06-09-2025 17:59,30.49143306,80.68188864,72.47169308,20.68670594
06-09-2025 18:00,25.2752134,126.8501595,78.95354618,46.72047764
06-09-2025 18:01,24.32163759,117.5779828,16.09618325,78.9077634
06-09-2025 18:02,24.47312681,127.6005347,40.16851269,66.95134415
06-09-2025 18:03,19.17264566,58.53360751,33.63257012,32.2523727
06-09-2025 18:04,29.95073587,198.4963106,48.82556867,73.5607074
06-09-2025 18:05,24.53107595,141.0359948,52.23691362,57.43574144
06-09-2025 18:06,14.77099692,150.8872801,22.13070615,59.13140334
06-09-2025 18:07,31.96696432,198.5255423,70.78523748,41.60287783
06-09-2025 18:08,25.05093396,192.7758524,14.32473182,38.46368657
06-09-2025 18:09,29.08016551,182.0194248,71.36011687,30.75794539
06-09-2025 18:10,19.5407963,151.2766479,93.53088167,54.43551118
06-09-2025 18:11,17.10821764,75.6396811,44.23590158,71.42896665
06-09-2025 18:12,27.49864631,128.0067658,52.42698691,65.42567629
06-09-2025 18:13,30.40035268,148.5091063,88.92349144,21.73956653
06-09-2025 18:14,25.60674072,122.9437307,11.96104076,73.36559022
06-09-2025 18:15,24.83143382,141.6297625,90.47958408,40.90777248
06-09-2025 18:16,29.68482832,169.9260479,43.7821166,63.16847653
06-09-2025 18:17,30.53058707,82.03579264,53.88922885,37.85023595
06-09-2025 18:18,26.35100652,190.2763445,41.62648534,26.74916473
06-09-2025 18:19,17.80136305,73.29280493,42.37868811,66.37676359
06-09-2025 18:20,25.54792149,176.3412821,97.01664101,58.62808185
06-09-2025 18:21,26.1291789,183.6762328,12.38240029,51.40296896
06-09-2025 18:22,29.67067686,96.91442975,29.30609085,26.52236542
06-09-2025 18:23,20.15575802,67.67510456,38.02127801,69.97102268
06-09-2025 18:24,24.57817741,112.2756935,29.30590456,26.10965728
06-09-2025 18:25,30.36845483,74.91458572,92.01220014,35.34171929
06-09-2025 18:26,24.71097818,145.2755742,60.34452974,31.41052647
06-09-2025 18:27,27.67397391,67.33434813,28.11878189,46.06457255
06-09-2025 18:28,27.97684492,199.5643748,29.15355397,54.83366981
06-09-2025 18:29,23.4952718,109.9542909,57.46112487,21.6063867
06-09-2025 18:30,22.92145176,172.284913,13.52706539,76.0363566
06-09-2025 18:31,27.0985536,152.1612108,67.29522362,66.47357527
06-09-2025 18:32,32.88029712,112.3904477,45.70891048,73.54837848
06-09-2025 18:33,26.47360383,98.43722462,44.98500399,32.39252586
06-09-2025 18:34,28.99905858,141.3754631,84.60846391,33.00148275
06-09-2025 18:35,33.62180769,186.0416492,95.58177238,31.88299661
06-09-2025 18:36,18.43454202,63.09966649,41.69614312,24.2577497
06-09-2025 18:37,19.07823655,166.7485512,18.53742435,29.47843361
06-09-2025 18:38,23.10614092,67.95368247,53.59388173,62.97956332
06-09-2025 18:39,30.0717696,188.3425224,48.21773793,49.85299638
06-09-2025 18:40,14.60056565,58.87392135,98.4866246,62.31365101
06-09-2025 18:41,13.95225764,68.54780971,51.32254204,49.29910555
06-09-2025 18:42,18.7034377,180.3227562,87.81180153,51.05153796
06-09-2025 18:43,13.67158875,99.13755333,90.38711358,43.99878255
06-09-2025 18:44,31.82953715,145.5967917,53.26306055,48.53543963
06-09-2025 18:45,23.10723419,124.1817282,30.48476751,34.26195436
06-09-2025 18:46,28.11745653,140.446124,23.88272437,25.83917354
06-09-2025 18:47,19.19818227,168.886256,36.03601485,65.80162959
06-09-2025 18:48,20.68021664,100.8125817,89.38283238,69.43429486
06-09-2025 18:49,22.23860388,128.3739109,58.1729499,33.04967698
06-09-2025 18:50,26.56949398,51.00073888,53.33664037,67.15937903
06-09-2025 18:51,24.94401138,129.6347771,26.23462616,65.45229098
06-09-2025 18:52,31.29706117,189.9798552,46.21447392,61.96476687
06-09-2025 18:53,22.9623192,181.2783456,19.26723103,78.19649902
06-09-2025 18:54,19.41547775,73.10640553,90.55314192,45.71976019
06-09-2025 18:55,26.32622188,137.8093886,71.1946116,48.71892484
06-09-2025 18:56,22.25933194,106.5870676,36.913219,55.05779767
06-09-2025 18:57,36.1259212,54.14087134,27.03801959,55.88886779
06-09-2025 18:58,24.62980888,95.78108628,53.46089536,23.41934023
06-09-2025 18:59,32.82446849,164.6565228,71.60262252,78.624404
06-09-2025 19:00,22.55121389,191.3713602,91.74073769,69.97790769
06-09-2025 19:01,30.32010889,107.8156117,44.86494519,41.79438678
06-09-2025 19:02,22.33019228,135.722512,26.01624291,56.15186575
06-09-2025 19:03,31.2331327,66.50461692,41.32357303,33.65436757
06-09-2025 19:04,25.11226949,88.87840941,13.75498076,22.41107751
06-09-2025 19:05,25.11512673,183.1550313,42.97914481,34.76304376
06-09-2025 19:06,24.67834915,195.7637073,89.09934988,25.02818905
06-09-2025 19:07,31.9846667,123.5396476,66.99362352,48.86762985
06-09-2025 19:08,25.52921662,129.3812424,46.85301746,65.8600446
06-09-2025 19:09,27.30736192,198.0354129,18.36670509,58.36540045
06-09-2025 19:10,15.82930404,105.2038541,56.57985346,45.30461618
06-09-2025 19:11,24.60285688,184.5581266,66.11323288,65.80349182
06-09-2025 19:12,14.53991171,72.97169858,22.20207415,22.39390668
06-09-2025 19:13,14.47542633,117.6034228,80.32670065,77.58827769
06-09-2025 19:14,22.88263164,52.13736452,10.06481886,71.74214094
06-09-2025 19:15,27.9666208,66.37612147,84.39937293,28.91507993
06-09-2025 19:16,34.05342358,115.6911879,85.70164087,42.8089767
06-09-2025 19:17,29.53004167,101.3933474,48.01426451,56.69824091
06-09-2025 19:18,20.7738183,179.9020645,21.93117445,40.34802964
06-09-2025 19:19,33.4147993,142.8175101,42.45439852,27.29811445
06-09-2025 19:20,20.18263463,173.9619474,37.45708213,60.59476986
06-09-2025 19:21,30.81135832,87.40075619,94.68808836,64.51535553
06-09-2025 19:22,25.24848819,172.5617099,51.746157,29.35138134
06-09-2025 19:23,28.88243743,147.9410286,46.34735197,26.80878409
06-09-2025 19:24,24.23656997,61.93775006,98.93401841,63.32796129
06-09-2025 19:25,24.03543164,58.13084489,54.07605309,72.21852
06-09-2025 19:26,17.74734499,101.3425786,29.22288455,64.69108448
06-09-2025 19:27,27.1630288,169.9744308,91.168135,52.32902689
06-09-2025 19:28,24.52029762,170.7602461,83.40717662,27.81227863
06-09-2025 19:29,21.72052169,199.323876,30.60413852,51.22309049
06-09-2025 19:30,23.38166639,140.4301701,49.97535309,34.96719017
06-09-2025 19:31,19.71544048,161.3605183,64.81260856,63.85994987
06-09-2025 19:32,31.60657344,52.9934434,26.54397129,36.0803812
06-09-2025 19:33,22.60419786,76.41753574,32.26628037,53.06092309
06-09-2025 19:34,29.53439691,160.2215493,57.73169858,68.08952206
06-09-2025 19:35,20.08418906,51.73050454,66.22758094,56.05795067
06-09-2025 19:36,29.05935822,114.2208927,84.29397072,30.83880478
06-09-2025 19:37,24.84826544,108.2348726,71.39807926,60.18028097
06-09-2025 19:38,19.47140014,135.7631674,73.10399329,30.58210858
06-09-2025 19:39,22.35298166,150.8302465,58.12887416,62.85448446
06-09-2025 19:40,20.4250027,166.7101407,20.53857699,29.27712256
06-09-2025 19:41,18.32872461,54.75436359,30.4836412,56.120508
06-09-2025 19:42,25.84938024,189.8690806,72.74878312,21.56658977
06-09-2025 19:43,32.14049763,91.21009791,92.5050071,34.25665955
06-09-2025 19:44,18.82836333,196.0780009,86.27380691,78.4689117
06-09-2025 19:45,30.36722924,171.1404067,62.37458482,32.69379104
06-09-2025 19:46,33.04680699,70.57116168,93.04501025,28.88504835
06-09-2025 19:47,26.3595976,126.5936965,38.74822577,58.64897566
06-09-2025 19:48,26.37848779,104.2945802,78.64017945,42.11815814
06-09-2025 19:49,26.19436372,73.42274875,62.86446546,34.60902745
06-09-2025 19:50,32.28365898,64.70416057,18.73456401,67.69853191
06-09-2025 19:51,23.35016386,164.3082346,52.10709518,60.54720276
06-09-2025 19:52,20.27507693,105.911136,41.21171367,43.77996845
06-09-2025 19:53,23.25537701,55.68467719,79.74204125,39.92274027
06-09-2025 19:54,24.07704674,139.0309385,48.83362815,30.45488922
06-09-2025 19:55,31.4215971,162.6634371,97.11555341,39.35084848
06-09-2025 19:56,26.17507591,104.8660805,36.414878,55.34627777
06-09-2025 19:57,21.97902385,180.4682067,70.45692758,60.01124799
06-09-2025 19:58,22.73453361,162.2234312,12.56937223,21.30110347
06-09-2025 19:59,17.49213305,73.83679924,68.84049988,60.7489572
06-09-2025 20:00,30.49604951,115.1727992,31.2735956,42.24886321
06-09-2025 20:01,20.91089787,117.0584706,27.86864943,53.1499983
06-09-2025 20:02,32.05254106,102.9727825,79.26180801,44.66063599
06-09-2025 20:03,20.25334057,192.5150029,87.24594141,43.45091204
06-09-2025 20:04,21.03985231,111.0156119,72.28655625,24.52788621
06-09-2025 20:05,26.99685082,53.51281808,58.66499086,61.69413488
06-09-2025 20:06,17.10242404,100.9756882,88.90898828,51.83868166
06-09-2025 20:07,27.10374124,63.36401899,45.99969494,56.1578909
06-09-2025 20:08,25.69361327,115.3657569,35.41912503,65.66282973
06-09-2025 20:09,18.75142919,157.2138759,20.36839618,22.83129752
06-09-2025 20:10,17.65306725,67.30465304,33.35294358,65.7485008
06-09-2025 20:11,28.7256851,158.7055014,61.17412621,62.51492174
06-09-2025 20:12,26.98506378,57.73597513,75.37139756,53.09411135
06-09-2025 20:13,26.60841286,182.3151444,58.17983626,53.51014372
06-09-2025 20:14,21.57509535,156.2118527,51.80440141,60.51929847
06-09-2025 20:15,21.09716978,87.24445619,37.89126205,60.39781815
06-09-2025 20:16,26.75161628,128.1341536,63.24231098,38.40007907
06-09-2025 20:17,27.64136668,154.4134646,10.13298738,26.91833417
06-09-2025 20:18,31.67932838,154.4616044,26.73998828,46.99791756
06-09-2025 20:19,27.88121555,161.6766803,46.21776655,37.29856364
06-09-2025 20:20,20.18443894,166.4902007,58.2938259,77.40111961
06-09-2025 20:21,20.33171717,138.4316304,99.57397419,74.58960025
06-09-2025 20:22,28.54245982,73.33717404,55.94348679,68.96216133
06-09-2025 20:23,19.91787633,129.6938561,16.36817535,21.05375951
06-09-2025 20:24,29.43322879,161.9013932,45.96871483,72.06218169
06-09-2025 20:25,24.6201223,83.84622699,28.97948679,44.28739819
06-09-2025 20:26,21.07860076,91.98161,79.38829997,39.31797869
06-09-2025 20:27,21.96363263,199.6628351,23.50733526,52.01369667
06-09-2025 20:28,29.56758299,77.76094391,40.38729794,29.07213068
06-09-2025 20:29,33.71493625,189.9936246,73.69852106,29.15333852
06-09-2025 20:30,24.73311157,57.27300031,60.18042116,40.52062448
06-09-2025 20:31,22.18691417,118.3051136,85.30346291,24.94094479
06-09-2025 20:32,20.95453987,113.4668,82.9417535,70.4095065
06-09-2025 20:33,33.92978798,125.1666795,12.70266356,44.1029234
06-09-2025 20:34,14.61978713,145.1794595,98.55498852,60.34879284
06-09-2025 20:35,21.67056435,73.28180581,10.9581421,29.26407422
06-09-2025 20:36,15.46096709,113.7465263,37.47819292,50.63115353
06-09-2025 20:37,20.34975001,66.00822556,95.81045349,65.63970952
06-09-2025 20:38,26.67787112,189.7462814,76.93362539,59.87807104
06-09-2025 20:39,31.72420285,128.8424171,75.15931246,29.57584402
06-09-2025 20:40,16.56004471,100.8494108,40.70297203,67.86651374
06-09-2025 20:41,26.718076,109.6000266,80.4552061,61.87688005
06-09-2025 20:42,22.35324868,138.7871765,36.54001552,60.27092896
06-09-2025 20:43,29.62215931,59.57683168,99.84102308,69.84882763
06-09-2025 20:44,29.49025511,73.5842295,87.06200409,77.57757525
06-09-2025 20:45,33.4258322,96.34384347,74.36936471,68.44994791
06-09-2025 20:46,27.04134995,161.4399549,43.69116639,32.29068539
06-09-2025 20:47,18.50366865,66.96632387,50.71937714,79.69192428
06-09-2025 20:48,20.43079149,58.33347816,83.82043465,69.15434827
06-09-2025 20:49,29.54196237,62.60733251,90.00861076,24.44593471
06-09-2025 20:50,21.31255342,160.4462119,98.1854637,58.8482301
06-09-2025 20:51,26.64907026,100.1799528,14.99156403,73.87750495
06-09-2025 20:52,23.77959354,131.3510826,74.39706322,67.05933199
06-09-2025 20:53,25.33913114,169.4176332,79.76382403,55.88508382
06-09-2025 20:54,31.77830875,113.0813173,40.6706732,44.23648393
06-09-2025 20:55,22.14602151,117.8744059,10.03341466,51.38962078
06-09-2025 20:56,24.34698076,186.2749764,47.20047768,57.39334327
06-09-2025 20:57,28.72735621,136.1428902,73.18808867,27.16236793
06-09-2025 20:58,20.56851673,159.2859594,61.69957701,58.71861864
06-09-2025 20:59,24.93273189,91.3170651,62.74998624,52.08377279
06-09-2025 21:00,22.23410213,74.38115461,41.62917919,46.21648749
06-09-2025 21:01,25.96570648,182.4630109,88.8933899,25.69844928
06-09-2025 21:02,21.85660211,61.67028363,64.34798378,65.96392442
06-09-2025 21:03,20.50797293,193.7761147,12.12930217,37.74232251
06-09-2025 21:04,24.5589321,106.9649687,20.95415768,41.17654826
06-09-2025 21:05,24.16321664,91.32401782,92.57844433,24.84810645
06-09-2025 21:06,24.42287978,76.56215384,28.29382584,68.84262877
06-09-2025 21:07,28.66265812,182.383475,96.03880439,76.48592744
06-09-2025 21:08,25.22256598,82.66108164,32.97792688,54.34870782
06-09-2025 21:09,26.79727482,93.79020021,24.65480503,70.77641448
06-09-2025 21:10,20.4362897,186.2384304,24.23096449,31.42393359
06-09-2025 21:11,19.81856373,161.3216629,71.96310309,34.51737559
06-09-2025 21:12,27.66056543,91.87468338,20.20972922,68.854435
06-09-2025 21:13,20.45814261,105.8965704,77.37470155,23.70604889
06-09-2025 21:14,12.5642404,77.66035752,66.8588629,47.51451645
06-09-2025 21:15,21.69750984,102.2243655,91.5062483,25.13325649
06-09-2025 21:16,20.94808759,151.747425,43.03928471,33.03382639
06-09-2025 21:17,23.83387829,112.7191597,86.20273661,56.57618057
06-09-2025 21:18,24.29173098,99.65052456,97.71544182,62.5307907
06-09-2025 21:19,23.04224102,75.35522398,62.69410936,49.64399468
06-09-2025 21:20,21.27787206,87.12283539,69.39509234,33.34803959
06-09-2025 21:21,30.50317781,77.66963945,58.56980417,63.45319456
06-09-2025 21:22,29.47010325,98.60624873,86.74900992,52.86617659
06-09-2025 21:23,30.81313758,50.79403864,33.55387277,20.62643968
06-09-2025 21:24,31.76989333,126.5612006,18.11806328,39.31347628
06-09-2025 21:25,27.12011845,138.7267883,64.58134436,28.4150607
06-09-2025 21:26,27.21829878,140.7640651,97.67203858,37.46488199
06-09-2025 21:27,21.99078026,140.2242881,38.13096101,56.77181799
06-09-2025 21:28,25.80687796,183.8913238,10.22709836,44.27792829
06-09-2025 21:29,31.86019846,177.5032082,71.46132366,34.09908496
06-09-2025 21:30,19.25016835,167.8227549,80.66355215,39.6091261
06-09-2025 21:31,18.71825022,62.33094535,31.31228859,75.72158319
06-09-2025 21:32,31.72699467,61.79144363,73.22724708,37.76539875
06-09-2025 21:33,19.30994654,117.5235887,55.61433542,49.14339527
06-09-2025 21:34,26.55961552,62.15029926,79.44749423,31.14171341
06-09-2025 21:35,29.26691877,181.0454138,94.678196,59.09481985
06-09-2025 21:36,20.13654555,50.52072918,58.50876218,42.12381334
06-09-2025 21:37,21.12184261,135.6982541,63.91644257,36.95967711
06-09-2025 21:38,22.91124447,60.98674002,58.05318156,68.1954064
06-09-2025 21:39,17.16560387,161.0003851,43.99344023,33.47855673
06-09-2025 21:40,18.00771861,86.9798312,14.34385491,32.43158023
06-09-2025 21:41,26.56961046,81.70367918,22.86041998,62.7460512
06-09-2025 21:42,18.34373912,171.3879347,28.11061105,40.69875334
06-09-2025 21:43,15.92082159,59.93021389,57.65013116,51.09115905
06-09-2025 21:44,30.23284914,164.3758128,78.94355958,35.02756924
06-09-2025 21:45,30.32172402,128.1465681,61.64091894,62.979749
06-09-2025 21:46,26.14723826,103.3044372,48.88996224,77.76593586
06-09-2025 21:47,29.17407916,66.7970578,15.56951218,25.99381308
06-09-2025 21:48,15.68600713,189.5826283,46.00339347,62.09133737
06-09-2025 21:49,25.65751564,107.1252515,74.65994892,69.17048852
06-09-2025 21:50,30.68667322,60.59799822,30.42730632,79.28912438
06-09-2025 21:51,20.60869951,73.86474994,72.5297391,75.9557656
06-09-2025 21:52,34.71356391,198.689337,93.71466031,44.64957834
06-09-2025 21:53,23.93616088,83.51315488,31.80013302,20.46923548
06-09-2025 21:54,21.0235285,188.5408187,72.43943915,51.26900787
06-09-2025 21:55,23.75002218,187.6055468,66.94569265,46.9843175
06-09-2025 21:56,19.9537674,187.2977995,87.10987182,29.3600667
06-09-2025 21:57,21.0414508,191.5127099,84.02869579,31.64570274
06-09-2025 21:58,23.72334679,167.2971792,79.39966285,41.54330078
06-09-2025 21:59,18.99205718,154.0925473,32.82632308,25.56278854
06-09-2025 22:00,27.35311505,98.10693861,17.92791552,41.85443647
06-09-2025 22:01,30.5705005,197.4151747,87.23102481,72.73083028
06-09-2025 22:02,23.27881463,192.4743232,33.9782658,42.49467406
06-09-2025 22:03,24.23631116,91.63364293,87.89107249,21.09586404
06-09-2025 22:04,23.70282668,176.2623883,18.10682771,20.68264254
06-09-2025 22:05,29.7246192,148.2840352,78.57461721,57.04955315
06-09-2025 22:06,30.20698213,74.87844417,40.70517085,43.05110373
06-09-2025 22:07,21.10118844,152.2160365,84.88199797,38.81090157
06-09-2025 22:08,18.93544439,105.1339758,72.5023127,59.94170622
06-09-2025 22:09,22.61840257,112.1905615,75.37769441,39.91296815
06-09-2025 22:10,21.48453955,190.1603749,84.57116894,25.1372146
06-09-2025 22:11,30.58241916,179.5036346,86.84118031,27.54202605
06-09-2025 22:12,20.78330041,190.5701644,75.15120572,29.83995458
06-09-2025 22:13,33.99381653,124.619329,91.93282583,55.42774413
06-09-2025 22:14,21.0418532,92.47165294,24.76424319,78.08045488
06-09-2025 22:15,23.06418967,105.193111,40.7766405,32.06390132
06-09-2025 22:16,25.61616665,165.3838028,80.59589501,45.61316325
06-09-2025 22:17,31.28308645,109.5039295,50.94917778,21.5468685
06-09-2025 22:18,26.83027066,151.7936968,54.30255237,61.82844163
06-09-2025 22:19,23.52152413,164.380143,85.84273364,76.25425288
06-09-2025 22:20,20.08441488,162.6963467,26.80222582,57.77387893
06-09-2025 22:21,27.80430216,175.1913633,84.28680263,43.02420653
06-09-2025 22:22,22.07716419,118.8113436,33.60343681,35.54871499
06-09-2025 22:23,23.95309913,157.0561877,91.31126916,78.7881033
06-09-2025 22:24,15.29491819,180.1438492,43.32725575,69.87363018
06-09-2025 22:25,28.72344962,74.8968102,23.85698174,68.02418662
06-09-2025 22:26,26.94460858,86.24524256,29.67022795,52.66188857
06-09-2025 22:27,33.14962938,133.3028307,52.87305984,57.88437582
06-09-2025 22:28,38.04834378,190.1953016,86.27728586,21.92030559
06-09-2025 22:29,26.66380681,80.01877098,48.93174717,55.02488276
06-09-2025 22:30,27.98975271,160.6337143,25.6419324,21.42518526
06-09-2025 22:31,27.56617923,149.0505722,17.69089053,22.65881715
06-09-2025 22:32,29.79022288,52.95108193,77.99685507,41.45199181
06-09-2025 22:33,14.29879248,101.1944852,80.7187505,38.06680865
06-09-2025 22:34,28.78190459,192.0583093,84.48481173,70.35122935
06-09-2025 22:35,21.47885169,185.1770474,19.62386732,57.34550644
06-09-2025 22:36,20.55900605,103.0059047,46.9936847,47.99081845
06-09-2025 22:37,24.35673626,98.63370012,79.69118626,45.17180174
06-09-2025 22:38,32.98209504,77.83053148,97.2386262,34.28811495
06-09-2025 22:39,16.51521796,193.9169804,25.87656055,60.66589803
06-09-2025 22:40,22.94137265,111.5183638,94.24248902,55.40451292
06-09-2025 22:41,17.22447234,171.7962619,81.01109553,42.25262435
06-09-2025 22:42,27.52231992,177.5733896,72.13983704,78.30242259
06-09-2025 22:43,27.08468778,84.14123979,73.3599045,62.67345765
06-09-2025 22:44,27.93600839,95.53260552,80.88316029,24.14928219
06-09-2025 22:45,26.65387364,62.99000014,75.16860293,66.90754698
06-09-2025 22:46,21.71155908,157.4650653,10.56773638,59.75027596
06-09-2025 22:47,32.53285991,53.71575988,29.07929062,41.78469924
06-09-2025 22:48,28.92731215,85.37484854,34.78332764,43.45760246
06-09-2025 22:49,15.35625059,166.2950482,66.19794891,68.86232115
06-09-2025 22:50,25.45906885,79.62734799,24.62959476,36.80384498
06-09-2025 22:51,30.47435565,72.14394528,90.96383403,29.75228094
06-09-2025 22:52,20.52131839,74.83307339,32.0685669,26.73210344
06-09-2025 22:53,29.95357211,137.7890421,26.98666974,53.09837097
06-09-2025 22:54,21.96596052,80.59200454,20.57559842,49.23141
06-09-2025 22:55,27.03738479,143.2391737,17.00420406,31.71151292
06-09-2025 22:56,31.05365658,95.00329212,44.31100301,30.27151996
06-09-2025 22:57,16.65840379,196.5213889,43.0519779,26.15089979
06-09-2025 22:58,26.50392665,99.28561993,30.17112009,70.81536317
06-09-2025 22:59,22.71669768,56.97622656,58.68008076,57.52497658
06-09-2025 23:00,17.98018278,123.3512783,86.99650354,38.8233298
06-09-2025 23:01,9.815204432,158.3917243,19.11151836,24.47435957
06-09-2025 23:02,28.8341968,156.3712888,11.14686546,47.16124316
06-09-2025 23:03,12.79525787,123.0928121,75.85744706,40.89254592
06-09-2025 23:04,34.9711075,175.148418,72.28854906,71.87478226
06-09-2025 23:05,18.0827509,145.9276438,81.05013587,22.79517428
06-09-2025 23:06,25.33448212,152.232214,50.35034368,34.87530333
06-09-2025 23:07,21.31990313,61.14492572,40.48797023,79.20732443
06-09-2025 23:08,28.34728725,118.5274177,59.6888183,32.16300334
06-09-2025 23:09,29.13400583,127.395862,85.5671138,51.00439543
06-09-2025 23:10,25.22251407,142.1467047,34.27520993,24.08492968
06-09-2025 23:11,15.13879359,92.67254264,44.44776526,66.24287458
06-09-2025 23:12,30.20164856,96.48367955,95.21951204,49.24229028
06-09-2025 23:13,17.2464762,183.6666345,99.38658369,51.85488848
06-09-2025 23:14,25.8959862,174.7567187,16.52712415,48.13655281
06-09-2025 23:15,33.51026158,53.54024602,22.04580337,55.04199461
06-09-2025 23:16,25.30391985,106.6832598,77.14298007,54.63129759
06-09-2025 23:17,23.30086531,113.5524347,86.76674092,65.26901714
06-09-2025 23:18,16.31505467,144.8815987,50.87172669,63.94325297
06-09-2025 23:19,24.41389701,133.3992511,21.67650898,63.94387127
06-09-2025 23:20,19.71119539,79.11668128,47.95594019,47.7671856
06-09-2025 23:21,21.82765857,198.9302026,18.0839613,77.45525971
06-09-2025 23:22,21.73448235,64.33245003,14.44332884,69.73429943
06-09-2025 23:23,27.98571208,132.5346755,49.66354945,63.88717101
06-09-2025 23:24,24.71453407,80.97312266,72.20778546,35.96811675
06-09-2025 23:25,24.09661977,158.214525,80.98904132,54.82248435
06-09-2025 23:26,21.25539048,172.6402332,73.00870533,26.35813973
06-09-2025 23:27,29.11740953,90.68033062,82.60381715,29.82121631
06-09-2025 23:28,30.77362167,153.0139486,95.3344928,71.08007044
06-09-2025 23:29,14.12915023,81.36319751,52.64615762,76.45865791
06-09-2025 23:30,31.65465339,107.2554674,34.7852019,60.12075264
06-09-2025 23:31,24.03996717,93.09520032,54.49195208,67.91580596
06-09-2025 23:32,22.69402966,73.51070594,79.43578923,60.38982317
06-09-2025 23:33,22.6762933,188.7516054,94.06908977,71.24877071
06-09-2025 23:34,26.35575033,144.7437272,52.76235776,39.88160896
06-09-2025 23:35,22.40266112,101.6803722,25.8936189,79.31906395
06-09-2025 23:36,33.58516928,151.1956665,45.84026729,35.05392337
06-09-2025 23:37,29.80565092,170.6591585,72.43936071,31.05035871
06-09-2025 23:38,32.50019985,134.8451099,15.68482405,55.79789808
06-09-2025 23:39,25.48975812,78.15510832,56.08616055,28.29556381
06-09-2025 23:40,26.03666602,65.4822341,41.90439114,60.25965245
06-09-2025 23:41,23.87115338,134.0094031,85.05816758,35.22557104
06-09-2025 23:42,22.39828369,121.3160437,86.21485477,35.14925372
06-09-2025 23:43,17.03766808,199.6184053,95.57517684,64.66787389
06-09-2025 23:44,24.65107177,156.6379912,64.29216318,30.365006
06-09-2025 23:45,31.90949787,136.4472077,50.33076768,63.87877958
06-09-2025 23:46,30.93882587,67.95219944,15.89359482,40.8414042
06-09-2025 23:47,24.62874259,147.3479392,62.84742624,23.97131488
06-09-2025 23:48,26.57244227,191.1985702,84.21219433,44.8795341
06-09-2025 23:49,28.80514342,146.9653956,78.237881,65.99787152
06-09-2025 23:50,29.99270542,93.58574181,32.0945526,47.93714081
06-09-2025 23:51,24.69749782,82.4858786,35.18160819,30.7489436
06-09-2025 23:52,28.33844305,188.8972789,37.54689437,39.62377514
06-09-2025 23:53,13.31888247,105.5404012,47.86055721,47.84231325
06-09-2025 23:54,27.83107077,60.48018448,79.36924386,42.95650502
06-09-2025 23:55,29.59595716,177.9648041,85.96635433,29.14100496
06-09-2025 23:56,19.68978238,109.0459085,38.39734217,73.57442994
06-09-2025 23:57,27.67138853,103.8106638,77.2948407,29.5699916
06-09-2025 23:58,27.71008591,131.644289,50.17803446,38.2899844
06-09-2025 23:59,16.86332452,58.61596449,65.8909037,68.7126329
07-09-2025 00:00,22.95316706,99.4591901,12.25624817,61.63039568
07-09-2025 00:01,24.64360062,119.9585149,58.1856268,65.2217354
07-09-2025 00:02,20.1190173,79.30942861,91.96851074,43.76822178
07-09-2025 00:03,17.87615215,65.60878094,30.35371078,71.56634529
07-09-2025 00:04,27.37281032,72.16719385,28.48408485,62.70510384
07-09-2025 00:05,23.61215871,177.6410684,39.125423,66.27931039
07-09-2025 00:06,25.5971139,95.34782088,38.35536289,23.35570416
07-09-2025 00:07,25.03285741,126.3810551,52.33476207,59.30685237
07-09-2025 00:08,27.37873963,146.2726458,87.01246481,46.67417653
07-09-2025 00:09,26.99573908,153.2915653,55.56741327,78.20178669
07-09-2025 00:10,27.31626286,166.4650498,23.75047177,75.48395559
07-09-2025 00:11,30.24653639,117.9989569,10.689714,37.36078775
07-09-2025 00:12,28.74567299,98.67445987,31.79840268,45.97386861
07-09-2025 00:13,18.26381299,53.74069797,51.20571603,44.03371579
07-09-2025 00:14,25.82680924,160.8289504,90.83221253,63.17690687
07-09-2025 00:15,37.07370729,75.68491782,56.41213233,70.66826034
07-09-2025 00:16,26.47316179,117.1237521,38.7778968,71.11161326
07-09-2025 00:17,32.60274824,96.49911175,94.17384126,43.13205644
07-09-2025 00:18,16.70952943,166.2446039,95.72501789,75.39345849
07-09-2025 00:19,23.06498566,180.378763,22.79931309,58.12724179
07-09-2025 00:20,27.01622273,59.82073844,38.9031081,36.31559641
07-09-2025 00:21,31.72372896,130.7723275,60.43760311,29.50958447
07-09-2025 00:22,26.9346413,58.46756176,88.73297422,21.44479298
07-09-2025 00:23,26.86221489,123.2640216,59.57163814,78.64828395
07-09-2025 00:24,24.45443743,59.30785385,51.5487629,52.365471
07-09-2025 00:25,27.61462079,78.4982448,56.48068192,47.26473369
07-09-2025 00:26,18.49778563,148.3623048,52.37654283,44.20682305
07-09-2025 00:27,33.11453813,110.7669698,87.55591182,41.2038002
07-09-2025 00:28,22.9269924,178.843223,98.21437471,27.25306872
07-09-2025 00:29,14.71386896,76.7889955,90.97130067,26.26410623
07-09-2025 00:30,27.01121022,124.2966244,32.06462036,28.47264838
07-09-2025 00:31,17.48982523,102.9449319,58.01385963,68.26925162
07-09-2025 00:32,33.65669334,113.5393224,47.22807329,29.39508796
07-09-2025 00:33,28.95200991,144.0403375,27.23038543,54.86097995
07-09-2025 00:34,32.96611797,88.6975535,87.62939993,70.15712876
07-09-2025 00:35,24.7963222,63.93862019,87.16000766,51.06488858
07-09-2025 00:36,25.34455388,173.0218446,61.4303921,69.36199359
07-09-2025 00:37,33.84579114,129.2414536,92.26593865,65.50969496
07-09-2025 00:38,25.72317631,170.9133047,13.62867334,36.83495265
07-09-2025 00:39,25.95348948,82.79963705,44.4560864,38.41662737
07-09-2025 00:40,22.70172088,177.6836239,36.49024852,76.71091114
07-09-2025 00:41,20.506796,102.9536555,19.56417681,26.78158286
07-09-2025 00:42,23.96299501,136.6841978,71.0390028,53.13132688
07-09-2025 00:43,20.90548423,158.9822835,53.25477285,55.4261777
07-09-2025 00:44,27.19127045,150.0338366,91.13041979,66.66766653
07-09-2025 00:45,18.71703828,54.78521558,27.77421671,57.85076845
07-09-2025 00:46,22.77040722,118.7144789,24.62080384,72.69651492
07-09-2025 00:47,21.28265235,115.71847,61.56015418,76.76777481
07-09-2025 00:48,26.22498875,61.59610133,19.68104486,65.60050445
07-09-2025 00:49,21.48645219,156.2898442,16.75286889,30.51631926
07-09-2025 00:50,24.74872475,150.6193115,48.97148518,69.71058661
07-09-2025 00:51,21.67271897,164.614847,11.9719819,26.47940957
07-09-2025 00:52,41.67354611,146.2764349,52.1651902,69.7170215
07-09-2025 00:53,17.97966167,53.59754829,45.41101558,30.48408967
07-09-2025 00:54,23.95665606,184.8128923,74.53855719,70.59039331
07-09-2025 00:55,26.85047422,176.0101734,76.55220328,72.10262616
07-09-2025 00:56,21.39794407,193.5156301,88.04367778,60.14978152
07-09-2025 00:57,25.0630098,71.05521976,46.00638733,44.61517005
07-09-2025 00:58,29.80721889,162.3045336,58.89276865,35.00606108
07-09-2025 00:59,30.28163268,56.01406796,63.2476331,32.16019088
07-09-2025 01:00,24.41915872,184.7571351,39.58702407,58.2849977
07-09-2025 01:01,23.66081818,58.23209152,15.39939441,58.88763457
07-09-2025 01:02,17.2222773,153.152085,69.74124335,28.43479804
07-09-2025 01:03,28.05151978,111.0643167,66.07164236,70.09154585
07-09-2025 01:04,31.47784709,176.9752406,13.89241113,37.1489258
07-09-2025 01:05,22.64351667,167.7816983,87.11963714,32.69112482
07-09-2025 01:06,27.09433433,67.04501805,17.24202898,36.02418431
07-09-2025 01:07,15.29200954,59.00347226,95.56289999,53.70615006
07-09-2025 01:08,23.10618169,54.47120142,63.2177056,61.61425706
07-09-2025 01:09,26.21021885,170.0941354,36.03064018,25.94751146
07-09-2025 01:10,21.1731945,173.1378089,42.70691291,58.86771218
07-09-2025 01:11,29.19922123,125.1415472,21.92379933,45.41193045
07-09-2025 01:12,21.4302037,180.7286693,52.72637041,75.42362489
07-09-2025 01:13,31.03318042,194.8580807,92.92296776,26.52250351
07-09-2025 01:14,21.82067571,100.2884905,87.04165458,21.1616412
07-09-2025 01:15,24.69233541,165.3291373,49.20635129,49.68679758
07-09-2025 01:16,31.62838419,87.18768543,21.34570721,21.77766261
07-09-2025 01:17,19.56932343,122.0163498,47.84100645,53.04004862
07-09-2025 01:18,28.27714126,100.1655623,80.60688022,41.31235196
07-09-2025 01:19,26.41837946,181.8611727,72.98434086,26.89364911
07-09-2025 01:20,27.86397285,109.3251724,95.97457833,26.79425361
07-09-2025 01:21,25.13268394,90.66813632,78.20175904,22.90079471
07-09-2025 01:22,18.28056081,58.93090773,84.34275722,37.12187659
07-09-2025 01:23,27.74996651,107.6437024,96.84545874,52.90285616
07-09-2025 01:24,23.67434454,145.0728747,70.66791866,32.2009764
07-09-2025 01:25,34.35183635,80.3601749,89.42609051,73.87165363
07-09-2025 01:26,21.91761312,130.6640729,58.35402579,43.90784085
07-09-2025 01:27,21.66237692,154.6879535,15.40491973,70.03141599
07-09-2025 01:28,28.61901824,191.7525623,25.64606111,43.45682962
07-09-2025 01:29,14.25482791,99.31269877,59.06424772,71.63707093
07-09-2025 01:30,34.88336596,199.1984423,13.34511548,23.58662496
07-09-2025 01:31,19.10860254,131.2305374,93.7391851,74.41175084
07-09-2025 01:32,24.56054635,86.07105505,50.78069217,55.98216674
07-09-2025 01:33,24.49124488,161.4061801,75.39888693,51.22278859
07-09-2025 01:34,27.33235323,100.6130316,66.35566127,58.02951411
07-09-2025 01:35,28.53268615,117.2314778,34.25860004,22.84026316
07-09-2025 01:36,23.1599342,51.96620756,36.30211203,30.54758378
07-09-2025 01:37,27.40922665,145.0530924,77.70780339,69.0313176
07-09-2025 01:38,18.57863254,126.5579978,10.04534813,54.33669764
07-09-2025 01:39,22.42876613,129.6878536,76.73378983,37.30237536
07-09-2025 01:40,27.54227656,116.8611823,11.3328439,24.74217258
07-09-2025 01:41,28.10085276,136.6242525,74.1191961,34.95845087
07-09-2025 01:42,20.88516888,95.7280604,14.80591583,51.90988996
07-09-2025 01:43,25.23247108,181.498354,11.17432729,21.50411973
07-09-2025 01:44,27.16818823,194.6665912,15.92677642,32.17523232
07-09-2025 01:45,23.57301203,195.8529587,64.14383951,33.84309044
07-09-2025 01:46,25.25220192,173.959421,61.54466164,45.68202981
07-09-2025 01:47,33.7705045,156.7154388,56.12106974,55.83599997
07-09-2025 01:48,33.24017009,77.89160722,28.28549285,48.18825672
07-09-2025 01:49,23.76486981,97.05495383,98.94855922,75.5686631
07-09-2025 01:50,30.36908825,92.95107973,57.49444062,74.54437018
07-09-2025 01:51,21.91261815,65.71494702,16.42582102,74.29087729
07-09-2025 01:52,29.61715503,198.9040736,90.44053971,67.19183447
07-09-2025 01:53,24.76929677,94.51582597,88.17707138,52.17252989
07-09-2025 01:54,19.9062078,140.0398815,24.13785908,37.62690881
07-09-2025 01:55,20.19345847,118.0648473,97.94913964,79.04135889
07-09-2025 01:56,26.86331382,180.2518019,51.53424627,54.88860208
07-09-2025 01:57,22.44010893,111.4846611,96.25239934,77.69348844
07-09-2025 01:58,24.70049741,189.8383823,83.37815778,24.07590411
07-09-2025 01:59,21.91316322,78.02689109,81.53465155,51.00341979
07-09-2025 02:00,28.20299957,66.45926987,35.66214672,43.86496452
07-09-2025 02:01,28.05870678,108.8711555,55.55437514,56.65402174
07-09-2025 02:02,25.80972131,121.6997966,29.70929405,71.61782422
07-09-2025 02:03,35.5814539,147.1993545,66.01246917,48.52591163
07-09-2025 02:04,27.53238896,196.6571453,37.35316923,73.89512915
07-09-2025 02:05,33.45285029,140.2495773,29.26790136,41.73981547
07-09-2025 02:06,23.43711554,120.132974,49.80183871,29.67237764
07-09-2025 02:07,17.13530693,170.8263428,10.79582078,23.29917037
07-09-2025 02:08,31.60787385,137.507987,59.63355743,49.80932811
07-09-2025 02:09,26.57235522,154.9268796,90.30453331,53.46072237
07-09-2025 02:10,24.07031454,145.3310103,14.08017817,56.59569026
07-09-2025 02:11,15.27405263,162.6907526,25.16574487,28.08110284
07-09-2025 02:12,29.85153403,182.0198735,98.95234598,67.63652353
07-09-2025 02:13,29.14784026,83.13694854,69.96955749,59.05320165
07-09-2025 02:14,25.55553298,100.5858929,58.18725668,28.9116082
07-09-2025 02:15,25.20726837,144.4134904,82.0830694,36.11309023
07-09-2025 02:16,27.6355431,159.1282956,34.58775111,67.94427957
07-09-2025 02:17,19.53213182,50.70569699,32.61397999,50.40240861
07-09-2025 02:18,29.60754579,150.1175145,35.14560148,25.16807115
07-09-2025 02:19,23.11776723,147.7318805,35.41434684,40.61653302
07-09-2025 02:20,28.96858184,82.59962818,48.70910547,79.02187144
07-09-2025 02:21,18.7217981,104.1268967,73.82030693,70.35150367
07-09-2025 02:22,26.71414417,110.9372406,29.19227779,79.89730866
07-09-2025 02:23,30.04949278,170.2558819,98.62226663,51.7711103
07-09-2025 02:24,22.77756378,73.2765572,94.23335898,32.47238571
07-09-2025 02:25,27.97854864,134.9032315,84.12907062,63.30410067
07-09-2025 02:26,25.98535801,150.8911996,27.05155801,41.55943796
07-09-2025 02:27,27.11810197,56.82433531,12.24221847,53.48721374
07-09-2025 02:28,31.97211045,165.2558113,10.72056886,43.84396657
07-09-2025 02:29,19.14997715,198.237675,85.64594915,79.1633846
07-09-2025 02:30,28.26772191,162.2253416,81.95042557,58.82495743
07-09-2025 02:31,32.55335339,90.31334481,58.16528156,31.19793665
07-09-2025 02:32,20.46995486,89.66582204,86.19311213,21.12539785
07-09-2025 02:33,27.71873175,125.8284523,62.24977795,33.99668975
07-09-2025 02:34,23.58993189,64.45356767,85.50315255,21.71846935
07-09-2025 02:35,29.49160121,115.4632948,31.71127889,28.0310228
07-09-2025 02:36,30.6071352,54.24122128,62.97383034,71.36186535
07-09-2025 02:37,35.16687247,173.0692654,98.07853634,73.74779783
07-09-2025 02:38,16.90116463,54.6294177,69.43040727,29.49614842
07-09-2025 02:39,31.9533226,147.4276053,57.4614198,32.94722852
07-09-2025 02:40,23.47419598,71.73456838,89.58139602,26.71016574
07-09-2025 02:41,19.63349446,132.0282713,71.73965207,71.43521798
07-09-2025 02:42,21.96128732,150.6837001,59.18713165,61.25763365
07-09-2025 02:43,19.81944126,100.2494413,28.90967705,64.52555341
07-09-2025 02:44,25.44448608,157.9503219,53.39717082,21.55542341
07-09-2025 02:45,20.63204871,145.5405715,10.1714999,40.22317176
07-09-2025 02:46,24.52813543,154.9161523,96.43246124,29.21895878
07-09-2025 02:47,22.33702484,119.2061512,28.32997387,47.52307327
07-09-2025 02:48,25.32818023,161.4463092,23.741409,49.46803709
07-09-2025 02:49,19.51081705,118.728056,57.80125102,52.97964953
07-09-2025 02:50,31.25241891,59.44753869,93.18298084,71.58706177
07-09-2025 02:51,28.87411158,146.2751473,33.69405045,56.46019694
07-09-2025 02:52,22.59318451,69.3618956,98.05272977,59.970705
07-09-2025 02:53,21.4688399,68.35334535,68.58782363,35.42947408
07-09-2025 02:54,31.35993553,64.64464815,55.79186562,56.12916439
07-09-2025 02:55,34.53727941,52.61135317,57.28069577,49.18680603
07-09-2025 02:56,23.26309921,108.3746909,98.9696712,68.43300676
07-09-2025 02:57,26.69068296,164.1032404,47.2363256,20.44181603
07-09-2025 02:58,22.16610562,113.1951608,50.07598192,32.12696067
07-09-2025 02:59,20.57477707,92.90752473,70.62156605,79.74139495
07-09-2025 03:00,25.75456963,125.3401017,63.6618365,34.37120459
07-09-2025 03:01,13.46661673,139.1854176,91.43155544,48.39829516
07-09-2025 03:02,28.00455991,65.944517,91.32251852,36.77031134
07-09-2025 03:03,27.05900683,109.9598097,18.59026076,60.45523173
07-09-2025 03:04,14.50511193,193.0759917,85.12837564,27.08208345
07-09-2025 03:05,32.68096302,161.9090395,83.07086297,24.86743953
07-09-2025 03:06,20.87118628,81.49926017,37.19499984,38.86170842
07-09-2025 03:07,19.24777169,195.6594159,56.65717702,24.63212268
07-09-2025 03:08,25.00900576,53.31730915,43.37310822,30.08689786
07-09-2025 03:09,20.95943237,116.2020327,39.59809116,64.40926664
07-09-2025 03:10,26.08950791,68.91058117,58.79086522,71.6003217
07-09-2025 03:11,21.09482248,136.1406268,96.93728378,39.58647353
07-09-2025 03:12,23.219108,195.7050891,65.6263165,30.10514585
07-09-2025 03:13,24.73811659,153.9994865,70.61908077,26.57666036
07-09-2025 03:14,27.14918884,53.11059204,21.63977946,65.93941747
07-09-2025 03:15,25.98675667,89.97698344,65.8922211,64.35423117
07-09-2025 03:16,18.1697666,173.2050817,25.98892377,42.17468923
07-09-2025 03:17,23.88099469,78.77392405,71.50152113,26.33716343
07-09-2025 03:18,24.56869956,127.4152391,65.83058443,48.02145814
07-09-2025 03:19,19.9017856,147.3113076,83.1221717,56.91692227
07-09-2025 03:20,16.75925612,116.7398559,36.43300173,28.09903721
07-09-2025 03:21,26.3098462,140.9538914,88.63035352,47.06706023
07-09-2025 03:22,31.70087855,171.6865839,78.08934953,29.99834448
07-09-2025 03:23,25.08653922,52.3514133,80.13286319,27.06533014
07-09-2025 03:24,24.640844,125.4914933,80.86326405,43.08291767
07-09-2025 03:25,19.26343607,122.3331248,53.71280425,75.72760441
07-09-2025 03:26,30.89416263,117.1224264,30.92451739,43.16919734
07-09-2025 03:27,22.68354814,77.13725593,10.31218121,33.92870382
07-09-2025 03:28,20.78304993,103.6621904,63.11608191,79.34901098
07-09-2025 03:29,29.71272027,58.41156774,84.71871008,35.16993143
07-09-2025 03:30,22.96719361,76.59941847,14.27601512,46.81163208
07-09-2025 03:31,23.09753543,181.3398099,31.4071279,47.71966555
07-09-2025 03:32,18.01238016,111.6887448,89.3369007,45.44837793
07-09-2025 03:33,25.12872413,183.366575,92.06034454,65.41569115
07-09-2025 03:34,21.32827924,113.1422956,94.07521186,35.2676914
07-09-2025 03:35,20.49195886,70.9408238,20.62760032,71.0004556
07-09-2025 03:36,20.09564034,190.0193919,40.37075931,40.6292938
07-09-2025 03:37,18.30503993,56.9233372,71.95880157,45.42018484
07-09-2025 03:38,18.70410349,109.9211574,88.03190593,24.0823612
07-09-2025 03:39,23.87276372,77.10756469,96.25029789,55.15564942
07-09-2025 03:40,16.08471565,90.80949637,95.010163,78.52557103
07-09-2025 03:41,30.31746004,149.9004873,66.11334708,69.59100605
07-09-2025 03:42,20.58109107,67.63585865,33.03964043,46.73880009
07-09-2025 03:43,18.5901948,153.8347643,52.76184707,65.57720914
07-09-2025 03:44,29.23151391,134.8775664,77.39764929,57.402188
07-09-2025 03:45,26.30068503,127.469803,52.75467651,43.65872945
07-09-2025 03:46,33.55508006,154.6547336,79.76228294,76.83319727
07-09-2025 03:47,31.50247874,110.3573404,88.22675694,60.60078013
07-09-2025 03:48,27.33162941,183.7287515,31.1062508,59.4199514
07-09-2025 03:49,14.86289638,102.5364626,43.37710948,54.88007212
07-09-2025 03:50,21.85145577,100.5604308,96.63205392,69.70977042
07-09-2025 03:51,21.33804325,72.44580763,14.1163635,68.31432866
07-09-2025 03:52,37.47091201,123.4236893,94.06872071,36.27371926
07-09-2025 03:53,27.53098934,52.78531593,85.04715043,33.45758384
07-09-2025 03:54,19.30284667,91.31159994,29.74666311,26.46432317
07-09-2025 03:55,32.03654576,141.4610549,31.764375,57.64165184
07-09-2025 03:56,26.82261947,82.78008981,71.72991378,46.1700754
07-09-2025 03:57,19.24277405,180.8756695,79.41166177,39.64335137
07-09-2025 03:58,26.87582511,169.882508,28.38466023,33.07678533
07-09-2025 03:59,20.43320568,50.05616305,31.31079176,50.16872133
07-09-2025 04:00,24.53231742,99.66811433,43.08100691,45.48510578
07-09-2025 04:01,33.26850507,167.3190022,39.40747513,41.98966582
07-09-2025 04:02,27.86915443,170.4015559,49.62779078,40.02845615
07-09-2025 04:03,23.87512446,130.0559171,23.61975262,74.10078696
07-09-2025 04:04,23.83940283,178.2176292,25.34514804,23.62059566
07-09-2025 04:05,20.86759034,133.5315453,48.65967116,67.26950038
07-09-2025 04:06,20.01679054,162.3221601,81.53297253,28.84449419
07-09-2025 04:07,25.42977922,77.21636992,35.80547684,63.55126836
07-09-2025 04:08,30.00495462,176.038092,34.81826559,37.5590526
07-09-2025 04:09,25.29004401,121.9451647,19.80057089,32.25055973
07-09-2025 04:10,23.78970083,51.24783863,17.48588763,38.88942366
07-09-2025 04:11,17.19268105,99.34540701,96.67218436,56.73784814
07-09-2025 04:12,19.97924051,108.3615081,36.33443938,41.45035863
07-09-2025 04:13,30.73920343,149.11808,29.38919495,38.75234754
07-09-2025 04:14,21.96281488,99.13495039,35.69033092,48.85264031
07-09-2025 04:15,18.33205841,181.0836674,38.2759544,59.05130804
07-09-2025 04:16,13.83055778,142.3338417,50.57156773,23.13737525
07-09-2025 04:17,21.87649235,170.1984037,70.91464647,25.7003175
07-09-2025 04:18,16.7758991,184.1989418,74.62331494,31.07158075
07-09-2025 04:19,26.87772981,100.7466733,60.08842321,57.50979185
07-09-2025 04:20,25.46717944,79.00505722,95.55903533,47.13071826
07-09-2025 04:21,27.57769312,78.99523634,15.1673951,50.59069004
07-09-2025 04:22,29.32325592,155.8128414,87.56779936,35.50218722
07-09-2025 04:23,29.20836387,59.78524469,79.39912328,58.1873855
07-09-2025 04:24,26.910168,167.9029908,29.36892426,78.16397586
07-09-2025 04:25,18.58775113,147.58267,71.43100781,77.4209267
07-09-2025 04:26,28.69013241,164.0232537,84.06175742,44.73774334
07-09-2025 04:27,25.78707234,115.6099421,89.87852769,53.09344984
07-09-2025 04:28,22.68280874,126.7644453,77.85108709,51.33306236
07-09-2025 04:29,27.92630421,177.6403907,21.75784007,59.12699386
07-09-2025 04:30,16.6108014,178.2731627,34.0074204,77.42626901
07-09-2025 04:31,19.75615512,138.1592486,41.05075904,79.10628573
07-09-2025 04:32,23.79181824,117.4838885,65.43245505,68.4542951
07-09-2025 04:33,25.27132965,69.53914198,52.86800063,63.09046561
07-09-2025 04:34,27.52519822,57.70607336,89.3564186,77.53524189
07-09-2025 04:35,22.26370448,197.9989699,57.88479548,42.08338669
07-09-2025 04:36,20.97964899,113.7539773,15.12067279,41.66963524
07-09-2025 04:37,16.08688828,106.3683895,11.37206303,65.23754455
07-09-2025 04:38,12.37923016,166.9519218,59.42579655,24.6175143
07-09-2025 04:39,29.58317511,120.5720127,86.95268034,45.73210991
07-09-2025 04:40,23.13935891,184.3738461,19.75314266,40.4036608
07-09-2025 04:41,29.11401227,178.3861265,83.29419837,36.7156733
07-09-2025 04:42,30.54379108,170.9497606,92.89192494,65.14332308
07-09-2025 04:43,30.55990241,162.9708457,64.15177091,56.43481223
07-09-2025 04:44,21.39716225,192.9643195,96.40171047,52.50090067
07-09-2025 04:45,32.19475231,63.22349433,86.17840302,53.16382129
07-09-2025 04:46,30.37052789,110.1794458,78.33277908,22.10092061
07-09-2025 04:47,21.61213877,77.73601859,13.00168796,22.90553494
07-09-2025 04:48,20.66041128,111.3487248,46.3317687,43.29130807
07-09-2025 04:49,28.70263938,181.6096738,29.06224811,73.79927215
07-09-2025 04:50,25.54136057,130.0189264,18.58873149,43.94029874
07-09-2025 04:51,27.48109841,120.321861,99.31730734,27.76354343
07-09-2025 04:52,30.09963599,146.3422398,26.20472177,36.35287877
07-09-2025 04:53,29.75538116,179.4704,50.62771659,33.52653823
07-09-2025 04:54,24.09772093,161.7897653,59.01635544,28.9480169
07-09-2025 04:55,27.37815618,140.3938761,89.89496138,54.18173745
07-09-2025 04:56,31.28515564,173.4983556,66.43477961,28.4689735
07-09-2025 04:57,21.40783365,88.02694187,20.02873896,35.32281097
07-09-2025 04:58,30.14092659,147.9377814,23.25297711,29.56850841
07-09-2025 04:59,27.54771826,181.163527,70.69513031,42.07831274
07-09-2025 05:00,35.46863771,111.558383,11.42441295,61.51305674
07-09-2025 05:01,31.42930558,172.0638994,20.00432106,22.62324161
07-09-2025 05:02,26.31792219,119.7359295,45.2025315,20.94177403
07-09-2025 05:03,25.69565349,61.75025639,39.83489859,34.89907202
07-09-2025 05:04,14.50318895,171.1457648,12.84805403,34.03707595
07-09-2025 05:05,28.45344324,51.1644812,66.34714093,34.78025888
07-09-2025 05:06,21.91398667,101.2175922,47.61946508,62.86985904
07-09-2025 05:07,29.39916933,59.91513808,26.04512789,60.96390534
07-09-2025 05:08,17.20042036,188.8220292,14.19821479,55.18939894
07-09-2025 05:09,28.86918815,196.2514298,85.97283093,40.2425456
07-09-2025 05:10,28.55223198,192.3164672,71.69582206,23.8085886
07-09-2025 05:11,17.29210892,149.1365325,92.27987608,51.73084937
07-09-2025 05:12,18.1869645,160.554886,94.14135613,31.00851699
07-09-2025 05:13,35.2095656,157.123435,39.10146352,44.17111075
07-09-2025 05:14,24.46903338,92.61286964,96.08058198,43.54006347
07-09-2025 05:15,28.8470854,114.1637813,48.39544733,41.17703798
07-09-2025 05:16,17.26340706,117.0099619,43.8629864,58.95293274
07-09-2025 05:17,32.56521692,180.5738676,33.12454866,40.9971496
07-09-2025 05:18,19.93660812,173.4848391,39.99826203,59.93143237
07-09-2025 05:19,19.25704168,149.2283627,17.90220664,59.38078993
07-09-2025 05:20,18.93338142,154.5864592,89.93709465,46.26640309
07-09-2025 05:21,24.8547068,68.50326368,31.80385604,44.4318455
07-09-2025 05:22,32.75508668,98.24579858,58.79309514,45.1692249
07-09-2025 05:23,23.33032766,181.0769971,27.69513048,74.75666716
07-09-2025 05:24,29.34662764,78.04248333,73.08163912,39.44968372
07-09-2025 05:25,27.42210899,85.05813114,86.96348755,27.5979448
07-09-2025 05:26,27.35146966,96.66993706,20.44308458,35.08725384
07-09-2025 05:27,22.60423133,124.2123338,80.9132517,56.59681443
07-09-2025 05:28,33.13291915,193.5014313,29.99234537,67.18022916
07-09-2025 05:29,24.46132569,144.8013821,91.98884826,31.5378455
07-09-2025 05:30,32.24499348,100.382851,60.30020309,69.03979108
07-09-2025 05:31,30.30673983,183.1766178,20.62732861,59.13073797
07-09-2025 05:32,20.80499015,140.4452247,25.6904128,30.93533881
07-09-2025 05:33,36.29656191,88.74719648,24.60053252,71.82921321
07-09-2025 05:34,22.15446005,58.00986153,19.99202217,54.12726424
07-09-2025 05:35,19.01937626,74.85155249,24.52159094,59.77008852
07-09-2025 05:36,25.89304738,178.7172574,79.02472669,72.55309181
07-09-2025 05:37,21.06961018,90.92903254,48.33099538,78.59348788
07-09-2025 05:38,24.38243718,109.6256,85.90925156,38.22841922
07-09-2025 05:39,22.64075699,126.7641423,51.3109475,49.80627257
07-09-2025 05:40,21.68967731,102.1364606,52.46067291,54.0904849
07-09-2025 05:41,23.03777368,152.0265817,66.36421217,52.95576518
07-09-2025 05:42,25.70353907,162.3927367,52.81860895,53.2067808
07-09-2025 05:43,27.19396765,98.31292346,66.15163294,29.7758634
07-09-2025 05:44,17.83191791,120.2722908,86.060012,74.15790384
07-09-2025 05:45,13.2177517,80.52423066,94.27363169,51.31819061
07-09-2025 05:46,24.09891341,74.33181588,10.34417002,54.37633031
07-09-2025 05:47,27.4751564,184.0570354,43.9092395,35.17833984
07-09-2025 05:48,17.55651248,167.5075521,86.31400122,42.60843938
07-09-2025 05:49,29.27404591,80.77124097,76.43713867,78.30446313
07-09-2025 05:50,24.61197575,109.8492304,67.25029594,57.02702223
07-09-2025 05:51,26.09025424,56.83886082,63.67832106,24.37428371
07-09-2025 05:52,31.05526114,71.61257503,10.2134282,44.82438225
07-09-2025 05:53,24.07264327,93.29272958,42.78300649,63.26040075
07-09-2025 05:54,28.97242628,92.77556986,46.22868602,61.22098268
07-09-2025 05:55,24.66768071,90.91154802,73.25446107,22.26284969
07-09-2025 05:56,26.89609392,116.3677463,81.24366643,29.36418951
07-09-2025 05:57,25.50220064,60.9194266,95.09136512,33.57067792
07-09-2025 05:58,18.77090416,193.9032326,49.20367169,45.40113109
07-09-2025 05:59,22.15871349,65.21038975,39.51913525,27.96583193
07-09-2025 06:00,23.49351131,68.07550413,78.01705494,61.02933292
07-09-2025 06:01,38.24275511,76.90129109,77.62680684,28.39473645
07-09-2025 06:02,26.77276882,185.1803863,51.55916817,73.43935941
07-09-2025 06:03,24.97340126,173.1342081,35.40849137,50.18695287
07-09-2025 06:04,31.96247799,167.8774715,14.07045044,47.74038219
07-09-2025 06:05,30.3259546,61.40079899,22.99948559,20.01297007
07-09-2025 06:06,25.3993205,178.6585429,73.87190532,66.08670136
07-09-2025 06:07,22.23294647,195.983183,39.18825137,39.67566949
07-09-2025 06:08,22.95967293,116.2066499,76.08288612,47.89493945
07-09-2025 06:09,21.73379649,71.17122348,59.69690558,29.4841847
07-09-2025 06:10,17.37650785,153.8861908,33.35595356,50.0795635
07-09-2025 06:11,38.20465452,104.0550891,44.95737235,53.55858529
07-09-2025 06:12,30.54916817,55.95226177,46.14862498,31.69585361
07-09-2025 06:13,22.63391503,125.1580429,43.3912853,35.18066739
07-09-2025 06:14,22.46643469,130.5926269,14.18632304,59.42615909
07-09-2025 06:15,26.31687829,165.923482,39.32096006,47.8392674
07-09-2025 06:16,21.21808374,167.1221651,93.80246325,62.53251858
07-09-2025 06:17,35.09035094,140.3882904,57.25427549,67.49252965
07-09-2025 06:18,24.29727317,51.34268189,43.55658908,22.53227522
07-09-2025 06:19,14.87610905,178.0484792,69.35756023,70.54276999
07-09-2025 06:20,20.758021,166.682612,36.79546599,58.21785764
07-09-2025 06:21,21.0999148,196.6855744,49.1943976,74.9343454
07-09-2025 06:22,22.34354081,105.0319502,20.13722126,44.82589241
07-09-2025 06:23,21.77232396,73.24933556,38.50447858,77.85739834
07-09-2025 06:24,31.60213214,103.4780345,93.04694691,56.98095505
07-09-2025 06:25,39.89388823,196.6885928,38.6897042,74.05944475
07-09-2025 06:26,26.18422457,152.6127929,36.5224467,23.75286497
07-09-2025 06:27,27.68064163,154.6123215,23.67342074,49.42796102
07-09-2025 06:28,23.79980591,191.1454012,45.70438315,48.86636603
07-09-2025 06:29,24.03867461,117.0483754,15.57201123,36.05869498
07-09-2025 06:30,22.6349339,197.5712103,66.40747173,31.13092478
07-09-2025 06:31,18.82130169,165.5488923,92.69357023,51.64927636
07-09-2025 06:32,24.49447804,196.2264128,84.43102039,68.15081882
07-09-2025 06:33,24.73002705,154.9760786,32.88832153,39.85495376
07-09-2025 06:34,32.521706,87.74644984,97.53420662,54.44728655
07-09-2025 06:35,24.95322542,69.86330693,88.51398665,20.74576308
07-09-2025 06:36,21.34824362,60.76084842,56.83163101,58.12198374
07-09-2025 06:37,14.75200881,121.3872615,90.45354459,58.52347782
07-09-2025 06:38,25.51731999,166.4410199,80.88362694,66.6674723
07-09-2025 06:39,22.56662385,77.82984939,33.4335599,32.53117758
07-09-2025 06:40,15.45428134,111.6155676,24.58311129,75.63507823
07-09-2025 06:41,33.99324192,132.2035566,94.4000445,76.60895694
07-09-2025 06:42,28.67923203,190.3929513,31.25958173,68.41159313
07-09-2025 06:43,23.1060576,92.66657281,95.43778269,64.88016849
07-09-2025 06:44,23.17831777,147.3260933,95.35918914,38.79815562
07-09-2025 06:45,24.50816042,119.853908,30.87951616,70.89239855
07-09-2025 06:46,14.23883724,130.4062626,86.73714588,55.78563877
07-09-2025 06:47,23.78779612,144.2032843,22.93854416,37.2208617
07-09-2025 06:48,30.05530591,125.8607262,40.87996608,36.30281075
07-09-2025 06:49,20.18302495,124.9000929,99.9602062,53.13006541
07-09-2025 06:50,26.60151976,80.84099009,81.01491786,65.82876696
07-09-2025 06:51,28.70782333,78.85399128,11.38926245,27.36413929
07-09-2025 06:52,32.08882995,82.91596012,38.41834239,21.48007415
07-09-2025 06:53,29.93836443,168.8520216,89.06019221,66.84024115
07-09-2025 06:54,32.89355459,77.33961621,23.44429179,76.6151395
07-09-2025 06:55,30.64509787,133.2808585,92.66363319,67.99173701
07-09-2025 06:56,27.6364621,107.2539951,81.02288621,46.48259402
07-09-2025 06:57,30.0658586,196.6387953,96.19198386,44.45127081
07-09-2025 06:58,26.07065249,70.87270405,62.36034569,54.77646886
07-09-2025 06:59,18.44875609,116.2158513,62.2586804,63.73585953
07-09-2025 07:00,26.11170431,132.3450604,20.84663683,48.60593075
07-09-2025 07:01,22.38671087,147.0332775,40.10275502,75.28665184
07-09-2025 07:02,24.6624067,80.37038274,47.45125372,23.25384982
07-09-2025 07:03,27.81015736,73.31271965,34.88686054,42.16479431
07-09-2025 07:04,28.74006093,161.5148166,98.58640463,64.78718141
07-09-2025 07:05,25.42294111,184.0698767,15.31855348,71.57504721
07-09-2025 07:06,17.53723071,173.6750494,49.00084824,61.26877292
07-09-2025 07:07,16.78814093,86.1858405,92.75828091,25.5314189
07-09-2025 07:08,26.25539494,138.3629867,97.78962623,35.36845841
07-09-2025 07:09,15.62214135,79.98278866,53.83630194,20.26427145
07-09-2025 07:10,27.16627168,93.1058861,22.54191501,40.06857225
07-09-2025 07:11,27.52328165,94.19307632,35.10408045,22.12270567
07-09-2025 07:12,29.78235472,121.6093726,32.79063594,60.93954295
07-09-2025 07:13,36.18036712,136.9257678,55.13805012,21.98351595
07-09-2025 07:14,25.4623762,139.8548128,42.29155553,57.70920041
07-09-2025 07:15,28.68225125,150.99198,22.79135387,71.23837603
07-09-2025 07:16,19.7330552,113.622955,97.34484948,47.17471933
07-09-2025 07:17,25.08716796,176.821596,38.45461062,32.38376275
07-09-2025 07:18,27.914047,123.7174319,13.16873527,39.01975209
07-09-2025 07:19,21.16352631,84.39279559,36.948873,72.73659597
07-09-2025 07:20,21.19037189,72.08433424,39.94117695,41.55195699
07-09-2025 07:21,25.36752064,150.6286513,66.22237012,35.29135369
07-09-2025 07:22,36.72066607,155.3611142,29.9921158,38.07583674
07-09-2025 07:23,14.75509779,114.4652824,94.47527676,24.92575689
07-09-2025 07:24,20.60213697,69.89356564,98.67251606,66.59593219
07-09-2025 07:25,22.42923032,73.91763419,27.45562518,30.21265094
07-09-2025 07:26,19.66583586,50.66782278,17.45331705,22.78432054
07-09-2025 07:27,20.83160268,160.8310544,62.86688839,38.16355935
07-09-2025 07:28,25.15554204,133.0967555,19.01584055,34.77101015
07-09-2025 07:29,20.88368215,185.2492555,80.09215066,50.4850211
07-09-2025 07:30,17.48958877,71.77043061,61.11043129,62.28364797
07-09-2025 07:31,27.76652209,158.0848169,90.55954101,65.07151836
07-09-2025 07:32,31.410558,108.6306744,87.08437495,52.50125891
07-09-2025 07:33,27.07981136,161.3071127,51.92331251,54.495625
07-09-2025 07:34,31.79787902,100.7208899,63.78594805,70.86493922
07-09-2025 07:35,21.5838485,161.1402362,41.77798724,38.07218867
07-09-2025 07:36,26.13158099,155.4590866,34.29641702,33.25299452
07-09-2025 07:37,22.90223432,180.6272721,62.98479249,44.86035044
07-09-2025 07:38,24.94723245,175.3271841,16.52754791,20.08756352
07-09-2025 07:39,25.37809084,106.7764795,19.89260734,29.10665522
07-09-2025 07:40,25.52455608,120.483899,44.61737079,62.64482295
07-09-2025 07:41,30.32071186,116.6616221,12.78784778,67.94250701
07-09-2025 07:42,19.45104115,107.104784,30.04758992,32.60525135
07-09-2025 07:43,25.94082942,160.79817,86.13363987,62.56877988
07-09-2025 07:44,26.26086723,142.4647297,84.20791833,55.50411701
07-09-2025 07:45,23.01889165,54.54505428,91.9420192,56.64538768
07-09-2025 07:46,25.06559288,164.8220111,53.36135534,62.14448743
07-09-2025 07:47,26.03919367,184.8605737,18.09249278,44.69112267
07-09-2025 07:48,28.7469442,98.29809062,79.57302931,29.31298224
07-09-2025 07:49,23.10101123,95.15609817,56.84687767,77.99595828
07-09-2025 07:50,27.22968659,160.2462232,75.08764447,57.12905658
07-09-2025 07:51,22.49539907,98.46985641,88.86890343,27.32495184
07-09-2025 07:52,24.03465595,61.90360135,44.04545505,35.0086395
07-09-2025 07:53,29.19253643,144.7998574,34.43455423,66.66317936
07-09-2025 07:54,20.23672563,136.0960505,48.0489288,33.02915372
07-09-2025 07:55,26.38653434,179.1420982,10.88607398,27.04208436
07-09-2025 07:56,22.65710804,140.3614111,93.59525316,30.47310738
07-09-2025 07:57,17.07833355,167.3093314,47.38419701,69.89951321
07-09-2025 07:58,20.76236627,100.2937151,19.99634949,71.65898571
07-09-2025 07:59,22.2414022,107.540198,20.99439797,31.53152768
07-09-2025 08:00,29.41650982,64.50586935,98.58940416,55.68265544
07-09-2025 08:01,32.43874747,70.86870808,44.38329976,25.568271
07-09-2025 08:02,26.05733021,92.79259378,85.45001244,36.18424217
07-09-2025 08:03,28.517622,104.8672194,43.44083729,33.49662995
07-09-2025 08:04,21.67394759,81.42937303,82.36466359,20.1101477
07-09-2025 08:05,20.86780967,158.5853481,19.79537126,69.19226664
07-09-2025 08:06,23.59796617,124.9357655,80.82114777,46.10323489
07-09-2025 08:07,22.21416354,50.39128109,34.33141786,25.24430674
07-09-2025 08:08,24.08815891,148.2873746,65.62454023,30.55723961
07-09-2025 08:09,23.76017318,97.67765246,45.11973993,78.13832203
07-09-2025 08:10,26.7637772,148.5152085,26.93528205,42.37665695
07-09-2025 08:11,23.90660681,79.14942837,53.76877661,25.40468708
07-09-2025 08:12,28.42945883,199.2813176,40.88631196,70.20608097
07-09-2025 08:13,22.43871729,114.191568,77.37682896,42.25762132
07-09-2025 08:14,32.35098278,170.1318476,45.39283112,77.7964594
07-09-2025 08:15,32.08076309,83.91929149,33.86236925,39.60924428
07-09-2025 08:16,24.58204616,183.5776481,54.16469904,51.74973732
07-09-2025 08:17,25.7609808,107.0889339,28.79337201,37.19356858
07-09-2025 08:18,26.76283442,61.35997824,57.87253217,32.74891538
07-09-2025 08:19,20.62981714,196.3587409,11.96407266,29.41469144
07-09-2025 08:20,16.2677043,115.7947245,55.96296224,36.23658324
07-09-2025 08:21,34.13794865,86.36178486,89.13495415,45.20074995
07-09-2025 08:22,18.71090777,187.2720262,19.5147905,38.56129055
07-09-2025 08:23,28.31798929,192.4272207,30.91271574,63.44712115
07-09-2025 08:24,21.36144306,77.88832662,71.37620547,70.00905349
07-09-2025 08:25,19.07664662,92.98991972,24.02571543,67.70943177
07-09-2025 08:26,15.60166978,99.46070785,80.12302632,79.04109424
07-09-2025 08:27,19.96420944,164.1060473,98.76354971,35.00872485
07-09-2025 08:28,27.02268427,164.2449884,58.03819158,55.35481256
07-09-2025 08:29,26.66524019,181.558413,94.2471626,62.07091709
07-09-2025 08:30,33.65895202,55.51598186,77.93411091,56.79268694
07-09-2025 08:31,28.35068341,167.6311698,51.52042608,25.78884451
07-09-2025 08:32,23.48892259,195.0481469,67.75788814,79.51795348
07-09-2025 08:33,22.4655608,133.3876796,37.96612583,54.98544851
07-09-2025 08:34,28.40471484,194.9679737,64.1852408,20.30211371
07-09-2025 08:35,21.30537887,140.9754153,67.57134896,61.68131978
07-09-2025 08:36,31.39066419,153.7466716,32.31222534,26.08931769
07-09-2025 08:37,19.17429082,114.1429446,20.44281082,20.43111499
07-09-2025 08:38,31.67186981,66.77481016,94.53193143,61.31778551
07-09-2025 08:39,22.90650328,170.7642493,27.63736868,58.80395784
07-09-2025 08:40,22.66178145,111.9016139,27.27525851,73.56112642
07-09-2025 08:41,31.42344974,60.55722319,14.46341919,26.68306143
07-09-2025 08:42,23.51725562,67.82885083,80.82215686,55.22787412
07-09-2025 08:43,28.78280908,155.3404423,47.11031918,69.33188578
07-09-2025 08:44,29.72532267,114.215899,68.0904842,31.19389762
07-09-2025 08:45,18.62704557,90.4894662,11.82796957,49.25458001
07-09-2025 08:46,32.68288124,187.776155,48.96740213,65.66880939
07-09-2025 08:47,26.47642487,105.9724754,32.18445067,22.4643363
07-09-2025 08:48,18.28389316,158.4567176,28.0999736,23.24267578
07-09-2025 08:49,25.74739431,128.1879403,16.27509311,41.84122208
07-09-2025 08:50,28.92709559,66.60226873,37.13805211,70.6266415
07-09-2025 08:51,26.86695773,172.841216,18.10707756,35.11234212
07-09-2025 08:52,25.07630588,131.1952448,12.99255296,78.9225846
07-09-2025 08:53,23.83200976,195.2215969,41.31682028,31.07176319
07-09-2025 08:54,18.929909,195.704951,31.27693855,50.28870546
07-09-2025 08:55,19.12119448,193.3287971,86.49859795,27.56139375
07-09-2025 08:56,22.6339187,177.9437447,70.68823793,49.68733777
07-09-2025 08:57,26.14919685,106.3636451,65.5349267,60.31471828
07-09-2025 08:58,33.80378153,110.344671,63.24012147,38.04316938
07-09-2025 08:59,19.34545639,83.86303198,81.38086402,41.98475636
07-09-2025 09:00,19.16562942,181.5869367,76.87252186,27.41307181
07-09-2025 09:01,26.34685426,171.672946,29.94920717,52.18924091
07-09-2025 09:02,19.20751025,99.98615563,96.68277114,65.42874429
07-09-2025 09:03,21.69844468,77.24240316,21.79675209,53.55331997
07-09-2025 09:04,21.29624615,118.4299521,54.99953935,62.51864698
07-09-2025 09:05,16.94239061,83.8391334,87.01980287,45.11271205
07-09-2025 09:06,26.19347427,139.6842817,40.29640209,74.72401493
07-09-2025 09:07,22.8905883,68.54847878,54.85063136,75.51760643
07-09-2025 09:08,20.21098657,97.19241621,89.19208318,36.79275172
07-09-2025 09:09,28.35738119,80.62146152,34.07879592,37.62845852
07-09-2025 09:10,32.63042905,88.39271786,74.60793453,37.49222886
07-09-2025 09:11,24.66237897,80.09063747,72.41341663,64.34988148
07-09-2025 09:12,24.09537315,192.9910917,62.98297385,27.50529925
07-09-2025 09:13,34.25859076,187.9684603,84.65949872,41.65614198
07-09-2025 09:14,23.76620468,56.95041116,92.18969417,30.12324331
07-09-2025 09:15,24.81546714,114.840298,97.04536183,28.45383327
07-09-2025 09:16,19.710752,65.88269807,86.02981098,67.38155434
07-09-2025 09:17,31.96205825,158.246461,22.6283505,57.56052025
07-09-2025 09:18,29.48375148,127.2977834,15.00339227,39.20187111
07-09-2025 09:19,20.3482535,81.52482093,64.74586163,26.0859715
07-09-2025 09:20,20.30661219,153.1685235,87.57176255,60.11886624
07-09-2025 09:21,25.18210634,122.1612946,73.47386177,57.58161971
07-09-2025 09:22,18.74647615,156.1778535,28.79513113,72.88826752
07-09-2025 09:23,24.89609976,185.6539123,14.39829997,28.777023
07-09-2025 09:24,18.89976059,90.00281975,12.74928038,75.88972586
07-09-2025 09:25,21.8086717,92.02516431,35.20133207,26.28427406
07-09-2025 09:26,27.39977527,158.1842298,17.68338711,29.28658712
07-09-2025 09:27,26.09498783,101.3027328,55.53397772,79.42383391
07-09-2025 09:28,9.777526856,157.0934254,24.1532095,76.18306773
07-09-2025 09:29,24.66525135,113.1353035,55.41525789,78.85700039
07-09-2025 09:30,27.08448732,92.99637301,48.65105282,44.41879221
07-09-2025 09:31,25.14424268,164.4765982,26.81221109,57.40940963
07-09-2025 09:32,38.38052038,84.00980581,81.9360403,33.09204087
07-09-2025 09:33,27.07084224,52.32261181,87.00493968,51.12599438
07-09-2025 09:34,20.8031275,133.1049052,60.29651268,76.70050253
07-09-2025 09:35,28.79594262,112.8560079,38.59428936,73.14915883
07-09-2025 09:36,26.84049357,186.1049684,75.40133993,28.34656359
07-09-2025 09:37,21.15085558,168.2700259,93.45668898,62.93781206
07-09-2025 09:38,34.72991346,108.6557607,47.87941718,69.69376844
07-09-2025 09:39,25.75046182,52.90963207,79.2761096,27.96164261
07-09-2025 09:40,30.3361228,142.3471619,23.29227873,38.33248249
07-09-2025 09:41,21.73337742,79.95761357,63.08383444,52.86280706
07-09-2025 09:42,17.68344338,165.1043396,57.44734408,67.57542151
07-09-2025 09:43,27.17857005,136.4639828,50.43766877,61.09324808
07-09-2025 09:44,27.31790135,112.8463681,69.03988138,41.26250258
07-09-2025 09:45,20.99317452,182.6150593,49.70542233,54.97285828
07-09-2025 09:46,26.64366971,131.9422223,58.1576739,31.03816396
07-09-2025 09:47,26.68869894,80.36543172,26.89687653,73.83611524
07-09-2025 09:48,31.02829611,140.4268367,67.90206528,72.69886303
07-09-2025 09:49,28.02509629,72.59662895,97.21447473,69.31774539
07-09-2025 09:50,27.81058847,154.6878226,29.68468809,72.01491552
07-09-2025 09:51,24.35699671,58.12729554,87.97209049,75.58350442
07-09-2025 09:52,19.72397988,193.1434182,77.01236318,56.5663644
07-09-2025 09:53,21.16840365,119.8631482,52.97025414,37.55697397
07-09-2025 09:54,19.21454944,88.86023598,69.9906025,24.18388962
07-09-2025 09:55,25.86186074,94.29633682,47.29043194,75.55975396
07-09-2025 09:56,26.67250045,122.9634432,82.73347716,37.36627728
07-09-2025 09:57,25.33177754,91.74501433,74.46379483,24.3615877
07-09-2025 09:58,19.71125901,97.51326197,71.439357,64.2032262
07-09-2025 09:59,24.58280476,69.56427123,47.56460843,75.59254531
07-09-2025 10:00,13.62446617,175.0322305,94.76581089,57.00385355
07-09-2025 10:01,24.98324373,185.8326017,45.7633315,30.98536914
07-09-2025 10:02,30.98413161,188.1163219,57.33780809,21.96616439
07-09-2025 10:03,16.90341551,173.788307,51.31367112,73.39202616
07-09-2025 10:04,25.45384956,90.12429437,17.52876106,73.57811569
07-09-2025 10:05,22.81089953,75.57457373,51.70446932,59.90282948
07-09-2025 10:06,23.7213475,110.4351984,15.96299452,79.63376105
07-09-2025 10:07,20.31243209,122.4627528,12.2550346,36.55935561
07-09-2025 10:08,18.36624403,75.16802625,98.68744655,55.07589287
07-09-2025 10:09,19.50938949,137.0843134,96.75508734,54.71246453
07-09-2025 10:10,26.03868976,75.14381032,52.41898615,64.09300299
07-09-2025 10:11,25.94197565,140.9408114,43.64353732,29.74525648
07-09-2025 10:12,17.11131513,69.40790233,18.62662309,45.04312538
07-09-2025 10:13,22.21035952,105.1009542,64.90591391,75.82053655
07-09-2025 10:14,20.54607839,55.37691151,29.433471,70.40366035
07-09-2025 10:15,35.37508985,92.17360888,38.39408141,57.51666771
07-09-2025 10:16,14.43610387,65.08411051,89.40277655,32.12132632
07-09-2025 10:17,31.73289796,146.6423501,61.05651184,63.27503578
07-09-2025 10:18,30.76779099,61.34229845,24.36181573,52.94194965
07-09-2025 10:19,30.09964525,101.1575458,42.09888507,66.43291625
07-09-2025 10:20,34.27908434,88.16323176,14.72852423,69.58080278
07-09-2025 10:21,27.00262169,69.80061945,24.91068498,52.06144307
07-09-2025 10:22,29.77602408,70.74342917,80.74281269,33.46310406
07-09-2025 10:23,25.45890624,111.4540128,28.39974411,21.75594543
07-09-2025 10:24,30.65272515,69.09516543,95.07137231,44.58199119
07-09-2025 10:25,16.90136052,129.348864,41.95644519,52.36552645
07-09-2025 10:26,20.62751612,55.2400038,23.91537975,36.87087129
07-09-2025 10:27,30.37896633,111.3681581,80.2508207,44.54825646
07-09-2025 10:28,21.49404342,184.8293935,51.61432201,67.72356852
07-09-2025 10:29,29.33555617,119.8967269,33.95357437,77.79635414
07-09-2025 10:30,19.41926744,134.7652171,45.04950211,63.75121425
07-09-2025 10:31,31.62529064,104.3869252,21.57153764,38.74391652
07-09-2025 10:32,24.25850123,142.1997437,22.0371817,25.51475531
07-09-2025 10:33,25.24783906,135.8011565,34.40445324,64.55661418
07-09-2025 10:34,20.89255888,180.8283895,43.08604628,58.73552391
07-09-2025 10:35,31.85560773,122.6081279,96.66446464,49.47433911
07-09-2025 10:36,24.38835965,156.7428262,72.02446278,44.13374339
07-09-2025 10:37,16.09380133,90.93553656,49.4066446,57.77974734
07-09-2025 10:38,30.8115591,74.06577839,53.17578355,38.0764377
07-09-2025 10:39,22.62606086,106.332524,14.57480147,65.55471833
07-09-2025 10:40,9.656162188,161.0828766,60.70377242,43.20508517
07-09-2025 10:41,20.35749063,107.9737248,49.82517713,75.7247333
07-09-2025 10:42,25.33085378,130.2194916,63.41328776,33.72922681
07-09-2025 10:43,15.01589594,195.9052218,97.32057747,20.51928579
07-09-2025 10:44,31.35849897,78.62965613,87.42747394,70.91992226
07-09-2025 10:45,21.42150575,153.8543244,51.22954826,21.46828151
07-09-2025 10:46,25.33115934,137.4379242,44.90740632,22.12122125
07-09-2025 10:47,27.02754913,185.0498063,44.62395722,50.42573322
07-09-2025 10:48,21.10049657,190.1641409,37.14583126,67.24864487
07-09-2025 10:49,20.91274941,128.4760143,73.33949333,27.44122638
07-09-2025 10:50,27.4639753,70.86470569,25.20340353,47.54481508
07-09-2025 10:51,22.2886681,93.61952611,38.09362501,68.9320127
07-09-2025 10:52,17.02693756,176.2805204,94.99993348,31.13931973
07-09-2025 10:53,25.25943709,58.24430411,75.55856161,52.09938664
07-09-2025 10:54,27.06080849,158.7853886,96.19988513,37.6796676
07-09-2025 10:55,39.06890095,59.24548092,96.65103577,23.60084766
07-09-2025 10:56,22.64747553,161.1213557,16.71776689,31.46395137
07-09-2025 10:57,21.09595012,62.23575296,60.56197249,52.57186336
07-09-2025 10:58,25.87706583,88.19990079,36.5710864,63.09015235
07-09-2025 10:59,25.32101259,58.69811971,33.41046255,35.54886944
07-09-2025 11:00,29.09669551,126.5750203,70.86920594,30.9560052
07-09-2025 11:01,32.69449791,173.2981896,23.49665981,25.01155515
07-09-2025 11:02,34.81379609,111.2349397,61.31440458,38.01357338
07-09-2025 11:03,19.13532752,131.7063142,52.26276971,62.2899663
07-09-2025 11:04,26.81329078,145.7380284,77.93725954,58.46625112
07-09-2025 11:05,31.79946734,112.1135608,24.70408796,54.23205332
07-09-2025 11:06,21.03293764,191.3239,87.25088148,20.59256667
07-09-2025 11:07,26.71888006,71.12034749,17.94536103,55.13403617
07-09-2025 11:08,29.29373514,80.04370621,88.20975658,72.31950428
07-09-2025 11:09,25.74040602,104.6973812,55.21508508,25.7846415
07-09-2025 11:10,31.08332427,182.7357228,57.98616969,69.26305204
07-09-2025 11:11,26.76442642,132.27404,62.66532369,61.18477529
07-09-2025 11:12,27.4146855,169.3300435,78.87004294,50.72225782
07-09-2025 11:13,22.39128063,165.1113306,57.77876886,79.21046129
07-09-2025 11:14,22.15961988,128.2098031,21.78206403,69.55278864
07-09-2025 11:15,28.66278228,85.11757708,34.32338913,24.36334812
07-09-2025 11:16,24.32393182,182.5377926,40.0157751,76.95656526
07-09-2025 11:17,21.55838917,86.33904479,51.91855995,33.10095453
07-09-2025 11:18,25.91650607,61.73174372,88.35828118,45.38809481
07-09-2025 11:19,20.5187964,185.0200016,71.31986561,38.1912787
07-09-2025 11:20,22.27677312,183.6391404,15.43290058,70.50299597
07-09-2025 11:21,29.60909022,155.5754371,84.44717703,38.37129415
07-09-2025 11:22,23.60211824,194.0325729,46.41230759,74.76787287
07-09-2025 11:23,28.21697481,162.3404848,43.18620534,34.44019303
07-09-2025 11:24,24.80410373,154.6392109,84.03238152,32.96758548
07-09-2025 11:25,28.17870458,145.6929842,59.77741172,36.08991063
07-09-2025 11:26,26.45728819,120.327646,96.34909574,79.5988765
07-09-2025 11:27,29.37236997,129.0793964,73.83119388,67.29052791
07-09-2025 11:28,30.41355258,59.97022856,52.40123524,58.44493189
07-09-2025 11:29,13.88868872,85.38719231,43.10928465,56.08514271
07-09-2025 11:30,25.03841367,82.03523796,29.43091178,56.85336579
07-09-2025 11:31,26.88248435,164.9836979,66.90332333,50.64938265
07-09-2025 11:32,23.29257027,117.6133023,70.81638497,65.41917426
07-09-2025 11:33,27.51868558,66.42172192,86.31745314,71.20863277
07-09-2025 11:34,18.096748,155.3522883,31.10706541,40.56425525
07-09-2025 11:35,21.64577029,196.6724474,42.71611243,31.5761807
07-09-2025 11:36,14.43096241,137.5968918,44.18207097,66.87207147
07-09-2025 11:37,24.66570663,157.8974432,70.70550589,57.21818545
07-09-2025 11:38,18.95402897,112.5714107,83.57478801,55.64152074
07-09-2025 11:39,21.1003121,83.54249171,19.82982293,71.11478007
07-09-2025 11:40,23.94076832,114.6977227,67.99839292,31.44864716
07-09-2025 11:41,20.44830845,144.73837,88.17356747,27.98766393
07-09-2025 11:42,24.48081709,173.7398938,16.67559529,61.512823
07-09-2025 11:43,16.3291987,90.92133534,81.44866762,74.87649024
07-09-2025 11:44,25.3374448,163.4657383,24.85299691,29.11284644
07-09-2025 11:45,19.676018,92.20989431,77.97278672,40.74735032
07-09-2025 11:46,20.08283595,85.63594209,79.98252541,68.85394259
07-09-2025 11:47,25.1009499,56.36309162,15.97579154,31.2289057
07-09-2025 11:48,32.74120814,113.9221202,53.55143231,35.37638602
07-09-2025 11:49,26.38137086,73.46771008,76.71345364,49.39071495
07-09-2025 11:50,28.12261383,119.2218286,75.776577,73.47039213
07-09-2025 11:51,11.01771266,91.30429905,13.30403758,79.38269148
07-09-2025 11:52,23.46403887,127.5878082,70.93600741,35.39000151
07-09-2025 11:53,27.69644282,188.5735622,18.91290689,49.08520959
07-09-2025 11:54,19.02510228,197.7732444,99.10652353,40.17749421
07-09-2025 11:55,27.3716698,101.35517,10.68600748,32.64580356
07-09-2025 11:56,24.72302513,120.8943991,57.10160848,41.45565374
07-09-2025 11:57,23.07161448,154.0748102,37.08074043,57.32440381
07-09-2025 11:58,26.48600994,199.2550095,34.4971361,77.99194767
07-09-2025 11:59,25.24540167,118.6717331,96.61612726,55.71225874
07-09-2025 12:00,33.24199593,59.21935956,35.40954205,37.21420884
07-09-2025 12:01,19.15974253,191.4709034,75.08219834,75.31943202
07-09-2025 12:02,25.90936986,185.6422308,35.12951945,20.6239267
07-09-2025 12:03,18.03851788,164.6581708,99.24723947,63.24818312
07-09-2025 12:04,29.27629949,77.46464381,14.46901966,52.49864276
07-09-2025 12:05,20.90745185,159.6075104,31.27771877,45.7431863
07-09-2025 12:06,33.78752124,52.9356031,76.24008071,69.47375613
07-09-2025 12:07,27.95272225,120.7634228,78.84083606,30.32442242
07-09-2025 12:08,21.59700709,154.6242245,53.29872512,20.80374015
07-09-2025 12:09,15.75614242,84.9640588,77.73914064,79.29752281
07-09-2025 12:10,22.61248159,58.7790557,80.23561687,27.76450307
07-09-2025 12:11,30.97920699,159.3648909,42.25784582,71.29560409
07-09-2025 12:12,26.01551962,113.120264,78.58572596,60.68064932
07-09-2025 12:13,26.01060199,173.269295,13.40047883,45.56864353
07-09-2025 12:14,15.49854537,173.7691636,99.40863222,55.29811582
07-09-2025 12:15,20.75564191,79.53215395,28.02785105,64.62200807
07-09-2025 12:16,34.01102689,189.2040292,56.57756967,55.7017305
07-09-2025 12:17,24.3587007,144.7617946,30.87301343,25.43442438
07-09-2025 12:18,22.09132151,191.6770127,36.92542096,68.83642422
07-09-2025 12:19,31.19465274,59.9221524,73.10513226,26.90301885
07-09-2025 12:20,28.71144274,183.9427645,43.9320375,54.32358017
07-09-2025 12:21,23.18147216,144.4634458,98.99907369,59.54318157
07-09-2025 12:22,20.08923872,159.5594569,98.19794682,64.98329298
07-09-2025 12:23,8.819880845,89.92145564,38.40915804,78.40115151
07-09-2025 12:24,27.00267434,128.4944961,94.99807546,65.95917838
07-09-2025 12:25,32.2810075,79.32606486,89.86501163,44.57404727
07-09-2025 12:26,25.71819448,192.0593101,95.27121428,30.77401669
07-09-2025 12:27,21.96515747,129.7321753,43.4668397,20.64228216
07-09-2025 12:28,25.86556178,57.15250978,81.58937585,20.46011937
07-09-2025 12:29,24.17151095,104.2563935,17.15083898,44.73337887
07-09-2025 12:30,21.43885015,92.39460195,60.87332765,70.41093394
07-09-2025 12:31,18.37585913,134.543413,71.22815,49.52975599
07-09-2025 12:32,28.49765148,81.35070228,27.36892254,49.67431608
07-09-2025 12:33,37.34971691,163.8399303,80.46914494,59.24505723
07-09-2025 12:34,19.98514049,113.0071618,86.73368175,38.73582959
07-09-2025 12:35,20.81153137,51.28598205,48.21315577,61.0108381
07-09-2025 12:36,24.50636792,51.68861394,53.88411056,57.70300407
07-09-2025 12:37,26.58644633,165.5832372,31.03424382,79.17733416
07-09-2025 12:38,31.45625236,149.1254438,15.94825749,60.84989425
07-09-2025 12:39,23.93806859,170.8771238,22.07444676,79.22159152
07-09-2025 12:40,27.32146469,70.54668923,22.5382436,24.72588801
07-09-2025 12:41,17.11748309,66.25185065,20.38747596,25.63422096
07-09-2025 12:42,28.75267543,97.32707363,67.74797682,71.98942448
07-09-2025 12:43,27.04241177,126.6652715,40.91947562,29.69597292
07-09-2025 12:44,21.21845776,139.2954864,84.81820533,29.82087988
07-09-2025 12:45,23.98712837,162.8013499,63.36687174,57.12966853
07-09-2025 12:46,21.08954481,140.975816,17.61414475,27.04118503
07-09-2025 12:47,20.05766475,165.8796696,66.59846033,63.1744017
07-09-2025 12:48,18.61182721,142.7436114,41.88445085,54.77407002
07-09-2025 12:49,20.31386998,93.54208541,13.3295019,22.32799728
07-09-2025 12:50,23.97921831,74.52439986,78.78124536,36.01707457
07-09-2025 12:51,22.50363186,184.7894549,43.6502119,66.33309935
07-09-2025 12:52,26.21430818,101.6249209,94.19259862,65.89046494
07-09-2025 12:53,14.75418354,169.6497394,54.34060005,52.94265021
07-09-2025 12:54,29.97611432,75.933982,89.68003449,44.23832358
07-09-2025 12:55,23.28965946,150.6098628,52.56520634,30.15479597
07-09-2025 12:56,22.57673219,146.9948646,85.14621242,72.64351937
07-09-2025 12:57,24.89792417,176.8418728,36.26526769,47.48036754
07-09-2025 12:58,26.6477886,162.4917444,54.95889445,65.61108159
07-09-2025 12:59,29.64721901,142.0598202,41.12528018,54.96084657
07-09-2025 13:00,27.59209766,166.9194497,61.81883352,61.8463387
07-09-2025 13:01,15.8845108,53.75432987,21.73700958,52.91112773
07-09-2025 13:02,25.45303939,95.62094016,73.14213836,32.66036616
07-09-2025 13:03,17.8287256,56.75929256,51.85073844,37.96391559
07-09-2025 13:04,23.26798855,94.38376297,96.55242251,39.13117079
07-09-2025 13:05,25.46008464,172.36706,94.52754058,77.43789344
07-09-2025 13:06,20.07909982,66.16802734,77.12451563,36.69484859
07-09-2025 13:07,22.43773743,55.46963134,23.86037428,54.08781422
07-09-2025 13:08,31.50965167,163.3834593,61.73249436,39.68276731
07-09-2025 13:09,31.14824967,92.47271341,38.76000813,24.50583116
07-09-2025 13:10,23.53298274,145.2552908,52.74367279,42.08751985
07-09-2025 13:11,27.38433357,168.0278478,83.21712514,71.82948508
07-09-2025 13:12,22.70251082,71.76312286,23.32974665,23.62747523
07-09-2025 13:13,26.0078876,66.11606287,41.76306578,75.99708351
07-09-2025 13:14,29.73714703,56.40430437,21.78716807,26.95739742
07-09-2025 13:15,19.3688123,115.2026267,53.88122583,43.96158247
07-09-2025 13:16,24.78259312,64.60116659,53.86533341,31.95836048
07-09-2025 13:17,31.41975623,190.2767193,20.36236997,56.25080477
07-09-2025 13:18,18.04786358,90.69475762,99.42840425,45.94039225
07-09-2025 13:19,17.6449943,155.412464,89.92248843,59.04350564
07-09-2025 13:20,28.74946266,120.4116214,73.99734545,57.8298674
07-09-2025 13:21,29.64179125,171.0042433,56.71360294,37.67477781
07-09-2025 13:22,34.58376426,143.4649106,70.09626935,27.9044979
07-09-2025 13:23,17.47023262,120.2332693,54.12895381,39.61164125
07-09-2025 13:24,28.35012413,166.5535638,40.24473776,32.57115227
07-09-2025 13:25,28.78664651,60.67810946,65.95271507,60.21879966
07-09-2025 13:26,25.61218244,190.8484831,35.14000308,77.48433809
07-09-2025 13:27,30.38616394,114.3863285,79.69815014,56.59128145
07-09-2025 13:28,25.94918905,112.287916,91.6508101,44.026317
07-09-2025 13:29,19.84498949,149.3824037,28.6696146,53.06230694
07-09-2025 13:30,27.83690267,73.86811674,33.04471424,33.61557448
07-09-2025 13:31,26.84890698,123.7128491,11.46848252,51.63933431
07-09-2025 13:32,25.27191093,160.0761377,78.72876014,21.46863545
07-09-2025 13:33,25.38607567,122.7366552,88.33954753,46.29380118
07-09-2025 13:34,22.55218316,141.2832032,95.62979562,25.17450077
07-09-2025 13:35,18.6295261,69.53982608,90.28162355,62.66502519
07-09-2025 13:36,24.11696053,163.9219017,58.48126198,56.67186718
07-09-2025 13:37,29.30983226,150.9129104,61.95568503,25.87271018
07-09-2025 13:38,21.70052417,194.6783598,50.55071603,40.81665029
07-09-2025 13:39,30.43446033,115.5258131,27.08056008,34.21278074
07-09-2025 13:40,24.71544849,87.11612794,50.25143118,73.84283199
07-09-2025 13:41,32.96418146,151.0334931,72.78883741,75.56675232
07-09-2025 13:42,25.80677424,187.4064791,20.49975826,39.58766345
07-09-2025 13:43,29.28737736,131.5666829,93.10612233,44.49315922
07-09-2025 13:44,30.46595496,71.02038782,52.62780655,26.44057099
07-09-2025 13:45,28.06032826,65.91968452,12.72144619,71.74610955
07-09-2025 13:46,19.11596142,146.1171198,42.99659821,50.59139526
07-09-2025 13:47,24.02324823,156.9446688,35.54110411,22.77712776
07-09-2025 13:48,32.54146156,71.49371666,78.92175917,57.0380008
07-09-2025 13:49,20.85813323,112.110765,13.43737689,59.08258685
07-09-2025 13:50,20.98063082,53.93223377,66.29468239,50.05436943
07-09-2025 13:51,28.05636635,116.9184026,13.55470814,29.23332288
07-09-2025 13:52,31.21111352,91.08869257,98.63716111,55.96164201
07-09-2025 13:53,21.16364407,73.43537798,78.02676345,57.7116014
07-09-2025 13:54,27.63320236,81.73536611,78.67379051,45.19553688
07-09-2025 13:55,26.17432913,98.75136725,83.316456,74.67953852
07-09-2025 13:56,30.27080153,131.4871745,68.39481532,66.0119948
07-09-2025 13:57,22.70996286,143.4554628,77.64601806,37.37532707
07-09-2025 13:58,15.94754031,177.0795531,39.23884061,26.41315717
07-09-2025 13:59,20.00262074,159.4142198,76.81373888,43.58601111
07-09-2025 14:00,28.23443788,140.6799036,14.04284818,25.56840392
07-09-2025 14:01,23.98700154,131.4412591,59.29521045,54.48487282
07-09-2025 14:02,27.82275854,89.92425041,92.49484319,22.64802309
07-09-2025 14:03,15.95701543,93.84891373,20.40284587,74.74300208
07-09-2025 14:04,20.87923224,100.4587312,97.32651671,71.86006641
07-09-2025 14:05,34.44350157,122.4601359,75.20133681,39.77856804
07-09-2025 14:06,22.19019207,199.2255465,62.04987937,34.98178119
07-09-2025 14:07,18.03601275,143.3100329,95.75971297,20.79385187
07-09-2025 14:08,25.22433775,159.9243422,24.54547116,59.98872265
07-09-2025 14:09,9.943343298,194.3336709,40.82722717,57.41386283
07-09-2025 14:10,23.72898364,72.34359875,66.90580632,70.87416242
07-09-2025 14:11,19.79952306,141.9798678,49.32167845,54.81268742
07-09-2025 14:12,20.26368694,132.5385947,47.54571305,45.16384237
07-09-2025 14:13,37.19673477,192.4080551,51.09428773,46.61959534
07-09-2025 14:14,24.29203993,171.0710049,90.06700189,52.94598466
07-09-2025 14:15,24.23234657,175.7792434,82.8161194,51.09571634
07-09-2025 14:16,30.50066957,191.0703851,24.31122856,34.87357803
07-09-2025 14:17,19.8505586,157.7699424,10.53160842,76.56889717
07-09-2025 14:18,21.38900146,125.9647402,42.18639394,54.56895839
07-09-2025 14:19,24.90565122,77.12746956,64.69925236,43.776824
07-09-2025 14:20,22.33920933,60.42417888,40.33337795,48.7351143
07-09-2025 14:21,10.92911278,136.7023293,55.2910468,25.58168588
07-09-2025 14:22,23.90873769,174.2649835,91.20632515,59.73107486
07-09-2025 14:23,25.22703849,183.5442819,44.37323213,31.3108974
07-09-2025 14:24,26.05674623,59.58639765,43.77607832,75.46309563
07-09-2025 14:25,25.64400763,68.58840668,39.00524079,63.31542158
07-09-2025 14:26,23.28403668,96.47891777,63.60955353,50.61949993
07-09-2025 14:27,17.84145926,154.3250596,67.98167847,65.03951598
07-09-2025 14:28,27.43123678,83.47534576,62.05420945,20.02610738
07-09-2025 14:29,14.28238585,105.1984794,23.02925532,79.39178369
07-09-2025 14:30,26.04165835,81.06982517,82.65469519,77.8449739
07-09-2025 14:31,20.71383966,157.0650801,63.87446472,59.82703305
07-09-2025 14:32,24.93059842,180.8665321,79.18254563,24.77487962
07-09-2025 14:33,34.44049582,127.1811231,40.25293422,78.09213298
07-09-2025 14:34,27.08140016,69.67654978,54.03050005,63.22675437
07-09-2025 14:35,21.59580936,85.15902256,45.65603962,64.55472597
07-09-2025 14:36,18.59182879,75.94555989,36.99648761,35.97817339
07-09-2025 14:37,24.26320177,56.67746972,61.72395775,26.7771845
07-09-2025 14:38,24.92017027,98.66019773,43.95786461,36.7826653
07-09-2025 14:39,27.38207404,110.8047087,29.27068656,41.5770947
07-09-2025 14:40,25.33098873,61.88514247,70.9616488,41.20260597
07-09-2025 14:41,26.01837873,173.7154093,72.50028732,71.11463762
07-09-2025 14:42,23.53233329,115.2693087,17.18907919,59.53002534
07-09-2025 14:43,27.13188645,145.4529019,74.60100884,48.8883993
07-09-2025 14:44,16.00090987,151.6625758,14.55728981,27.94271671
07-09-2025 14:45,19.62383943,189.1417045,75.65230566,48.42387861
07-09-2025 14:46,18.55673549,138.0620089,54.82882075,35.8518724
07-09-2025 14:47,26.47479743,110.2049371,81.04185342,78.83379622
07-09-2025 14:48,33.87071653,133.5147851,94.67911363,43.55382463
07-09-2025 14:49,22.45530576,158.4796493,87.75958711,41.77831862
07-09-2025 14:50,16.66033956,59.65744721,80.37267249,26.50337044
07-09-2025 14:51,16.25248911,185.0836906,83.72998997,24.64845385
07-09-2025 14:52,26.13934888,192.7429548,43.44288263,35.72092862
07-09-2025 14:53,25.6241806,60.59762739,88.0802576,60.34476177
07-09-2025 14:54,25.6971496,53.5952642,89.18028959,65.23174086
07-09-2025 14:55,15.7061974,173.3369615,77.55594353,68.51473929
07-09-2025 14:56,24.34220907,153.7784037,42.15949831,56.9673121
07-09-2025 14:57,32.75497977,198.0927577,99.74402749,78.32830985
07-09-2025 14:58,24.14447445,111.0738416,50.7405792,32.66070957
07-09-2025 14:59,26.27184314,99.44889227,74.4373258,34.65630145
07-09-2025 15:00,27.2510745,117.0416147,10.83708782,47.0013048
07-09-2025 15:01,18.05283866,153.7565127,50.92113036,31.6413949
07-09-2025 15:02,30.92333178,171.8569875,27.7199388,61.06835613
07-09-2025 15:03,28.87130662,153.9554429,85.14843266,77.45553777
07-09-2025 15:04,16.90763604,54.66394058,43.99371061,38.65209286
07-09-2025 15:05,21.6432984,90.75305469,52.21620376,35.9728648
07-09-2025 15:06,25.05242317,96.87373752,86.02754212,64.0528677
07-09-2025 15:07,20.03398839,134.9136471,14.93064404,67.69974193
07-09-2025 15:08,26.60683129,186.9517032,16.8324105,77.55885942
07-09-2025 15:09,14.22842446,129.2094341,77.97552472,36.59671922
07-09-2025 15:10,21.11932783,100.5318636,73.0885688,25.27792634
07-09-2025 15:11,16.97995056,166.1950267,77.23059744,60.59350308
07-09-2025 15:12,30.45853397,122.5048533,22.45992169,46.42180531
07-09-2025 15:13,35.97602214,138.9864796,52.3764378,69.311011
07-09-2025 15:14,27.77452404,76.71675508,96.13399624,37.25061856
07-09-2025 15:15,36.67638192,181.1150114,85.82955573,61.9009267
07-09-2025 15:16,26.98174543,131.0111403,40.68441333,52.79300937
07-09-2025 15:17,25.07192444,97.15327489,40.81881118,38.77745754
07-09-2025 15:18,30.6290968,56.62140554,72.5827063,42.67655994
07-09-2025 15:19,23.08903915,161.299091,60.33569258,69.12729817
07-09-2025 15:20,18.71177308,161.4945296,60.13965071,37.16674947
07-09-2025 15:21,18.86527007,54.38725586,56.50573056,39.17091071
07-09-2025 15:22,26.03904476,172.916903,44.5053942,48.64412181
07-09-2025 15:23,24.74689484,195.7391512,92.18486292,46.03137592
07-09-2025 15:24,21.79812052,155.2981103,96.83081804,67.6204146
07-09-2025 15:25,22.333808,167.4063821,11.3583035,54.28325855
07-09-2025 15:26,23.30168824,143.5079512,66.44702036,37.50252651
07-09-2025 15:27,27.64532295,53.84696965,96.96059706,79.22369984
07-09-2025 15:28,26.62876692,162.0494294,96.4252899,63.5861517
07-09-2025 15:29,19.77634992,178.6848774,76.13084016,37.30043982
07-09-2025 15:30,20.87531758,182.482715,35.30918846,62.6042916
07-09-2025 15:31,18.5669342,102.3975683,76.47818341,59.95778202
07-09-2025 15:32,23.90744457,182.81254,10.29429352,55.65638945
07-09-2025 15:33,24.89637254,159.6777153,18.67873454,53.88820044
07-09-2025 15:34,18.90459525,93.02832797,71.76725118,55.6682538
07-09-2025 15:35,28.92734186,152.6332799,44.37488518,69.27860402
07-09-2025 15:36,25.35183555,86.14634994,77.57086965,43.91140197
07-09-2025 15:37,21.67147719,99.30247177,66.58734704,30.22987958
07-09-2025 15:38,22.83851619,83.15233049,15.93549756,62.89231931
07-09-2025 15:39,24.00545762,76.95386058,53.51699677,37.23390761
07-09-2025 15:40,14.38485192,171.5456505,53.57361035,47.49195991
07-09-2025 15:41,28.07119825,88.82959269,98.71210572,31.89598556
07-09-2025 15:42,25.2667413,102.614408,14.45604042,63.04823971
07-09-2025 15:43,21.35951218,82.21538028,55.79961413,70.6506783
07-09-2025 15:44,22.04436273,98.37763794,25.27414954,21.90072977
07-09-2025 15:45,24.35074766,73.48049405,27.90605047,74.5883497
07-09-2025 15:46,24.20771025,93.58589371,16.60975063,50.05190661
07-09-2025 15:47,27.11239512,178.4128607,96.88702358,38.21773031
07-09-2025 15:48,27.29110046,78.27245168,11.23642171,40.57630096
07-09-2025 15:49,23.56886434,158.2666732,79.67629762,34.99582585
07-09-2025 15:50,27.92013409,60.10668361,45.11866058,42.90486803
07-09-2025 15:51,29.84011036,90.33249167,54.26361174,45.19904793
07-09-2025 15:52,24.9626061,163.0580943,17.17535173,37.06468813
07-09-2025 15:53,20.82612452,77.3682979,27.21197859,49.03879397
07-09-2025 15:54,30.19162777,166.3449271,35.50655742,52.33038787
07-09-2025 15:55,29.49286443,70.83387725,86.45866924,72.23914768
07-09-2025 15:56,24.57823962,50.56333943,97.46190079,26.53485919
07-09-2025 15:57,31.46235486,87.53156595,15.36009794,20.4234048
07-09-2025 15:58,26.30910847,81.21711057,82.92867471,59.25416334
07-09-2025 15:59,26.64065732,122.9260691,73.79384493,21.30972287
07-09-2025 16:00,22.3151853,88.63473934,89.82654049,23.61399404
07-09-2025 16:01,22.54710136,111.1297877,94.31274271,50.49247225
07-09-2025 16:02,22.66843086,98.07872434,93.49871577,71.14565334
07-09-2025 16:03,28.7766117,191.6025462,89.72364369,79.51723791
07-09-2025 16:04,25.16751516,59.59751907,38.38160667,62.22356449
07-09-2025 16:05,19.87129532,187.2802632,58.57009832,68.89059203
07-09-2025 16:06,23.55675383,132.1535327,50.80766402,37.23371186
07-09-2025 16:07,17.80346376,62.59906146,19.39072411,43.32034421
07-09-2025 16:08,19.70355576,136.9559342,15.72298968,22.2731807
07-09-2025 16:09,31.44597996,156.6809854,91.85730262,52.7028756
07-09-2025 16:10,20.53053881,157.7961159,69.33081983,61.1706627
07-09-2025 16:11,15.19048567,163.7163639,47.03674229,29.96006636
07-09-2025 16:12,24.45181591,62.8742227,12.14716919,39.56523184
07-09-2025 16:13,31.91183431,188.9301677,89.36050683,64.53004407
07-09-2025 16:14,28.19871894,144.6557814,80.59839448,55.02762249
07-09-2025 16:15,27.97913853,127.8957434,21.17988639,52.24700557
07-09-2025 16:16,26.09395106,50.3176215,26.45257357,37.19158075
07-09-2025 16:17,24.9554211,83.24927447,82.09946058,41.05720802
07-09-2025 16:18,23.55799628,150.259168,61.82111103,67.25388073
07-09-2025 16:19,24.61660694,121.2823323,45.2094499,72.29900642
07-09-2025 16:20,30.30903511,146.4120486,29.20322981,60.6255082
07-09-2025 16:21,30.68580487,135.0559858,70.80807048,60.35579258
07-09-2025 16:22,35.99249644,123.8513469,80.57146873,63.03357391
07-09-2025 16:23,22.74918323,153.5002591,70.85722353,67.83838487
07-09-2025 16:24,23.09860954,102.4035253,80.48358595,51.605814
07-09-2025 16:25,23.96804004,161.6097907,40.57796682,34.78308312
07-09-2025 16:26,20.55999947,76.00546729,80.57930133,66.80390821
07-09-2025 16:27,25.60651836,190.570173,48.26927843,79.94888381
07-09-2025 16:28,23.20106949,87.75143157,84.49483762,47.62123289
07-09-2025 16:29,24.23057626,186.6465527,70.52590843,26.2922957
07-09-2025 16:30,14.42530394,187.6026943,13.87940099,54.28960127
07-09-2025 16:31,18.22712914,144.2040393,99.53877551,41.97096887
07-09-2025 16:32,22.82246979,185.8633389,87.63873918,57.48554969
07-09-2025 16:33,26.80098278,174.086762,51.39909087,29.30377078
07-09-2025 16:34,23.08120096,65.36064866,26.25203131,73.53488865
07-09-2025 16:35,24.76487375,78.07652983,62.53671686,53.06515199
07-09-2025 16:36,27.09823039,151.9788029,11.89247767,78.86378575
07-09-2025 16:37,24.29986703,189.0073021,53.32026881,53.06921973
07-09-2025 16:38,19.76563315,77.36331472,94.09459683,59.23621888
07-09-2025 16:39,24.82956633,194.5146423,50.25163917,64.88858282
07-09-2025 16:40,29.04936537,65.43450148,14.02941886,45.05216557
07-09-2025 16:41,30.82053154,73.19665792,88.42415503,39.16817214
07-09-2025 16:42,18.31847319,67.11615658,51.91694014,49.76123553
07-09-2025 16:43,25.4434904,123.3573609,63.20799188,65.15432479
07-09-2025 16:44,28.82073168,155.4526366,13.09136074,78.6792704
07-09-2025 16:45,29.27443935,89.86938867,84.25738719,39.25113173
07-09-2025 16:46,25.78092817,117.9465923,48.23438324,31.49909728
07-09-2025 16:47,34.20819482,168.1923611,97.37315135,37.62800245
07-09-2025 16:48,23.70545587,78.60747038,44.72110489,28.39297722
07-09-2025 16:49,30.23610143,133.0896694,29.97087507,28.93936094
07-09-2025 16:50,26.19767828,171.4137428,58.78660108,76.84373028
07-09-2025 16:51,27.87112373,167.2112471,34.12731594,35.17044348
07-09-2025 16:52,33.02053864,178.2860758,13.91063092,54.30520592
07-09-2025 16:53,16.60159884,120.7081527,87.28625842,29.86254434
07-09-2025 16:54,17.65760509,89.34634465,71.79960917,71.57164614
07-09-2025 16:55,22.73695494,87.38218141,77.8720528,50.49126189
07-09-2025 16:56,18.31561768,123.8581703,95.61677429,42.95517214
07-09-2025 16:57,30.49401032,141.4826217,96.34236145,24.60031076
07-09-2025 16:58,22.2261537,194.1612193,40.29445366,57.92570628
07-09-2025 16:59,25.27909451,172.8331087,83.62796193,23.31871809
07-09-2025 17:00,24.55175407,155.6396303,81.67553973,43.24489832
07-09-2025 17:01,19.60326187,176.8122072,46.80765376,21.77935695
07-09-2025 17:02,32.42852305,153.2293281,11.77119227,28.82169145
07-09-2025 17:03,22.52261579,153.8115324,84.76700764,71.30716089
07-09-2025 17:04,31.56425331,135.3668005,71.17918565,45.21948753
07-09-2025 17:05,23.53659136,121.0190636,62.50157957,74.10848323
07-09-2025 17:06,29.32462299,93.7773191,92.25188607,70.31498443
07-09-2025 17:07,23.31778388,161.3789554,72.25623398,67.33273634
07-09-2025 17:08,23.20549929,175.8310143,78.61747777,20.90799453
07-09-2025 17:09,25.83570201,52.98755221,49.31923564,45.00195044
07-09-2025 17:10,26.32701217,149.9636243,41.41172909,44.18353185
07-09-2025 17:11,26.45799545,162.5024818,14.91607677,65.18329472
07-09-2025 17:12,23.38150406,192.827411,86.58364908,42.05999098
07-09-2025 17:13,30.62271802,99.18544129,83.49170787,20.70914045
07-09-2025 17:14,21.19451544,95.69096176,82.55063206,23.18280424
07-09-2025 17:15,26.13012196,89.73291436,23.09030334,37.89660203
07-09-2025 17:16,25.90800536,59.3605041,78.04729016,60.56201699
07-09-2025 17:17,21.25779575,108.7095054,65.61128452,59.28533941
07-09-2025 17:18,33.89026976,176.4640658,11.34329987,22.32801576
07-09-2025 17:19,18.44869924,117.431866,45.67530599,78.71489695
07-09-2025 17:20,25.67709734,124.3286079,13.18288226,25.29729305
07-09-2025 17:21,30.06980392,151.5078074,28.17239872,42.2956053
07-09-2025 17:22,22.39253506,106.7210707,82.87455916,38.85496088
07-09-2025 17:23,34.80293827,172.467645,58.87369188,23.04783119
07-09-2025 17:24,24.0917005,83.21278184,56.10777504,20.62388337
07-09-2025 17:25,31.48154547,56.38066536,37.42068749,59.56655794
07-09-2025 17:26,20.02639507,162.8599891,94.20619186,29.52337697
07-09-2025 17:27,29.7785574,160.3137088,19.03592182,50.8011015
07-09-2025 17:28,19.551602,64.83557486,78.77308917,27.43768924
07-09-2025 17:29,25.29526466,99.70555315,78.33342969,35.74435851
07-09-2025 17:30,16.87603321,159.6576798,43.43142968,79.62496069
07-09-2025 17:31,18.49069259,134.7357251,14.0856996,35.73980584
07-09-2025 17:32,28.13335621,170.9787625,34.62153451,38.49075533
07-09-2025 17:33,27.84046932,197.9295554,29.95879839,46.48968872
07-09-2025 17:34,13.30505883,161.0792688,40.01105879,50.27293434
07-09-2025 17:35,24.64130181,111.0864695,98.49823412,68.62015606
07-09-2025 17:36,25.0768182,195.5652001,58.88277187,55.01354773
07-09-2025 17:37,22.63951556,160.1657434,70.29043072,37.161679
07-09-2025 17:38,26.9038922,164.8711102,93.94218607,57.20668764
07-09-2025 17:39,19.09645325,118.6284411,68.885258,63.04067216
07-09-2025 17:40,20.37976114,191.0494352,81.82772753,47.93786623
07-09-2025 17:41,22.2276795,88.27147049,82.43624184,39.74250266
07-09-2025 17:42,24.52900277,176.2036193,91.95772519,41.34674828
07-09-2025 17:43,30.69832342,140.109038,77.41461619,64.39461335
07-09-2025 17:44,21.41460587,172.9623409,90.08030716,20.93745543
07-09-2025 17:45,27.35906347,121.0900359,33.0207653,47.48207537
07-09-2025 17:46,17.87992121,159.2803391,44.50152625,21.05535751
07-09-2025 17:47,26.43047956,181.1488901,97.18589822,77.34613241
07-09-2025 17:48,32.77343955,135.2277998,89.35612015,45.70789974
07-09-2025 17:49,24.3474831,123.1513991,48.11675777,49.38735182
07-09-2025 17:50,23.77938661,185.8496829,73.15725212,46.60185279
07-09-2025 17:51,22.9051977,64.0715559,39.65495934,21.70523565
07-09-2025 17:52,25.12708454,168.9440714,27.85916941,74.57974754
07-09-2025 17:53,20.92689795,70.29986284,96.24098498,59.11266473
07-09-2025 17:54,26.43077167,80.65835503,41.35571049,48.58345183
07-09-2025 17:55,29.96554164,130.4936451,35.91842983,41.99092532
07-09-2025 17:56,31.54220866,109.4903965,19.99562788,38.88812013
07-09-2025 17:57,17.46082756,143.7251576,56.12464791,47.01639938
07-09-2025 17:58,24.64522066,133.3734308,67.01400546,20.07115211
07-09-2025 17:59,28.21393073,186.8330406,48.28351694,35.52166645
07-09-2025 18:00,20.44605029,144.3688959,71.55826135,26.02934745
07-09-2025 18:01,21.68409938,192.7220175,40.40112715,27.50848122
07-09-2025 18:02,21.54309568,134.7899255,40.03364899,68.94469665
07-09-2025 18:03,36.20033121,163.3615487,22.77770325,57.38577723
07-09-2025 18:04,24.75764545,146.072667,64.64865959,70.11459592
07-09-2025 18:05,25.07895467,75.27356719,50.56527418,38.50965739
07-09-2025 18:06,20.48434507,172.0336745,63.82030108,67.35957312
07-09-2025 18:07,19.92537114,173.6425753,62.17931647,62.57359409
07-09-2025 18:08,25.02748788,106.4389931,53.49229738,24.88645365
07-09-2025 18:09,36.97560465,56.25684909,92.88061523,28.47027076
07-09-2025 18:10,21.62610229,184.2263618,49.24208176,41.16381292
07-09-2025 18:11,29.33001983,98.52736511,65.59182221,71.66957755
07-09-2025 18:12,23.83280178,183.6768042,71.03997652,36.76933712
07-09-2025 18:13,18.75154499,124.6410911,91.92067548,37.10684343
07-09-2025 18:14,23.587626,189.9552826,59.81041722,53.93365573
07-09-2025 18:15,21.72130546,83.84852196,11.89078121,37.90869123
07-09-2025 18:16,27.39425633,113.7393946,96.40006396,60.99114735
07-09-2025 18:17,28.07565503,190.3990761,22.04813163,20.23147393
07-09-2025 18:18,24.93138682,74.18962167,32.54846893,57.48408647
07-09-2025 18:19,20.80632048,156.4416649,31.94771458,46.26295971
07-09-2025 18:20,28.84340884,177.9615134,34.50364381,37.35530311
07-09-2025 18:21,23.7211792,67.35988933,60.90717746,44.18811674
07-09-2025 18:22,31.28473135,86.51985769,20.13560422,37.99733321
07-09-2025 18:23,27.48168696,164.2458585,74.66168936,25.16046364
07-09-2025 18:24,25.86965302,89.04404866,39.9186388,39.44065167
07-09-2025 18:25,26.25797793,148.5708309,52.55109431,30.69549296
07-09-2025 18:26,28.88856221,61.58737887,12.87368838,27.79553361
07-09-2025 18:27,16.05009379,96.82585697,11.52895323,75.59724166
07-09-2025 18:28,21.08877823,103.0538004,63.32441762,71.18035745
07-09-2025 18:29,22.93547241,191.3599425,90.68122862,69.64076933
07-09-2025 18:30,22.68738263,145.5392491,49.41940777,38.666058
07-09-2025 18:31,26.56506405,198.2887929,52.3522196,79.54398814
07-09-2025 18:32,21.35458618,57.53695214,69.59376065,73.02839275
07-09-2025 18:33,20.65701765,97.16338042,14.90017329,45.01212102
07-09-2025 18:34,20.46842839,173.7986614,22.6915602,28.0557855
07-09-2025 18:35,35.44201634,127.3012152,96.47758358,24.58849691
07-09-2025 18:36,24.116162,110.7307134,94.18653688,39.30525242
07-09-2025 18:37,23.3182636,154.127065,85.67634015,63.2154262
07-09-2025 18:38,32.0728054,136.4889705,47.90072116,47.3835738
07-09-2025 18:39,16.97711156,182.6705069,30.64285698,32.64660818
07-09-2025 18:40,23.68675878,179.407428,67.59670988,65.25073071
07-09-2025 18:41,26.74674915,177.266625,55.17183858,70.30489057
07-09-2025 18:42,20.00138847,170.9884255,19.65097283,54.64709293
07-09-2025 18:43,22.79819488,172.6279399,47.43739088,48.38674521
07-09-2025 18:44,15.00590204,130.3650671,24.70171231,44.90857917
07-09-2025 18:45,16.27312016,173.2396052,11.36467792,27.93963836
07-09-2025 18:46,26.97868796,135.164609,37.17154633,63.07971314
07-09-2025 18:47,26.00915119,80.8997497,17.33358361,54.70399139
07-09-2025 18:48,33.69733842,151.0955795,84.6496926,28.71195507
07-09-2025 18:49,30.92064782,50.23330816,29.38484835,36.43244832
07-09-2025 18:50,28.37231125,165.0683487,14.31107498,74.57411539
07-09-2025 18:51,13.38026315,120.4764878,16.23835534,71.91017771
07-09-2025 18:52,18.17383685,98.85133356,94.53313786,32.5387143
07-09-2025 18:53,26.01069327,155.8673733,73.96351735,43.46800989
07-09-2025 18:54,20.7689463,155.1892731,25.82030942,68.79713244
07-09-2025 18:55,17.82497867,147.2339016,82.48582944,73.59043142
07-09-2025 18:56,21.33543648,176.6283371,22.122956,41.24665264
07-09-2025 18:57,24.7092934,80.69865458,59.10475215,36.14899215
07-09-2025 18:58,20.84028854,113.711938,61.35835519,41.57694934
07-09-2025 18:59,25.69589538,191.1842925,44.29624875,48.89535816
07-09-2025 19:00,14.80224832,159.1030659,70.57134317,64.51865475
07-09-2025 19:01,35.83197392,177.3579502,55.73040796,46.8566216
07-09-2025 19:02,26.28662015,187.4959732,39.927931,67.03611818
07-09-2025 19:03,22.82897301,124.8905353,33.84230311,25.34449479
07-09-2025 19:04,24.33885533,139.8075603,61.30189533,68.14826003
07-09-2025 19:05,13.67308167,85.67925626,23.81275182,70.5802776
07-09-2025 19:06,27.8122813,50.71197611,23.37631437,35.48735802
07-09-2025 19:07,13.86714179,113.0330583,34.32849819,64.57288915
07-09-2025 19:08,22.23797247,127.4848765,46.98892613,48.72154143
07-09-2025 19:09,30.88384639,104.2904215,54.51707944,63.8487775
07-09-2025 19:10,30.58554214,142.1954555,58.49742647,66.23866125
07-09-2025 19:11,21.69233599,136.5281138,26.88916836,45.90550112
07-09-2025 19:12,16.272888,157.4488169,63.67020169,47.6892918
07-09-2025 19:13,26.92528476,175.8478698,22.28246596,78.83353678
07-09-2025 19:14,18.85724596,63.89112064,86.04015822,35.71716957
07-09-2025 19:15,28.13359514,100.8546459,99.2737949,75.10808906
07-09-2025 19:16,23.39158175,130.595133,85.24264058,52.20855595
07-09-2025 19:17,20.31518983,144.0626318,45.25859054,32.64074046
07-09-2025 19:18,26.57575106,59.34878052,80.96173891,56.68868888
07-09-2025 19:19,29.79796138,62.45473535,32.60351909,78.7052868
07-09-2025 19:20,30.3713602,145.1497075,23.56799959,60.12566652
07-09-2025 19:21,26.32666758,195.1712514,22.94039291,29.47196202
07-09-2025 19:22,34.36189937,187.0041439,52.95849523,25.69901759
07-09-2025 19:23,29.49321839,118.5496304,52.16512922,44.03689961
07-09-2025 19:24,30.17155287,186.5962228,39.94392166,43.98918523
07-09-2025 19:25,27.85349176,185.3865792,44.43781797,71.23363518
07-09-2025 19:26,25.0234253,179.6380287,34.08554906,40.44336204
07-09-2025 19:27,29.20721969,83.19713553,38.91075562,79.97310374
07-09-2025 19:28,23.2138539,174.3439675,65.13577607,26.24609722
07-09-2025 19:29,24.65737822,69.17435962,91.97309621,26.22087779
07-09-2025 19:30,23.04880267,57.40480879,13.74111316,45.43941712
07-09-2025 19:31,19.52478443,54.4583596,47.57868101,63.07827543
07-09-2025 19:32,23.57183853,149.0391396,87.28754716,35.95672689
07-09-2025 19:33,22.28383261,65.12381617,98.78283172,40.5820415
07-09-2025 19:34,21.39945297,150.9134438,39.83579678,25.62726139
07-09-2025 19:35,21.9037044,140.4860632,85.42511622,55.29660031
07-09-2025 19:36,30.24518483,150.7703729,55.82625801,30.04307035
07-09-2025 19:37,25.45525002,171.0136157,90.50386863,44.2930564
07-09-2025 19:38,24.07767379,50.67177925,82.22955256,40.1397087
07-09-2025 19:39,29.849913,118.89561,61.28419574,73.87310238
07-09-2025 19:40,27.50421827,69.61292857,16.96270961,74.65803418
07-09-2025 19:41,29.92661089,58.24059935,46.5680531,25.04681702
07-09-2025 19:42,17.55511594,184.4630726,71.30086691,34.91239392
07-09-2025 19:43,26.94168312,81.42869981,55.9132573,75.5102635
07-09-2025 19:44,34.77942067,64.86927425,50.63034757,37.38647554
07-09-2025 19:45,17.00384849,158.6410113,18.61903972,42.2941771
07-09-2025 19:46,23.44129517,195.6164296,61.32531175,73.47372705
07-09-2025 19:47,21.80758599,154.2321637,11.99053418,21.58787657
07-09-2025 19:48,21.99861367,122.8601136,43.12447369,59.44243509
07-09-2025 19:49,22.73034458,183.2815436,33.53403224,72.32435435
07-09-2025 19:50,18.21203838,124.6075415,94.22338987,39.50232577
07-09-2025 19:51,23.85098372,140.4836597,41.35682533,68.3108702
07-09-2025 19:52,16.67514527,147.2111383,69.72646847,62.25249386
07-09-2025 19:53,27.02611975,90.38060829,49.9075411,54.40669146
07-09-2025 19:54,27.28541264,162.2671735,86.17396822,34.61555374
07-09-2025 19:55,35.32471525,170.3471853,23.36363525,44.99692222
07-09-2025 19:56,33.60430324,129.7630812,23.42236752,72.14957724
07-09-2025 19:57,23.97882552,141.1397731,10.82142755,69.40285831
07-09-2025 19:58,25.59504421,136.5768418,99.98147723,20.14133435
07-09-2025 19:59,21.93855819,74.37780709,79.40522418,69.8423402
07-09-2025 20:00,26.78752421,187.4686697,76.13190308,66.04992828
07-09-2025 20:01,22.15435995,130.6491086,13.03666905,76.82259827
07-09-2025 20:02,22.85610073,104.0728091,35.7996006,31.7679189
07-09-2025 20:03,28.79690846,134.2208535,38.38900081,63.05047782
07-09-2025 20:04,31.28714832,157.0561361,82.36747211,46.03222387
07-09-2025 20:05,22.7175988,57.00773941,59.12385281,55.46190306
07-09-2025 20:06,26.71847108,86.41301509,63.44324069,43.58895386
07-09-2025 20:07,27.31134868,65.70650573,70.71370516,76.95373117
07-09-2025 20:08,19.4402838,87.6898485,72.56115798,52.29886015
07-09-2025 20:09,13.50469583,96.66897889,77.2785955,53.26831809
07-09-2025 20:10,25.01632122,68.68806926,25.39590686,28.60824543
07-09-2025 20:11,23.52083665,129.0984025,78.84807219,49.93273889
07-09-2025 20:12,27.18543274,173.6182879,45.35029318,21.23901913
07-09-2025 20:13,32.64337394,125.0835153,38.17006912,76.36473596
07-09-2025 20:14,29.21688026,165.557013,80.65839296,30.07722935
07-09-2025 20:15,23.55193836,51.02147317,79.21093392,60.20736861
07-09-2025 20:16,24.26056058,138.075174,71.4344457,30.12288349
07-09-2025 20:17,13.7194249,50.59107957,55.10194071,65.5623659
07-09-2025 20:18,32.83562818,127.1436494,27.4251447,35.9013326
07-09-2025 20:19,20.47186873,56.0613401,40.37823767,33.40464076
07-09-2025 20:20,31.17005821,178.0185834,61.18121696,66.66064726
07-09-2025 20:21,23.88475987,158.8257549,60.07033071,27.3659466
07-09-2025 20:22,25.25442418,154.7712808,31.86317562,60.0860184
07-09-2025 20:23,22.78987963,110.9306821,73.36209878,56.12572046
07-09-2025 20:24,16.37943961,89.01484701,55.54964593,55.2670485
07-09-2025 20:25,21.47012735,99.91703178,12.9304319,51.93223597
07-09-2025 20:26,21.57373278,193.9324184,41.85517858,43.76064033
07-09-2025 20:27,23.27237826,163.481267,77.36145204,62.66877662
07-09-2025 20:28,33.14425471,176.9912679,33.81535848,61.94472067
07-09-2025 20:29,27.1099165,163.0519257,22.73685841,21.28389698
07-09-2025 20:30,26.78952317,148.2856192,26.66288006,52.88786653
07-09-2025 20:31,21.79698843,171.2889887,62.52286798,55.48462516
07-09-2025 20:32,28.58772809,191.3001297,15.86179835,44.62866492
07-09-2025 20:33,24.80621486,134.526546,14.70159477,51.360848
07-09-2025 20:34,20.0801432,60.71746105,90.09821786,28.40648689
07-09-2025 20:35,29.31271522,116.5132322,39.54890017,47.53234147
07-09-2025 20:36,23.50330022,196.3625495,69.89779528,28.49528345
07-09-2025 20:37,30.61418752,101.7754547,37.71709118,37.25552729
07-09-2025 20:38,22.17458761,59.56017328,22.48642782,71.64309474
07-09-2025 20:39,24.47434885,140.9440354,93.51120677,37.69186157
07-09-2025 20:40,21.51393422,171.769401,99.32658257,77.50367418
07-09-2025 20:41,26.80690302,127.2761149,36.05939785,47.02853684
07-09-2025 20:42,33.08967332,155.2373631,55.58176033,44.79537182
07-09-2025 20:43,26.60933883,74.78619347,56.03024669,34.35722878
07-09-2025 20:44,30.65701074,118.8559907,19.78370357,44.56769434
07-09-2025 20:45,21.49544177,65.24155366,12.38635544,38.03962938
07-09-2025 20:46,16.45366632,136.9148146,83.05141696,24.73881856
07-09-2025 20:47,25.68272109,196.6441937,41.50831607,77.84834469
07-09-2025 20:48,21.12349095,81.84260307,84.98512841,68.64082954
07-09-2025 20:49,18.22895278,181.6404615,56.91903143,59.93050521
07-09-2025 20:50,19.96644784,183.0593025,22.31992464,22.07175974
07-09-2025 20:51,24.2942111,127.3041053,35.82587211,20.09573273
07-09-2025 20:52,20.89565435,89.66668478,96.65839467,46.99296047
07-09-2025 20:53,23.35285266,117.9831903,76.50874935,67.35828392
07-09-2025 20:54,19.69097415,152.5251762,25.90643639,75.0968536
07-09-2025 20:55,26.80954781,186.3026644,50.06865772,46.30533504
07-09-2025 20:56,28.6624326,175.6707603,72.11384081,39.83805478
07-09-2025 20:57,25.17588507,125.8307334,86.72750393,48.92417794
07-09-2025 20:58,23.43658118,110.7580983,69.6996388,38.83255502
07-09-2025 20:59,23.06313154,83.5740492,16.01101473,65.87323798
07-09-2025 21:00,22.08455163,113.4545606,57.45761274,63.08221231
07-09-2025 21:01,22.53421558,101.9577169,55.51461954,45.30284913
07-09-2025 21:02,17.4441958,181.7584774,55.38472633,70.01442953
07-09-2025 21:03,19.3729721,145.4858332,68.37394123,28.20258624
07-09-2025 21:04,22.70480054,90.51456332,71.19526349,64.07969897
07-09-2025 21:05,28.37156257,175.8790248,48.84927459,32.69557764
07-09-2025 21:06,20.57482811,75.45744596,82.32252579,44.03873032
07-09-2025 21:07,29.89055409,53.35865263,59.27229119,52.81586485
07-09-2025 21:08,21.5542992,93.72717101,33.03960268,68.97602529
07-09-2025 21:09,22.97686286,167.7411866,52.53316811,36.45556042
07-09-2025 21:10,26.42702443,62.15669195,77.67704186,53.67024194
07-09-2025 21:11,28.95276213,133.3152643,82.6762877,68.6848322
07-09-2025 21:12,20.32014957,190.3425825,90.54456558,62.77947823
07-09-2025 21:13,22.42745561,181.2848054,34.88961267,71.57796229
07-09-2025 21:14,25.41079992,80.13981241,53.40092277,50.09311907
07-09-2025 21:15,24.81113611,50.37074086,74.93651235,72.92624191
07-09-2025 21:16,30.50350376,71.88977705,24.50173289,62.49001393
07-09-2025 21:17,27.71805684,102.2139108,60.46895914,54.56224599
07-09-2025 21:18,17.94419273,118.0143792,10.74095387,77.57885661
07-09-2025 21:19,22.52288895,143.2454236,84.98552508,28.56174157
07-09-2025 21:20,29.3635282,108.4063813,95.94387271,30.94975973
07-09-2025 21:21,23.9004788,138.0717589,42.21975717,43.92964002
07-09-2025 21:22,29.68164502,167.9982111,61.74405848,71.78525579
07-09-2025 21:23,25.52543804,100.8226696,67.96681951,47.49797876
07-09-2025 21:24,22.81313647,189.0492632,87.09693533,26.2680311
07-09-2025 21:25,26.8503644,121.5138443,82.99729482,29.54283135
07-09-2025 21:26,30.93661514,147.4408087,54.60268202,62.65520072
07-09-2025 21:27,26.30778621,141.8202113,83.46195687,27.999259
07-09-2025 21:28,32.58350561,102.3629311,35.47122587,62.65221859
07-09-2025 21:29,21.20168091,121.6516683,44.16403583,50.2397609
07-09-2025 21:30,25.25031291,127.2053505,83.94543619,24.36257859
07-09-2025 21:31,24.8228865,164.8766371,75.07318447,55.90169244
07-09-2025 21:32,22.71851052,132.7493607,38.51404017,40.04897489
07-09-2025 21:33,24.59947849,119.022139,83.31148723,40.9664333
07-09-2025 21:34,27.36152986,126.1824345,63.33027511,56.78176412
07-09-2025 21:35,24.5466161,80.88630187,64.0110597,46.30547689
07-09-2025 21:36,31.03177208,185.5833487,95.5858648,35.3952586
07-09-2025 21:37,33.99282596,129.3779227,35.450326,47.13224991
07-09-2025 21:38,25.27838631,118.3410357,56.7366109,42.43747506
07-09-2025 21:39,14.47743115,179.012807,70.45803115,47.64263651
07-09-2025 21:40,26.21926485,56.08206912,49.71508928,78.94811464
07-09-2025 21:41,26.84069744,123.8621878,43.55666604,25.03446637
07-09-2025 21:42,30.80352009,70.08564053,57.81648978,79.52708747
07-09-2025 21:43,22.1843591,132.9149404,18.17254648,69.23464862
07-09-2025 21:44,21.99116586,90.25618857,40.17183292,46.16030066
07-09-2025 21:45,25.79699935,50.15782186,21.17288641,28.46357234
07-09-2025 21:46,25.49030757,105.8002377,65.7443924,55.19296697
07-09-2025 21:47,28.35622231,52.84371169,60.99329325,49.92056944
07-09-2025 21:48,27.59997639,197.7199842,52.76536082,57.60069255
07-09-2025 21:49,19.77785036,199.6147057,81.21048083,61.8719078
07-09-2025 21:50,19.92719301,77.61872843,23.49943812,79.74165019
07-09-2025 21:51,28.9578423,155.4597981,14.44631181,25.59769026
07-09-2025 21:52,34.16634631,154.9575155,76.74131063,44.56640449
07-09-2025 21:53,16.90769842,166.0782179,75.84678269,69.3669805
07-09-2025 21:54,24.82042502,51.91149308,24.16630227,37.06935373
07-09-2025 21:55,21.63276201,133.5608904,78.24592991,53.3502544
07-09-2025 21:56,26.98809245,51.13585261,71.56496472,74.45575168
07-09-2025 21:57,26.47350065,199.6955496,44.39626629,73.11069388
07-09-2025 21:58,20.67582977,98.37231952,14.66345269,45.99513432
07-09-2025 21:59,20.48072877,114.864639,56.53302962,54.78510884
07-09-2025 22:00,28.79807321,67.42188052,91.17158944,55.73839713
07-09-2025 22:01,28.27420913,129.9147827,37.13083711,60.47831671
07-09-2025 22:02,18.85487502,124.8352654,91.4008412,79.54247462
07-09-2025 22:03,22.93765258,152.2962398,70.82924255,53.63156019
07-09-2025 22:04,18.48300121,155.2209404,61.94661707,41.19987414
07-09-2025 22:05,22.62928777,60.61380354,33.87131754,55.8209881
07-09-2025 22:06,31.45953406,120.8935327,13.69347802,26.37023991
07-09-2025 22:07,16.82263583,129.9148271,10.22138561,72.2871813
07-09-2025 22:08,18.51169243,114.3423332,59.81985317,76.94383045
07-09-2025 22:09,28.27050638,145.4153997,19.82440947,36.62648642
07-09-2025 22:10,27.31021583,99.95103914,74.2681655,24.84968802
07-09-2025 22:11,35.30022704,169.4663721,84.80722279,64.01242973
07-09-2025 22:12,16.80387581,56.31234022,51.0158604,22.01533494
07-09-2025 22:13,28.5210053,173.9880146,98.2722971,24.326899
07-09-2025 22:14,28.10296231,115.7584222,25.16277586,25.62914826
07-09-2025 22:15,18.20964373,158.2788638,80.76738093,55.02051687
07-09-2025 22:16,29.8376402,186.9909246,50.60442164,68.34865136
07-09-2025 22:17,24.97814443,130.5857229,92.09245226,28.75230262
07-09-2025 22:18,15.64663278,98.15557421,64.87979338,35.29629048
07-09-2025 22:19,17.6182456,168.2485458,87.34450268,46.46866275
07-09-2025 22:20,26.07627216,178.5914154,46.29991248,72.53754522
07-09-2025 22:21,25.85792792,55.66113962,10.43418564,44.31905355
07-09-2025 22:22,20.3646082,110.4696025,82.80319801,37.75488243
07-09-2025 22:23,24.68394413,110.6605774,42.7809311,64.4176471
07-09-2025 22:24,29.99963234,143.2177041,17.2773909,28.09813595
07-09-2025 22:25,24.19855292,105.5658369,42.0043372,34.72071523
07-09-2025 22:26,20.77059164,61.79541803,85.2144503,49.78169274
07-09-2025 22:27,26.82520389,62.86910909,88.41654094,69.03318162
07-09-2025 22:28,29.55286602,75.22628919,44.3242696,77.55463475
07-09-2025 22:29,12.41049662,169.9365554,19.89516178,24.00229489
07-09-2025 22:30,27.43954448,178.1169817,15.55959079,58.72958076
07-09-2025 22:31,27.02235413,194.5310347,38.76248526,50.02403319
07-09-2025 22:32,20.13488481,110.137757,39.02064964,76.26914581
07-09-2025 22:33,24.80113175,135.66476,77.71630019,68.32515368
07-09-2025 22:34,25.82364345,88.33085807,62.77058784,31.07919728
07-09-2025 22:35,25.96518851,67.06048819,63.76478458,67.12142956
07-09-2025 22:36,31.68282306,125.8790759,81.22147415,59.81011987
07-09-2025 22:37,22.3043902,104.9061829,96.2389615,58.70239514
07-09-2025 22:38,31.89900379,64.33613284,82.00792352,41.53409114
07-09-2025 22:39,31.76150106,141.0991638,98.42601814,29.12731897
